donor_country,financial_year,total_fc_inr,total_fc_original,original_unit,source_document,source_url,table_ref,retrieved_date,notes
United States of America,2016-17,58693151335.53,"58,69,31,51,335.53",rupee,"Rajya Sabha Starred Question No. 304, 'Foreign Funds Received by NGOs', answered 24.03.2021 (MoS Home, Shri Nityanand Rai)",https://www.scribd.com/document/500156210/Foreign-Contribution-List-MHA,"Annexure-II: Country of Donors Foreign Contribution (in Rupees), Year: 2016-17",2026-09-23,"Excludes donor details < Rs 20,000 per Form FC-4. Scribd copy of the official annexure. Annexure-I: state-wise FC received in Rupees. Annexure-II: donor-country-wise FC in Rupees (excludes donor details < Rs 20,000 per FC-4). 2019-20 tables are PARTIAL: ARs filed as on 16.03.2021; filing deadline extended to 30.06.2021."
India,2016-17,24861872939.04,"24,86,18,72,939.04",rupee,"Rajya Sabha Starred Question No. 304, 'Foreign Funds Received by NGOs', answered 24.03.2021 (MoS Home, Shri Nityanand Rai)",https://www.scribd.com/document/500156210/Foreign-Contribution-List-MHA,"Annexure-II: Country of Donors Foreign Contribution (in Rupees), Year: 2016-17",2026-09-23,"Excludes donor details < Rs 20,000 per Form FC-4. Scribd copy of the official annexure. Annexure-I: state-wise FC received in Rupees. Annexure-II: donor-country-wise FC in Rupees (excludes donor details < Rs 20,000 per FC-4). 2019-20 tables are PARTIAL: ARs filed as on 16.03.2021; filing deadline extended to 30.06.2021."
United Kingdom,2016-17,14784285251.25,"14,78,42,85,251.25",rupee,"Rajya Sabha Starred Question No. 304, 'Foreign Funds Received by NGOs', answered 24.03.2021 (MoS Home, Shri Nityanand Rai)",https://www.scribd.com/document/500156210/Foreign-Contribution-List-MHA,"Annexure-II: Country of Donors Foreign Contribution (in Rupees), Year: 2016-17",2026-09-23,"Excludes donor details < Rs 20,000 per Form FC-4. Scribd copy of the official annexure. Annexure-I: state-wise FC received in Rupees. Annexure-II: donor-country-wise FC in Rupees (excludes donor details < Rs 20,000 per FC-4). 2019-20 tables are PARTIAL: ARs filed as on 16.03.2021; filing deadline extended to 30.06.2021."
Germany,2016-17,12939902689.87,"12,93,99,02,689.87",rupee,"Rajya Sabha Starred Question No. 304, 'Foreign Funds Received by NGOs', answered 24.03.2021 (MoS Home, Shri Nityanand Rai)",https://www.scribd.com/document/500156210/Foreign-Contribution-List-MHA,"Annexure-II: Country of Donors Foreign Contribution (in Rupees), Year: 2016-17",2026-09-23,"Excludes donor details < Rs 20,000 per Form FC-4. Scribd copy of the official annexure. Annexure-I: state-wise FC received in Rupees. Annexure-II: donor-country-wise FC in Rupees (excludes donor details < Rs 20,000 per FC-4). 2019-20 tables are PARTIAL: ARs filed as on 16.03.2021; filing deadline extended to 30.06.2021."
Switzerland,2016-17,4814622000.89,"4,81,46,22,000.89",rupee,"Rajya Sabha Starred Question No. 304, 'Foreign Funds Received by NGOs', answered 24.03.2021 (MoS Home, Shri Nityanand Rai)",https://www.scribd.com/document/500156210/Foreign-Contribution-List-MHA,"Annexure-II: Country of Donors Foreign Contribution (in Rupees), Year: 2016-17",2026-09-23,"Excludes donor details < Rs 20,000 per Form FC-4. Scribd copy of the official annexure. Annexure-I: state-wise FC received in Rupees. Annexure-II: donor-country-wise FC in Rupees (excludes donor details < Rs 20,000 per FC-4). 2019-20 tables are PARTIAL: ARs filed as on 16.03.2021; filing deadline extended to 30.06.2021."
Italy,2016-17,4603543601.09,"4,60,35,43,601.09",rupee,"Rajya Sabha Starred Question No. 304, 'Foreign Funds Received by NGOs', answered 24.03.2021 (MoS Home, Shri Nityanand Rai)",https://www.scribd.com/document/500156210/Foreign-Contribution-List-MHA,"Annexure-II: Country of Donors Foreign Contribution (in Rupees), Year: 2016-17",2026-09-23,"Excludes donor details < Rs 20,000 per Form FC-4. Scribd copy of the official annexure. Annexure-I: state-wise FC received in Rupees. Annexure-II: donor-country-wise FC in Rupees (excludes donor details < Rs 20,000 per FC-4). 2019-20 tables are PARTIAL: ARs filed as on 16.03.2021; filing deadline extended to 30.06.2021."
Spain,2016-17,3758892093.78,"3,75,88,92,093.78",rupee,"Rajya Sabha Starred Question No. 304, 'Foreign Funds Received by NGOs', answered 24.03.2021 (MoS Home, Shri Nityanand Rai)",https://www.scribd.com/document/500156210/Foreign-Contribution-List-MHA,"Annexure-II: Country of Donors Foreign Contribution (in Rupees), Year: 2016-17",2026-09-23,"Excludes donor details < Rs 20,000 per Form FC-4. Scribd copy of the official annexure. Annexure-I: state-wise FC received in Rupees. Annexure-II: donor-country-wise FC in Rupees (excludes donor details < Rs 20,000 per FC-4). 2019-20 tables are PARTIAL: ARs filed as on 16.03.2021; filing deadline extended to 30.06.2021."
Netherlands,2016-17,3734639702.86,"3,73,46,39,702.86",rupee,"Rajya Sabha Starred Question No. 304, 'Foreign Funds Received by NGOs', answered 24.03.2021 (MoS Home, Shri Nityanand Rai)",https://www.scribd.com/document/500156210/Foreign-Contribution-List-MHA,"Annexure-II: Country of Donors Foreign Contribution (in Rupees), Year: 2016-17",2026-09-23,"Excludes donor details < Rs 20,000 per Form FC-4. Scribd copy of the official annexure. Annexure-I: state-wise FC received in Rupees. Annexure-II: donor-country-wise FC in Rupees (excludes donor details < Rs 20,000 per FC-4). 2019-20 tables are PARTIAL: ARs filed as on 16.03.2021; filing deadline extended to 30.06.2021."
Canada,2016-17,3734078109.03,"3,73,40,78,109.03",rupee,"Rajya Sabha Starred Question No. 304, 'Foreign Funds Received by NGOs', answered 24.03.2021 (MoS Home, Shri Nityanand Rai)",https://www.scribd.com/document/500156210/Foreign-Contribution-List-MHA,"Annexure-II: Country of Donors Foreign Contribution (in Rupees), Year: 2016-17",2026-09-23,"Excludes donor details < Rs 20,000 per Form FC-4. Scribd copy of the official annexure. Annexure-I: state-wise FC received in Rupees. Annexure-II: donor-country-wise FC in Rupees (excludes donor details < Rs 20,000 per FC-4). 2019-20 tables are PARTIAL: ARs filed as on 16.03.2021; filing deadline extended to 30.06.2021."
United Arab Emirates,2016-17,2138969238.90,"2,13,89,69,238.90",rupee,"Rajya Sabha Starred Question No. 304, 'Foreign Funds Received by NGOs', answered 24.03.2021 (MoS Home, Shri Nityanand Rai)",https://www.scribd.com/document/500156210/Foreign-Contribution-List-MHA,"Annexure-II: Country of Donors Foreign Contribution (in Rupees), Year: 2016-17",2026-09-23,"Excludes donor details < Rs 20,000 per Form FC-4. Scribd copy of the official annexure. Annexure-I: state-wise FC received in Rupees. Annexure-II: donor-country-wise FC in Rupees (excludes donor details < Rs 20,000 per FC-4). 2019-20 tables are PARTIAL: ARs filed as on 16.03.2021; filing deadline extended to 30.06.2021."
Australia,2016-17,2117804468.60,"2,11,78,04,468.60",rupee,"Rajya Sabha Starred Question No. 304, 'Foreign Funds Received by NGOs', answered 24.03.2021 (MoS Home, Shri Nityanand Rai)",https://www.scribd.com/document/500156210/Foreign-Contribution-List-MHA,"Annexure-II: Country of Donors Foreign Contribution (in Rupees), Year: 2016-17",2026-09-23,"Excludes donor details < Rs 20,000 per Form FC-4. Scribd copy of the official annexure. Annexure-I: state-wise FC received in Rupees. Annexure-II: donor-country-wise FC in Rupees (excludes donor details < Rs 20,000 per FC-4). 2019-20 tables are PARTIAL: ARs filed as on 16.03.2021; filing deadline extended to 30.06.2021."
France,2016-17,1926991255.05,"1,92,69,91,255.05",rupee,"Rajya Sabha Starred Question No. 304, 'Foreign Funds Received by NGOs', answered 24.03.2021 (MoS Home, Shri Nityanand Rai)",https://www.scribd.com/document/500156210/Foreign-Contribution-List-MHA,"Annexure-II: Country of Donors Foreign Contribution (in Rupees), Year: 2016-17",2026-09-23,"Excludes donor details < Rs 20,000 per Form FC-4. Scribd copy of the official annexure. Annexure-I: state-wise FC received in Rupees. Annexure-II: donor-country-wise FC in Rupees (excludes donor details < Rs 20,000 per FC-4). 2019-20 tables are PARTIAL: ARs filed as on 16.03.2021; filing deadline extended to 30.06.2021."
Austria,2016-17,1371735859.76,"1,37,17,35,859.76",rupee,"Rajya Sabha Starred Question No. 304, 'Foreign Funds Received by NGOs', answered 24.03.2021 (MoS Home, Shri Nityanand Rai)",https://www.scribd.com/document/500156210/Foreign-Contribution-List-MHA,"Annexure-II: Country of Donors Foreign Contribution (in Rupees), Year: 2016-17",2026-09-23,"Excludes donor details < Rs 20,000 per Form FC-4. Scribd copy of the official annexure. Annexure-I: state-wise FC received in Rupees. Annexure-II: donor-country-wise FC in Rupees (excludes donor details < Rs 20,000 per FC-4). 2019-20 tables are PARTIAL: ARs filed as on 16.03.2021; filing deadline extended to 30.06.2021."
Belgium,2016-17,1020599654.43,"1,02,05,99,654.43",rupee,"Rajya Sabha Starred Question No. 304, 'Foreign Funds Received by NGOs', answered 24.03.2021 (MoS Home, Shri Nityanand Rai)",https://www.scribd.com/document/500156210/Foreign-Contribution-List-MHA,"Annexure-II: Country of Donors Foreign Contribution (in Rupees), Year: 2016-17",2026-09-23,"Excludes donor details < Rs 20,000 per Form FC-4. Scribd copy of the official annexure. Annexure-I: state-wise FC received in Rupees. Annexure-II: donor-country-wise FC in Rupees (excludes donor details < Rs 20,000 per FC-4). 2019-20 tables are PARTIAL: ARs filed as on 16.03.2021; filing deadline extended to 30.06.2021."
Hong Kong,2016-17,931125850.46,"93,11,25,850.46",rupee,"Rajya Sabha Starred Question No. 304, 'Foreign Funds Received by NGOs', answered 24.03.2021 (MoS Home, Shri Nityanand Rai)",https://www.scribd.com/document/500156210/Foreign-Contribution-List-MHA,"Annexure-II: Country of Donors Foreign Contribution (in Rupees), Year: 2016-17",2026-09-23,"Excludes donor details < Rs 20,000 per Form FC-4. Scribd copy of the official annexure. Annexure-I: state-wise FC received in Rupees. Annexure-II: donor-country-wise FC in Rupees (excludes donor details < Rs 20,000 per FC-4). 2019-20 tables are PARTIAL: ARs filed as on 16.03.2021; filing deadline extended to 30.06.2021."
Sweden,2016-17,885334225.13,"88,53,34,225.13",rupee,"Rajya Sabha Starred Question No. 304, 'Foreign Funds Received by NGOs', answered 24.03.2021 (MoS Home, Shri Nityanand Rai)",https://www.scribd.com/document/500156210/Foreign-Contribution-List-MHA,"Annexure-II: Country of Donors Foreign Contribution (in Rupees), Year: 2016-17",2026-09-23,"Excludes donor details < Rs 20,000 per Form FC-4. Scribd copy of the official annexure. Annexure-I: state-wise FC received in Rupees. Annexure-II: donor-country-wise FC in Rupees (excludes donor details < Rs 20,000 per FC-4). 2019-20 tables are PARTIAL: ARs filed as on 16.03.2021; filing deadline extended to 30.06.2021."
Singapore,2016-17,853508976.39,"85,35,08,976.39",rupee,"Rajya Sabha Starred Question No. 304, 'Foreign Funds Received by NGOs', answered 24.03.2021 (MoS Home, Shri Nityanand Rai)",https://www.scribd.com/document/500156210/Foreign-Contribution-List-MHA,"Annexure-II: Country of Donors Foreign Contribution (in Rupees), Year: 2016-17",2026-09-23,"Excludes donor details < Rs 20,000 per Form FC-4. Scribd copy of the official annexure. Annexure-I: state-wise FC received in Rupees. Annexure-II: donor-country-wise FC in Rupees (excludes donor details < Rs 20,000 per FC-4). 2019-20 tables are PARTIAL: ARs filed as on 16.03.2021; filing deadline extended to 30.06.2021."
Kuwait,2016-17,733640123.84,"73,36,40,123.84",rupee,"Rajya Sabha Starred Question No. 304, 'Foreign Funds Received by NGOs', answered 24.03.2021 (MoS Home, Shri Nityanand Rai)",https://www.scribd.com/document/500156210/Foreign-Contribution-List-MHA,"Annexure-II: Country of Donors Foreign Contribution (in Rupees), Year: 2016-17",2026-09-23,"Excludes donor details < Rs 20,000 per Form FC-4. Scribd copy of the official annexure. Annexure-I: state-wise FC received in Rupees. Annexure-II: donor-country-wise FC in Rupees (excludes donor details < Rs 20,000 per FC-4). 2019-20 tables are PARTIAL: ARs filed as on 16.03.2021; filing deadline extended to 30.06.2021."
Norway,2016-17,617523002.35,"61,75,23,002.35",rupee,"Rajya Sabha Starred Question No. 304, 'Foreign Funds Received by NGOs', answered 24.03.2021 (MoS Home, Shri Nityanand Rai)",https://www.scribd.com/document/500156210/Foreign-Contribution-List-MHA,"Annexure-II: Country of Donors Foreign Contribution (in Rupees), Year: 2016-17",2026-09-23,"Excludes donor details < Rs 20,000 per Form FC-4. Scribd copy of the official annexure. Annexure-I: state-wise FC received in Rupees. Annexure-II: donor-country-wise FC in Rupees (excludes donor details < Rs 20,000 per FC-4). 2019-20 tables are PARTIAL: ARs filed as on 16.03.2021; filing deadline extended to 30.06.2021."
Japan,2016-17,546170240.58,"54,61,70,240.58",rupee,"Rajya Sabha Starred Question No. 304, 'Foreign Funds Received by NGOs', answered 24.03.2021 (MoS Home, Shri Nityanand Rai)",https://www.scribd.com/document/500156210/Foreign-Contribution-List-MHA,"Annexure-II: Country of Donors Foreign Contribution (in Rupees), Year: 2016-17",2026-09-23,"Excludes donor details < Rs 20,000 per Form FC-4. Scribd copy of the official annexure. Annexure-I: state-wise FC received in Rupees. Annexure-II: donor-country-wise FC in Rupees (excludes donor details < Rs 20,000 per FC-4). 2019-20 tables are PARTIAL: ARs filed as on 16.03.2021; filing deadline extended to 30.06.2021."
Liechtenstein,2016-17,484940552.64,"48,49,40,552.64",rupee,"Rajya Sabha Starred Question No. 304, 'Foreign Funds Received by NGOs', answered 24.03.2021 (MoS Home, Shri Nityanand Rai)",https://www.scribd.com/document/500156210/Foreign-Contribution-List-MHA,"Annexure-II: Country of Donors Foreign Contribution (in Rupees), Year: 2016-17",2026-09-23,"Excludes donor details < Rs 20,000 per Form FC-4. Scribd copy of the official annexure. Annexure-I: state-wise FC received in Rupees. Annexure-II: donor-country-wise FC in Rupees (excludes donor details < Rs 20,000 per FC-4). 2019-20 tables are PARTIAL: ARs filed as on 16.03.2021; filing deadline extended to 30.06.2021."
Ireland,2016-17,453881941.27,"45,38,81,941.27",rupee,"Rajya Sabha Starred Question No. 304, 'Foreign Funds Received by NGOs', answered 24.03.2021 (MoS Home, Shri Nityanand Rai)",https://www.scribd.com/document/500156210/Foreign-Contribution-List-MHA,"Annexure-II: Country of Donors Foreign Contribution (in Rupees), Year: 2016-17",2026-09-23,"Excludes donor details < Rs 20,000 per Form FC-4. Scribd copy of the official annexure. Annexure-I: state-wise FC received in Rupees. Annexure-II: donor-country-wise FC in Rupees (excludes donor details < Rs 20,000 per FC-4). 2019-20 tables are PARTIAL: ARs filed as on 16.03.2021; filing deadline extended to 30.06.2021."
Qatar,2016-17,433855158.49,"43,38,55,158.49",rupee,"Rajya Sabha Starred Question No. 304, 'Foreign Funds Received by NGOs', answered 24.03.2021 (MoS Home, Shri Nityanand Rai)",https://www.scribd.com/document/500156210/Foreign-Contribution-List-MHA,"Annexure-II: Country of Donors Foreign Contribution (in Rupees), Year: 2016-17",2026-09-23,"Excludes donor details < Rs 20,000 per Form FC-4. Scribd copy of the official annexure. Annexure-I: state-wise FC received in Rupees. Annexure-II: donor-country-wise FC in Rupees (excludes donor details < Rs 20,000 per FC-4). 2019-20 tables are PARTIAL: ARs filed as on 16.03.2021; filing deadline extended to 30.06.2021."
New Zealand,2016-17,391301106.09,"39,13,01,106.09",rupee,"Rajya Sabha Starred Question No. 304, 'Foreign Funds Received by NGOs', answered 24.03.2021 (MoS Home, Shri Nityanand Rai)",https://www.scribd.com/document/500156210/Foreign-Contribution-List-MHA,"Annexure-II: Country of Donors Foreign Contribution (in Rupees), Year: 2016-17",2026-09-23,"Excludes donor details < Rs 20,000 per Form FC-4. Scribd copy of the official annexure. Annexure-I: state-wise FC received in Rupees. Annexure-II: donor-country-wise FC in Rupees (excludes donor details < Rs 20,000 per FC-4). 2019-20 tables are PARTIAL: ARs filed as on 16.03.2021; filing deadline extended to 30.06.2021."
Denmark,2016-17,375584264.65,"37,55,84,264.65",rupee,"Rajya Sabha Starred Question No. 304, 'Foreign Funds Received by NGOs', answered 24.03.2021 (MoS Home, Shri Nityanand Rai)",https://www.scribd.com/document/500156210/Foreign-Contribution-List-MHA,"Annexure-II: Country of Donors Foreign Contribution (in Rupees), Year: 2016-17",2026-09-23,"Excludes donor details < Rs 20,000 per Form FC-4. Scribd copy of the official annexure. Annexure-I: state-wise FC received in Rupees. Annexure-II: donor-country-wise FC in Rupees (excludes donor details < Rs 20,000 per FC-4). 2019-20 tables are PARTIAL: ARs filed as on 16.03.2021; filing deadline extended to 30.06.2021."
Philippines,2016-17,293983817.76,"29,39,83,817.76",rupee,"Rajya Sabha Starred Question No. 304, 'Foreign Funds Received by NGOs', answered 24.03.2021 (MoS Home, Shri Nityanand Rai)",https://www.scribd.com/document/500156210/Foreign-Contribution-List-MHA,"Annexure-II: Country of Donors Foreign Contribution (in Rupees), Year: 2016-17",2026-09-23,"Excludes donor details < Rs 20,000 per Form FC-4. Scribd copy of the official annexure. Annexure-I: state-wise FC received in Rupees. Annexure-II: donor-country-wise FC in Rupees (excludes donor details < Rs 20,000 per FC-4). 2019-20 tables are PARTIAL: ARs filed as on 16.03.2021; filing deadline extended to 30.06.2021."
South Korea,2016-17,287675183.55,"28,76,75,183.55",rupee,"Rajya Sabha Starred Question No. 304, 'Foreign Funds Received by NGOs', answered 24.03.2021 (MoS Home, Shri Nityanand Rai)",https://www.scribd.com/document/500156210/Foreign-Contribution-List-MHA,"Annexure-II: Country of Donors Foreign Contribution (in Rupees), Year: 2016-17",2026-09-23,"Excludes donor details < Rs 20,000 per Form FC-4. Scribd copy of the official annexure. Annexure-I: state-wise FC received in Rupees. Annexure-II: donor-country-wise FC in Rupees (excludes donor details < Rs 20,000 per FC-4). 2019-20 tables are PARTIAL: ARs filed as on 16.03.2021; filing deadline extended to 30.06.2021."
Taiwan,2016-17,274762679.73,"27,47,62,679.73",rupee,"Rajya Sabha Starred Question No. 304, 'Foreign Funds Received by NGOs', answered 24.03.2021 (MoS Home, Shri Nityanand Rai)",https://www.scribd.com/document/500156210/Foreign-Contribution-List-MHA,"Annexure-II: Country of Donors Foreign Contribution (in Rupees), Year: 2016-17",2026-09-23,"Excludes donor details < Rs 20,000 per Form FC-4. Scribd copy of the official annexure. Annexure-I: state-wise FC received in Rupees. Annexure-II: donor-country-wise FC in Rupees (excludes donor details < Rs 20,000 per FC-4). 2019-20 tables are PARTIAL: ARs filed as on 16.03.2021; filing deadline extended to 30.06.2021."
Finland,2016-17,248720343.37,"24,87,20,343.37",rupee,"Rajya Sabha Starred Question No. 304, 'Foreign Funds Received by NGOs', answered 24.03.2021 (MoS Home, Shri Nityanand Rai)",https://www.scribd.com/document/500156210/Foreign-Contribution-List-MHA,"Annexure-II: Country of Donors Foreign Contribution (in Rupees), Year: 2016-17",2026-09-23,"Excludes donor details < Rs 20,000 per Form FC-4. Scribd copy of the official annexure. Annexure-I: state-wise FC received in Rupees. Annexure-II: donor-country-wise FC in Rupees (excludes donor details < Rs 20,000 per FC-4). 2019-20 tables are PARTIAL: ARs filed as on 16.03.2021; filing deadline extended to 30.06.2021."
South Africa,2016-17,229233378.06,"22,92,33,378.06",rupee,"Rajya Sabha Starred Question No. 304, 'Foreign Funds Received by NGOs', answered 24.03.2021 (MoS Home, Shri Nityanand Rai)",https://www.scribd.com/document/500156210/Foreign-Contribution-List-MHA,"Annexure-II: Country of Donors Foreign Contribution (in Rupees), Year: 2016-17",2026-09-23,"Excludes donor details < Rs 20,000 per Form FC-4. Scribd copy of the official annexure. Annexure-I: state-wise FC received in Rupees. Annexure-II: donor-country-wise FC in Rupees (excludes donor details < Rs 20,000 per FC-4). 2019-20 tables are PARTIAL: ARs filed as on 16.03.2021; filing deadline extended to 30.06.2021."
Luxembourg,2016-17,193770196.48,"19,37,70,196.48",rupee,"Rajya Sabha Starred Question No. 304, 'Foreign Funds Received by NGOs', answered 24.03.2021 (MoS Home, Shri Nityanand Rai)",https://www.scribd.com/document/500156210/Foreign-Contribution-List-MHA,"Annexure-II: Country of Donors Foreign Contribution (in Rupees), Year: 2016-17",2026-09-23,"Excludes donor details < Rs 20,000 per Form FC-4. Scribd copy of the official annexure. Annexure-I: state-wise FC received in Rupees. Annexure-II: donor-country-wise FC in Rupees (excludes donor details < Rs 20,000 per FC-4). 2019-20 tables are PARTIAL: ARs filed as on 16.03.2021; filing deadline extended to 30.06.2021."
Swaziland,2016-17,167765523.53,"16,77,65,523.53",rupee,"Rajya Sabha Starred Question No. 304, 'Foreign Funds Received by NGOs', answered 24.03.2021 (MoS Home, Shri Nityanand Rai)",https://www.scribd.com/document/500156210/Foreign-Contribution-List-MHA,"Annexure-II: Country of Donors Foreign Contribution (in Rupees), Year: 2016-17",2026-09-23,"Excludes donor details < Rs 20,000 per Form FC-4. Scribd copy of the official annexure. Annexure-I: state-wise FC received in Rupees. Annexure-II: donor-country-wise FC in Rupees (excludes donor details < Rs 20,000 per FC-4). 2019-20 tables are PARTIAL: ARs filed as on 16.03.2021; filing deadline extended to 30.06.2021."
Malaysia,2016-17,139023383.40,"13,90,23,383.40",rupee,"Rajya Sabha Starred Question No. 304, 'Foreign Funds Received by NGOs', answered 24.03.2021 (MoS Home, Shri Nityanand Rai)",https://www.scribd.com/document/500156210/Foreign-Contribution-List-MHA,"Annexure-II: Country of Donors Foreign Contribution (in Rupees), Year: 2016-17",2026-09-23,"Excludes donor details < Rs 20,000 per Form FC-4. Scribd copy of the official annexure. Annexure-I: state-wise FC received in Rupees. Annexure-II: donor-country-wise FC in Rupees (excludes donor details < Rs 20,000 per FC-4). 2019-20 tables are PARTIAL: ARs filed as on 16.03.2021; filing deadline extended to 30.06.2021."
Czech Republic,2016-17,118980182.85,"11,89,80,182.85",rupee,"Rajya Sabha Starred Question No. 304, 'Foreign Funds Received by NGOs', answered 24.03.2021 (MoS Home, Shri Nityanand Rai)",https://www.scribd.com/document/500156210/Foreign-Contribution-List-MHA,"Annexure-II: Country of Donors Foreign Contribution (in Rupees), Year: 2016-17",2026-09-23,"Excludes donor details < Rs 20,000 per Form FC-4. Scribd copy of the official annexure. Annexure-I: state-wise FC received in Rupees. Annexure-II: donor-country-wise FC in Rupees (excludes donor details < Rs 20,000 per FC-4). 2019-20 tables are PARTIAL: ARs filed as on 16.03.2021; filing deadline extended to 30.06.2021."
Thailand,2016-17,110071545.90,"11,00,71,545.90",rupee,"Rajya Sabha Starred Question No. 304, 'Foreign Funds Received by NGOs', answered 24.03.2021 (MoS Home, Shri Nityanand Rai)",https://www.scribd.com/document/500156210/Foreign-Contribution-List-MHA,"Annexure-II: Country of Donors Foreign Contribution (in Rupees), Year: 2016-17",2026-09-23,"Excludes donor details < Rs 20,000 per Form FC-4. Scribd copy of the official annexure. Annexure-I: state-wise FC received in Rupees. Annexure-II: donor-country-wise FC in Rupees (excludes donor details < Rs 20,000 per FC-4). 2019-20 tables are PARTIAL: ARs filed as on 16.03.2021; filing deadline extended to 30.06.2021."
Indonesia,2016-17,103048287.85,"10,30,48,287.85",rupee,"Rajya Sabha Starred Question No. 304, 'Foreign Funds Received by NGOs', answered 24.03.2021 (MoS Home, Shri Nityanand Rai)",https://www.scribd.com/document/500156210/Foreign-Contribution-List-MHA,"Annexure-II: Country of Donors Foreign Contribution (in Rupees), Year: 2016-17",2026-09-23,"Excludes donor details < Rs 20,000 per Form FC-4. Scribd copy of the official annexure. Annexure-I: state-wise FC received in Rupees. Annexure-II: donor-country-wise FC in Rupees (excludes donor details < Rs 20,000 per FC-4). 2019-20 tables are PARTIAL: ARs filed as on 16.03.2021; filing deadline extended to 30.06.2021."
Nepal,2016-17,97198957.34,"9,71,98,957.34",rupee,"Rajya Sabha Starred Question No. 304, 'Foreign Funds Received by NGOs', answered 24.03.2021 (MoS Home, Shri Nityanand Rai)",https://www.scribd.com/document/500156210/Foreign-Contribution-List-MHA,"Annexure-II: Country of Donors Foreign Contribution (in Rupees), Year: 2016-17",2026-09-23,"Excludes donor details < Rs 20,000 per Form FC-4. Scribd copy of the official annexure. Annexure-I: state-wise FC received in Rupees. Annexure-II: donor-country-wise FC in Rupees (excludes donor details < Rs 20,000 per FC-4). 2019-20 tables are PARTIAL: ARs filed as on 16.03.2021; filing deadline extended to 30.06.2021."
Saudi Arabia,2016-17,95791069.10,"9,57,91,069.10",rupee,"Rajya Sabha Starred Question No. 304, 'Foreign Funds Received by NGOs', answered 24.03.2021 (MoS Home, Shri Nityanand Rai)",https://www.scribd.com/document/500156210/Foreign-Contribution-List-MHA,"Annexure-II: Country of Donors Foreign Contribution (in Rupees), Year: 2016-17",2026-09-23,"Excludes donor details < Rs 20,000 per Form FC-4. Scribd copy of the official annexure. Annexure-I: state-wise FC received in Rupees. Annexure-II: donor-country-wise FC in Rupees (excludes donor details < Rs 20,000 per FC-4). 2019-20 tables are PARTIAL: ARs filed as on 16.03.2021; filing deadline extended to 30.06.2021."
Panama,2016-17,76571449.63,"7,65,71,449.63",rupee,"Rajya Sabha Starred Question No. 304, 'Foreign Funds Received by NGOs', answered 24.03.2021 (MoS Home, Shri Nityanand Rai)",https://www.scribd.com/document/500156210/Foreign-Contribution-List-MHA,"Annexure-II: Country of Donors Foreign Contribution (in Rupees), Year: 2016-17",2026-09-23,"Excludes donor details < Rs 20,000 per Form FC-4. Scribd copy of the official annexure. Annexure-I: state-wise FC received in Rupees. Annexure-II: donor-country-wise FC in Rupees (excludes donor details < Rs 20,000 per FC-4). 2019-20 tables are PARTIAL: ARs filed as on 16.03.2021; filing deadline extended to 30.06.2021."
Morocco,2016-17,70680991.12,"7,06,80,991.12",rupee,"Rajya Sabha Starred Question No. 304, 'Foreign Funds Received by NGOs', answered 24.03.2021 (MoS Home, Shri Nityanand Rai)",https://www.scribd.com/document/500156210/Foreign-Contribution-List-MHA,"Annexure-II: Country of Donors Foreign Contribution (in Rupees), Year: 2016-17",2026-09-23,"Excludes donor details < Rs 20,000 per Form FC-4. Scribd copy of the official annexure. Annexure-I: state-wise FC received in Rupees. Annexure-II: donor-country-wise FC in Rupees (excludes donor details < Rs 20,000 per FC-4). 2019-20 tables are PARTIAL: ARs filed as on 16.03.2021; filing deadline extended to 30.06.2021."
Monaco,2016-17,68519867.69,"6,85,19,867.69",rupee,"Rajya Sabha Starred Question No. 304, 'Foreign Funds Received by NGOs', answered 24.03.2021 (MoS Home, Shri Nityanand Rai)",https://www.scribd.com/document/500156210/Foreign-Contribution-List-MHA,"Annexure-II: Country of Donors Foreign Contribution (in Rupees), Year: 2016-17",2026-09-23,"Excludes donor details < Rs 20,000 per Form FC-4. Scribd copy of the official annexure. Annexure-I: state-wise FC received in Rupees. Annexure-II: donor-country-wise FC in Rupees (excludes donor details < Rs 20,000 per FC-4). 2019-20 tables are PARTIAL: ARs filed as on 16.03.2021; filing deadline extended to 30.06.2021."
Mauritius,2016-17,66447624.20,"6,64,47,624.20",rupee,"Rajya Sabha Starred Question No. 304, 'Foreign Funds Received by NGOs', answered 24.03.2021 (MoS Home, Shri Nityanand Rai)",https://www.scribd.com/document/500156210/Foreign-Contribution-List-MHA,"Annexure-II: Country of Donors Foreign Contribution (in Rupees), Year: 2016-17",2026-09-23,"Excludes donor details < Rs 20,000 per Form FC-4. Scribd copy of the official annexure. Annexure-I: state-wise FC received in Rupees. Annexure-II: donor-country-wise FC in Rupees (excludes donor details < Rs 20,000 per FC-4). 2019-20 tables are PARTIAL: ARs filed as on 16.03.2021; filing deadline extended to 30.06.2021."
China,2016-17,58644605.78,"5,86,44,605.78",rupee,"Rajya Sabha Starred Question No. 304, 'Foreign Funds Received by NGOs', answered 24.03.2021 (MoS Home, Shri Nityanand Rai)",https://www.scribd.com/document/500156210/Foreign-Contribution-List-MHA,"Annexure-II: Country of Donors Foreign Contribution (in Rupees), Year: 2016-17",2026-09-23,"Excludes donor details < Rs 20,000 per Form FC-4. Scribd copy of the official annexure. Annexure-I: state-wise FC received in Rupees. Annexure-II: donor-country-wise FC in Rupees (excludes donor details < Rs 20,000 per FC-4). 2019-20 tables are PARTIAL: ARs filed as on 16.03.2021; filing deadline extended to 30.06.2021."
Turkey,2016-17,57461810.91,"5,74,61,810.91",rupee,"Rajya Sabha Starred Question No. 304, 'Foreign Funds Received by NGOs', answered 24.03.2021 (MoS Home, Shri Nityanand Rai)",https://www.scribd.com/document/500156210/Foreign-Contribution-List-MHA,"Annexure-II: Country of Donors Foreign Contribution (in Rupees), Year: 2016-17",2026-09-23,"Excludes donor details < Rs 20,000 per Form FC-4. Scribd copy of the official annexure. Annexure-I: state-wise FC received in Rupees. Annexure-II: donor-country-wise FC in Rupees (excludes donor details < Rs 20,000 per FC-4). 2019-20 tables are PARTIAL: ARs filed as on 16.03.2021; filing deadline extended to 30.06.2021."
Sri Lanka,2016-17,46903871.25,"4,69,03,871.25",rupee,"Rajya Sabha Starred Question No. 304, 'Foreign Funds Received by NGOs', answered 24.03.2021 (MoS Home, Shri Nityanand Rai)",https://www.scribd.com/document/500156210/Foreign-Contribution-List-MHA,"Annexure-II: Country of Donors Foreign Contribution (in Rupees), Year: 2016-17",2026-09-23,"Excludes donor details < Rs 20,000 per Form FC-4. Scribd copy of the official annexure. Annexure-I: state-wise FC received in Rupees. Annexure-II: donor-country-wise FC in Rupees (excludes donor details < Rs 20,000 per FC-4). 2019-20 tables are PARTIAL: ARs filed as on 16.03.2021; filing deadline extended to 30.06.2021."
Oman,2016-17,44467587.53,"4,44,67,587.53",rupee,"Rajya Sabha Starred Question No. 304, 'Foreign Funds Received by NGOs', answered 24.03.2021 (MoS Home, Shri Nityanand Rai)",https://www.scribd.com/document/500156210/Foreign-Contribution-List-MHA,"Annexure-II: Country of Donors Foreign Contribution (in Rupees), Year: 2016-17",2026-09-23,"Excludes donor details < Rs 20,000 per Form FC-4. Scribd copy of the official annexure. Annexure-I: state-wise FC received in Rupees. Annexure-II: donor-country-wise FC in Rupees (excludes donor details < Rs 20,000 per FC-4). 2019-20 tables are PARTIAL: ARs filed as on 16.03.2021; filing deadline extended to 30.06.2021."
Bahamas,2016-17,44121237.90,"4,41,21,237.90",rupee,"Rajya Sabha Starred Question No. 304, 'Foreign Funds Received by NGOs', answered 24.03.2021 (MoS Home, Shri Nityanand Rai)",https://www.scribd.com/document/500156210/Foreign-Contribution-List-MHA,"Annexure-II: Country of Donors Foreign Contribution (in Rupees), Year: 2016-17",2026-09-23,"Excludes donor details < Rs 20,000 per Form FC-4. Scribd copy of the official annexure. Annexure-I: state-wise FC received in Rupees. Annexure-II: donor-country-wise FC in Rupees (excludes donor details < Rs 20,000 per FC-4). 2019-20 tables are PARTIAL: ARs filed as on 16.03.2021; filing deadline extended to 30.06.2021."
Kenya,2016-17,40252750.29,"4,02,52,750.29",rupee,"Rajya Sabha Starred Question No. 304, 'Foreign Funds Received by NGOs', answered 24.03.2021 (MoS Home, Shri Nityanand Rai)",https://www.scribd.com/document/500156210/Foreign-Contribution-List-MHA,"Annexure-II: Country of Donors Foreign Contribution (in Rupees), Year: 2016-17",2026-09-23,"Excludes donor details < Rs 20,000 per Form FC-4. Scribd copy of the official annexure. Annexure-I: state-wise FC received in Rupees. Annexure-II: donor-country-wise FC in Rupees (excludes donor details < Rs 20,000 per FC-4). 2019-20 tables are PARTIAL: ARs filed as on 16.03.2021; filing deadline extended to 30.06.2021."
Bangladesh,2016-17,36452782.32,"3,64,52,782.32",rupee,"Rajya Sabha Starred Question No. 304, 'Foreign Funds Received by NGOs', answered 24.03.2021 (MoS Home, Shri Nityanand Rai)",https://www.scribd.com/document/500156210/Foreign-Contribution-List-MHA,"Annexure-II: Country of Donors Foreign Contribution (in Rupees), Year: 2016-17",2026-09-23,"Excludes donor details < Rs 20,000 per Form FC-4. Scribd copy of the official annexure. Annexure-I: state-wise FC received in Rupees. Annexure-II: donor-country-wise FC in Rupees (excludes donor details < Rs 20,000 per FC-4). 2019-20 tables are PARTIAL: ARs filed as on 16.03.2021; filing deadline extended to 30.06.2021."
Nigeria,2016-17,36387914.60,"3,63,87,914.60",rupee,"Rajya Sabha Starred Question No. 304, 'Foreign Funds Received by NGOs', answered 24.03.2021 (MoS Home, Shri Nityanand Rai)",https://www.scribd.com/document/500156210/Foreign-Contribution-List-MHA,"Annexure-II: Country of Donors Foreign Contribution (in Rupees), Year: 2016-17",2026-09-23,"Excludes donor details < Rs 20,000 per Form FC-4. Scribd copy of the official annexure. Annexure-I: state-wise FC received in Rupees. Annexure-II: donor-country-wise FC in Rupees (excludes donor details < Rs 20,000 per FC-4). 2019-20 tables are PARTIAL: ARs filed as on 16.03.2021; filing deadline extended to 30.06.2021."
Egypt,2016-17,31248357.36,"3,12,48,357.36",rupee,"Rajya Sabha Starred Question No. 304, 'Foreign Funds Received by NGOs', answered 24.03.2021 (MoS Home, Shri Nityanand Rai)",https://www.scribd.com/document/500156210/Foreign-Contribution-List-MHA,"Annexure-II: Country of Donors Foreign Contribution (in Rupees), Year: 2016-17",2026-09-23,"Excludes donor details < Rs 20,000 per Form FC-4. Scribd copy of the official annexure. Annexure-I: state-wise FC received in Rupees. Annexure-II: donor-country-wise FC in Rupees (excludes donor details < Rs 20,000 per FC-4). 2019-20 tables are PARTIAL: ARs filed as on 16.03.2021; filing deadline extended to 30.06.2021."
Malta,2016-17,29407346.09,"2,94,07,346.09",rupee,"Rajya Sabha Starred Question No. 304, 'Foreign Funds Received by NGOs', answered 24.03.2021 (MoS Home, Shri Nityanand Rai)",https://www.scribd.com/document/500156210/Foreign-Contribution-List-MHA,"Annexure-II: Country of Donors Foreign Contribution (in Rupees), Year: 2016-17",2026-09-23,"Excludes donor details < Rs 20,000 per Form FC-4. Scribd copy of the official annexure. Annexure-I: state-wise FC received in Rupees. Annexure-II: donor-country-wise FC in Rupees (excludes donor details < Rs 20,000 per FC-4). 2019-20 tables are PARTIAL: ARs filed as on 16.03.2021; filing deadline extended to 30.06.2021."
Iceland,2016-17,29365071.33,"2,93,65,071.33",rupee,"Rajya Sabha Starred Question No. 304, 'Foreign Funds Received by NGOs', answered 24.03.2021 (MoS Home, Shri Nityanand Rai)",https://www.scribd.com/document/500156210/Foreign-Contribution-List-MHA,"Annexure-II: Country of Donors Foreign Contribution (in Rupees), Year: 2016-17",2026-09-23,"Excludes donor details < Rs 20,000 per Form FC-4. Scribd copy of the official annexure. Annexure-I: state-wise FC received in Rupees. Annexure-II: donor-country-wise FC in Rupees (excludes donor details < Rs 20,000 per FC-4). 2019-20 tables are PARTIAL: ARs filed as on 16.03.2021; filing deadline extended to 30.06.2021."
Israel,2016-17,27837439.75,"2,78,37,439.75",rupee,"Rajya Sabha Starred Question No. 304, 'Foreign Funds Received by NGOs', answered 24.03.2021 (MoS Home, Shri Nityanand Rai)",https://www.scribd.com/document/500156210/Foreign-Contribution-List-MHA,"Annexure-II: Country of Donors Foreign Contribution (in Rupees), Year: 2016-17",2026-09-23,"Excludes donor details < Rs 20,000 per Form FC-4. Scribd copy of the official annexure. Annexure-I: state-wise FC received in Rupees. Annexure-II: donor-country-wise FC in Rupees (excludes donor details < Rs 20,000 per FC-4). 2019-20 tables are PARTIAL: ARs filed as on 16.03.2021; filing deadline extended to 30.06.2021."
Cayman Islands,2016-17,25377151.88,"2,53,77,151.88",rupee,"Rajya Sabha Starred Question No. 304, 'Foreign Funds Received by NGOs', answered 24.03.2021 (MoS Home, Shri Nityanand Rai)",https://www.scribd.com/document/500156210/Foreign-Contribution-List-MHA,"Annexure-II: Country of Donors Foreign Contribution (in Rupees), Year: 2016-17",2026-09-23,"Excludes donor details < Rs 20,000 per Form FC-4. Scribd copy of the official annexure. Annexure-I: state-wise FC received in Rupees. Annexure-II: donor-country-wise FC in Rupees (excludes donor details < Rs 20,000 per FC-4). 2019-20 tables are PARTIAL: ARs filed as on 16.03.2021; filing deadline extended to 30.06.2021."
Slovakia,2016-17,24565449.32,"2,45,65,449.32",rupee,"Rajya Sabha Starred Question No. 304, 'Foreign Funds Received by NGOs', answered 24.03.2021 (MoS Home, Shri Nityanand Rai)",https://www.scribd.com/document/500156210/Foreign-Contribution-List-MHA,"Annexure-II: Country of Donors Foreign Contribution (in Rupees), Year: 2016-17",2026-09-23,"Excludes donor details < Rs 20,000 per Form FC-4. Scribd copy of the official annexure. Annexure-I: state-wise FC received in Rupees. Annexure-II: donor-country-wise FC in Rupees (excludes donor details < Rs 20,000 per FC-4). 2019-20 tables are PARTIAL: ARs filed as on 16.03.2021; filing deadline extended to 30.06.2021."
Poland,2016-17,23782420.55,"2,37,82,420.55",rupee,"Rajya Sabha Starred Question No. 304, 'Foreign Funds Received by NGOs', answered 24.03.2021 (MoS Home, Shri Nityanand Rai)",https://www.scribd.com/document/500156210/Foreign-Contribution-List-MHA,"Annexure-II: Country of Donors Foreign Contribution (in Rupees), Year: 2016-17",2026-09-23,"Excludes donor details < Rs 20,000 per Form FC-4. Scribd copy of the official annexure. Annexure-I: state-wise FC received in Rupees. Annexure-II: donor-country-wise FC in Rupees (excludes donor details < Rs 20,000 per FC-4). 2019-20 tables are PARTIAL: ARs filed as on 16.03.2021; filing deadline extended to 30.06.2021."
Greece,2016-17,22023310.53,"2,20,23,310.53",rupee,"Rajya Sabha Starred Question No. 304, 'Foreign Funds Received by NGOs', answered 24.03.2021 (MoS Home, Shri Nityanand Rai)",https://www.scribd.com/document/500156210/Foreign-Contribution-List-MHA,"Annexure-II: Country of Donors Foreign Contribution (in Rupees), Year: 2016-17",2026-09-23,"Excludes donor details < Rs 20,000 per Form FC-4. Scribd copy of the official annexure. Annexure-I: state-wise FC received in Rupees. Annexure-II: donor-country-wise FC in Rupees (excludes donor details < Rs 20,000 per FC-4). 2019-20 tables are PARTIAL: ARs filed as on 16.03.2021; filing deadline extended to 30.06.2021."
Azerbaijan,2016-17,19847433.36,"1,98,47,433.36",rupee,"Rajya Sabha Starred Question No. 304, 'Foreign Funds Received by NGOs', answered 24.03.2021 (MoS Home, Shri Nityanand Rai)",https://www.scribd.com/document/500156210/Foreign-Contribution-List-MHA,"Annexure-II: Country of Donors Foreign Contribution (in Rupees), Year: 2016-17",2026-09-23,"Excludes donor details < Rs 20,000 per Form FC-4. Scribd copy of the official annexure. Annexure-I: state-wise FC received in Rupees. Annexure-II: donor-country-wise FC in Rupees (excludes donor details < Rs 20,000 per FC-4). 2019-20 tables are PARTIAL: ARs filed as on 16.03.2021; filing deadline extended to 30.06.2021."
Afghanistan,2016-17,19733602.53,"1,97,33,602.53",rupee,"Rajya Sabha Starred Question No. 304, 'Foreign Funds Received by NGOs', answered 24.03.2021 (MoS Home, Shri Nityanand Rai)",https://www.scribd.com/document/500156210/Foreign-Contribution-List-MHA,"Annexure-II: Country of Donors Foreign Contribution (in Rupees), Year: 2016-17",2026-09-23,"Excludes donor details < Rs 20,000 per Form FC-4. Scribd copy of the official annexure. Annexure-I: state-wise FC received in Rupees. Annexure-II: donor-country-wise FC in Rupees (excludes donor details < Rs 20,000 per FC-4). 2019-20 tables are PARTIAL: ARs filed as on 16.03.2021; filing deadline extended to 30.06.2021."
Tanzania,2016-17,19052736.90,"1,90,52,736.90",rupee,"Rajya Sabha Starred Question No. 304, 'Foreign Funds Received by NGOs', answered 24.03.2021 (MoS Home, Shri Nityanand Rai)",https://www.scribd.com/document/500156210/Foreign-Contribution-List-MHA,"Annexure-II: Country of Donors Foreign Contribution (in Rupees), Year: 2016-17",2026-09-23,"Excludes donor details < Rs 20,000 per Form FC-4. Scribd copy of the official annexure. Annexure-I: state-wise FC received in Rupees. Annexure-II: donor-country-wise FC in Rupees (excludes donor details < Rs 20,000 per FC-4). 2019-20 tables are PARTIAL: ARs filed as on 16.03.2021; filing deadline extended to 30.06.2021."
Seychelles,2016-17,18691803.00,"1,86,91,803.00",rupee,"Rajya Sabha Starred Question No. 304, 'Foreign Funds Received by NGOs', answered 24.03.2021 (MoS Home, Shri Nityanand Rai)",https://www.scribd.com/document/500156210/Foreign-Contribution-List-MHA,"Annexure-II: Country of Donors Foreign Contribution (in Rupees), Year: 2016-17",2026-09-23,"Excludes donor details < Rs 20,000 per Form FC-4. Scribd copy of the official annexure. Annexure-I: state-wise FC received in Rupees. Annexure-II: donor-country-wise FC in Rupees (excludes donor details < Rs 20,000 per FC-4). 2019-20 tables are PARTIAL: ARs filed as on 16.03.2021; filing deadline extended to 30.06.2021."
Jamaica,2016-17,17157927.00,"1,71,57,927.00",rupee,"Rajya Sabha Starred Question No. 304, 'Foreign Funds Received by NGOs', answered 24.03.2021 (MoS Home, Shri Nityanand Rai)",https://www.scribd.com/document/500156210/Foreign-Contribution-List-MHA,"Annexure-II: Country of Donors Foreign Contribution (in Rupees), Year: 2016-17",2026-09-23,"Excludes donor details < Rs 20,000 per Form FC-4. Scribd copy of the official annexure. Annexure-I: state-wise FC received in Rupees. Annexure-II: donor-country-wise FC in Rupees (excludes donor details < Rs 20,000 per FC-4). 2019-20 tables are PARTIAL: ARs filed as on 16.03.2021; filing deadline extended to 30.06.2021."
Chile,2016-17,16937152.06,"1,69,37,152.06",rupee,"Rajya Sabha Starred Question No. 304, 'Foreign Funds Received by NGOs', answered 24.03.2021 (MoS Home, Shri Nityanand Rai)",https://www.scribd.com/document/500156210/Foreign-Contribution-List-MHA,"Annexure-II: Country of Donors Foreign Contribution (in Rupees), Year: 2016-17",2026-09-23,"Excludes donor details < Rs 20,000 per Form FC-4. Scribd copy of the official annexure. Annexure-I: state-wise FC received in Rupees. Annexure-II: donor-country-wise FC in Rupees (excludes donor details < Rs 20,000 per FC-4). 2019-20 tables are PARTIAL: ARs filed as on 16.03.2021; filing deadline extended to 30.06.2021."
Reunion Island,2016-17,15717810.68,"1,57,17,810.68",rupee,"Rajya Sabha Starred Question No. 304, 'Foreign Funds Received by NGOs', answered 24.03.2021 (MoS Home, Shri Nityanand Rai)",https://www.scribd.com/document/500156210/Foreign-Contribution-List-MHA,"Annexure-II: Country of Donors Foreign Contribution (in Rupees), Year: 2016-17",2026-09-23,"Excludes donor details < Rs 20,000 per Form FC-4. Scribd copy of the official annexure. Annexure-I: state-wise FC received in Rupees. Annexure-II: donor-country-wise FC in Rupees (excludes donor details < Rs 20,000 per FC-4). 2019-20 tables are PARTIAL: ARs filed as on 16.03.2021; filing deadline extended to 30.06.2021."
Vatican City,2016-17,15402046.17,"1,54,02,046.17",rupee,"Rajya Sabha Starred Question No. 304, 'Foreign Funds Received by NGOs', answered 24.03.2021 (MoS Home, Shri Nityanand Rai)",https://www.scribd.com/document/500156210/Foreign-Contribution-List-MHA,"Annexure-II: Country of Donors Foreign Contribution (in Rupees), Year: 2016-17",2026-09-23,"Excludes donor details < Rs 20,000 per Form FC-4. Scribd copy of the official annexure. Annexure-I: state-wise FC received in Rupees. Annexure-II: donor-country-wise FC in Rupees (excludes donor details < Rs 20,000 per FC-4). 2019-20 tables are PARTIAL: ARs filed as on 16.03.2021; filing deadline extended to 30.06.2021."
Brazil,2016-17,15071933.33,"1,50,71,933.33",rupee,"Rajya Sabha Starred Question No. 304, 'Foreign Funds Received by NGOs', answered 24.03.2021 (MoS Home, Shri Nityanand Rai)",https://www.scribd.com/document/500156210/Foreign-Contribution-List-MHA,"Annexure-II: Country of Donors Foreign Contribution (in Rupees), Year: 2016-17",2026-09-23,"Excludes donor details < Rs 20,000 per Form FC-4. Scribd copy of the official annexure. Annexure-I: state-wise FC received in Rupees. Annexure-II: donor-country-wise FC in Rupees (excludes donor details < Rs 20,000 per FC-4). 2019-20 tables are PARTIAL: ARs filed as on 16.03.2021; filing deadline extended to 30.06.2021."
Georgia,2016-17,14509142.11,"1,45,09,142.11",rupee,"Rajya Sabha Starred Question No. 304, 'Foreign Funds Received by NGOs', answered 24.03.2021 (MoS Home, Shri Nityanand Rai)",https://www.scribd.com/document/500156210/Foreign-Contribution-List-MHA,"Annexure-II: Country of Donors Foreign Contribution (in Rupees), Year: 2016-17",2026-09-23,"Excludes donor details < Rs 20,000 per Form FC-4. Scribd copy of the official annexure. Annexure-I: state-wise FC received in Rupees. Annexure-II: donor-country-wise FC in Rupees (excludes donor details < Rs 20,000 per FC-4). 2019-20 tables are PARTIAL: ARs filed as on 16.03.2021; filing deadline extended to 30.06.2021."
Bulgaria,2016-17,13302245.80,"1,33,02,245.80",rupee,"Rajya Sabha Starred Question No. 304, 'Foreign Funds Received by NGOs', answered 24.03.2021 (MoS Home, Shri Nityanand Rai)",https://www.scribd.com/document/500156210/Foreign-Contribution-List-MHA,"Annexure-II: Country of Donors Foreign Contribution (in Rupees), Year: 2016-17",2026-09-23,"Excludes donor details < Rs 20,000 per Form FC-4. Scribd copy of the official annexure. Annexure-I: state-wise FC received in Rupees. Annexure-II: donor-country-wise FC in Rupees (excludes donor details < Rs 20,000 per FC-4). 2019-20 tables are PARTIAL: ARs filed as on 16.03.2021; filing deadline extended to 30.06.2021."
Armenia,2016-17,10905753.00,"1,09,05,753.00",rupee,"Rajya Sabha Starred Question No. 304, 'Foreign Funds Received by NGOs', answered 24.03.2021 (MoS Home, Shri Nityanand Rai)",https://www.scribd.com/document/500156210/Foreign-Contribution-List-MHA,"Annexure-II: Country of Donors Foreign Contribution (in Rupees), Year: 2016-17",2026-09-23,"Excludes donor details < Rs 20,000 per Form FC-4. Scribd copy of the official annexure. Annexure-I: state-wise FC received in Rupees. Annexure-II: donor-country-wise FC in Rupees (excludes donor details < Rs 20,000 per FC-4). 2019-20 tables are PARTIAL: ARs filed as on 16.03.2021; filing deadline extended to 30.06.2021."
Ethiopia,2016-17,10726967.00,"1,07,26,967.00",rupee,"Rajya Sabha Starred Question No. 304, 'Foreign Funds Received by NGOs', answered 24.03.2021 (MoS Home, Shri Nityanand Rai)",https://www.scribd.com/document/500156210/Foreign-Contribution-List-MHA,"Annexure-II: Country of Donors Foreign Contribution (in Rupees), Year: 2016-17",2026-09-23,"Excludes donor details < Rs 20,000 per Form FC-4. Scribd copy of the official annexure. Annexure-I: state-wise FC received in Rupees. Annexure-II: donor-country-wise FC in Rupees (excludes donor details < Rs 20,000 per FC-4). 2019-20 tables are PARTIAL: ARs filed as on 16.03.2021; filing deadline extended to 30.06.2021."
Bahrain,2016-17,10636249.30,"1,06,36,249.30",rupee,"Rajya Sabha Starred Question No. 304, 'Foreign Funds Received by NGOs', answered 24.03.2021 (MoS Home, Shri Nityanand Rai)",https://www.scribd.com/document/500156210/Foreign-Contribution-List-MHA,"Annexure-II: Country of Donors Foreign Contribution (in Rupees), Year: 2016-17",2026-09-23,"Excludes donor details < Rs 20,000 per Form FC-4. Scribd copy of the official annexure. Annexure-I: state-wise FC received in Rupees. Annexure-II: donor-country-wise FC in Rupees (excludes donor details < Rs 20,000 per FC-4). 2019-20 tables are PARTIAL: ARs filed as on 16.03.2021; filing deadline extended to 30.06.2021."
Mexico,2016-17,10390145.55,"1,03,90,145.55",rupee,"Rajya Sabha Starred Question No. 304, 'Foreign Funds Received by NGOs', answered 24.03.2021 (MoS Home, Shri Nityanand Rai)",https://www.scribd.com/document/500156210/Foreign-Contribution-List-MHA,"Annexure-II: Country of Donors Foreign Contribution (in Rupees), Year: 2016-17",2026-09-23,"Excludes donor details < Rs 20,000 per Form FC-4. Scribd copy of the official annexure. Annexure-I: state-wise FC received in Rupees. Annexure-II: donor-country-wise FC in Rupees (excludes donor details < Rs 20,000 per FC-4). 2019-20 tables are PARTIAL: ARs filed as on 16.03.2021; filing deadline extended to 30.06.2021."
Bhutan,2016-17,10095153.01,"1,00,95,153.01",rupee,"Rajya Sabha Starred Question No. 304, 'Foreign Funds Received by NGOs', answered 24.03.2021 (MoS Home, Shri Nityanand Rai)",https://www.scribd.com/document/500156210/Foreign-Contribution-List-MHA,"Annexure-II: Country of Donors Foreign Contribution (in Rupees), Year: 2016-17",2026-09-23,"Excludes donor details < Rs 20,000 per Form FC-4. Scribd copy of the official annexure. Annexure-I: state-wise FC received in Rupees. Annexure-II: donor-country-wise FC in Rupees (excludes donor details < Rs 20,000 per FC-4). 2019-20 tables are PARTIAL: ARs filed as on 16.03.2021; filing deadline extended to 30.06.2021."
Columbia,2016-17,9538606.33,"95,38,606.33",rupee,"Rajya Sabha Starred Question No. 304, 'Foreign Funds Received by NGOs', answered 24.03.2021 (MoS Home, Shri Nityanand Rai)",https://www.scribd.com/document/500156210/Foreign-Contribution-List-MHA,"Annexure-II: Country of Donors Foreign Contribution (in Rupees), Year: 2016-17",2026-09-23,"Excludes donor details < Rs 20,000 per Form FC-4. Scribd copy of the official annexure. Annexure-I: state-wise FC received in Rupees. Annexure-II: donor-country-wise FC in Rupees (excludes donor details < Rs 20,000 per FC-4). 2019-20 tables are PARTIAL: ARs filed as on 16.03.2021; filing deadline extended to 30.06.2021."
Russia,2016-17,8507202.77,"85,07,202.77",rupee,"Rajya Sabha Starred Question No. 304, 'Foreign Funds Received by NGOs', answered 24.03.2021 (MoS Home, Shri Nityanand Rai)",https://www.scribd.com/document/500156210/Foreign-Contribution-List-MHA,"Annexure-II: Country of Donors Foreign Contribution (in Rupees), Year: 2016-17",2026-09-23,"Excludes donor details < Rs 20,000 per Form FC-4. Scribd copy of the official annexure. Annexure-I: state-wise FC received in Rupees. Annexure-II: donor-country-wise FC in Rupees (excludes donor details < Rs 20,000 per FC-4). 2019-20 tables are PARTIAL: ARs filed as on 16.03.2021; filing deadline extended to 30.06.2021."
Romania,2016-17,8499996.43,"84,99,996.43",rupee,"Rajya Sabha Starred Question No. 304, 'Foreign Funds Received by NGOs', answered 24.03.2021 (MoS Home, Shri Nityanand Rai)",https://www.scribd.com/document/500156210/Foreign-Contribution-List-MHA,"Annexure-II: Country of Donors Foreign Contribution (in Rupees), Year: 2016-17",2026-09-23,"Excludes donor details < Rs 20,000 per Form FC-4. Scribd copy of the official annexure. Annexure-I: state-wise FC received in Rupees. Annexure-II: donor-country-wise FC in Rupees (excludes donor details < Rs 20,000 per FC-4). 2019-20 tables are PARTIAL: ARs filed as on 16.03.2021; filing deadline extended to 30.06.2021."
Barbados,2016-17,8373040.00,"83,73,040.00",rupee,"Rajya Sabha Starred Question No. 304, 'Foreign Funds Received by NGOs', answered 24.03.2021 (MoS Home, Shri Nityanand Rai)",https://www.scribd.com/document/500156210/Foreign-Contribution-List-MHA,"Annexure-II: Country of Donors Foreign Contribution (in Rupees), Year: 2016-17",2026-09-23,"Excludes donor details < Rs 20,000 per Form FC-4. Scribd copy of the official annexure. Annexure-I: state-wise FC received in Rupees. Annexure-II: donor-country-wise FC in Rupees (excludes donor details < Rs 20,000 per FC-4). 2019-20 tables are PARTIAL: ARs filed as on 16.03.2021; filing deadline extended to 30.06.2021."
Netherlands Antilles,2016-17,7612149.00,"76,12,149.00",rupee,"Rajya Sabha Starred Question No. 304, 'Foreign Funds Received by NGOs', answered 24.03.2021 (MoS Home, Shri Nityanand Rai)",https://www.scribd.com/document/500156210/Foreign-Contribution-List-MHA,"Annexure-II: Country of Donors Foreign Contribution (in Rupees), Year: 2016-17",2026-09-23,"Excludes donor details < Rs 20,000 per Form FC-4. Scribd copy of the official annexure. Annexure-I: state-wise FC received in Rupees. Annexure-II: donor-country-wise FC in Rupees (excludes donor details < Rs 20,000 per FC-4). 2019-20 tables are PARTIAL: ARs filed as on 16.03.2021; filing deadline extended to 30.06.2021."
Uganda,2016-17,6925788.56,"69,25,788.56",rupee,"Rajya Sabha Starred Question No. 304, 'Foreign Funds Received by NGOs', answered 24.03.2021 (MoS Home, Shri Nityanand Rai)",https://www.scribd.com/document/500156210/Foreign-Contribution-List-MHA,"Annexure-II: Country of Donors Foreign Contribution (in Rupees), Year: 2016-17",2026-09-23,"Excludes donor details < Rs 20,000 per Form FC-4. Scribd copy of the official annexure. Annexure-I: state-wise FC received in Rupees. Annexure-II: donor-country-wise FC in Rupees (excludes donor details < Rs 20,000 per FC-4). 2019-20 tables are PARTIAL: ARs filed as on 16.03.2021; filing deadline extended to 30.06.2021."
Argentina,2016-17,6484714.00,"64,84,714.00",rupee,"Rajya Sabha Starred Question No. 304, 'Foreign Funds Received by NGOs', answered 24.03.2021 (MoS Home, Shri Nityanand Rai)",https://www.scribd.com/document/500156210/Foreign-Contribution-List-MHA,"Annexure-II: Country of Donors Foreign Contribution (in Rupees), Year: 2016-17",2026-09-23,"Excludes donor details < Rs 20,000 per Form FC-4. Scribd copy of the official annexure. Annexure-I: state-wise FC received in Rupees. Annexure-II: donor-country-wise FC in Rupees (excludes donor details < Rs 20,000 per FC-4). 2019-20 tables are PARTIAL: ARs filed as on 16.03.2021; filing deadline extended to 30.06.2021."
Portugal,2016-17,6339298.89,"63,39,298.89",rupee,"Rajya Sabha Starred Question No. 304, 'Foreign Funds Received by NGOs', answered 24.03.2021 (MoS Home, Shri Nityanand Rai)",https://www.scribd.com/document/500156210/Foreign-Contribution-List-MHA,"Annexure-II: Country of Donors Foreign Contribution (in Rupees), Year: 2016-17",2026-09-23,"Excludes donor details < Rs 20,000 per Form FC-4. Scribd copy of the official annexure. Annexure-I: state-wise FC received in Rupees. Annexure-II: donor-country-wise FC in Rupees (excludes donor details < Rs 20,000 per FC-4). 2019-20 tables are PARTIAL: ARs filed as on 16.03.2021; filing deadline extended to 30.06.2021."
Slovenia,2016-17,5604576.96,"56,04,576.96",rupee,"Rajya Sabha Starred Question No. 304, 'Foreign Funds Received by NGOs', answered 24.03.2021 (MoS Home, Shri Nityanand Rai)",https://www.scribd.com/document/500156210/Foreign-Contribution-List-MHA,"Annexure-II: Country of Donors Foreign Contribution (in Rupees), Year: 2016-17",2026-09-23,"Excludes donor details < Rs 20,000 per Form FC-4. Scribd copy of the official annexure. Annexure-I: state-wise FC received in Rupees. Annexure-II: donor-country-wise FC in Rupees (excludes donor details < Rs 20,000 per FC-4). 2019-20 tables are PARTIAL: ARs filed as on 16.03.2021; filing deadline extended to 30.06.2021."
Trinidad and Tobago,2016-17,5173842.72,"51,73,842.72",rupee,"Rajya Sabha Starred Question No. 304, 'Foreign Funds Received by NGOs', answered 24.03.2021 (MoS Home, Shri Nityanand Rai)",https://www.scribd.com/document/500156210/Foreign-Contribution-List-MHA,"Annexure-II: Country of Donors Foreign Contribution (in Rupees), Year: 2016-17",2026-09-23,"Excludes donor details < Rs 20,000 per Form FC-4. Scribd copy of the official annexure. Annexure-I: state-wise FC received in Rupees. Annexure-II: donor-country-wise FC in Rupees (excludes donor details < Rs 20,000 per FC-4). 2019-20 tables are PARTIAL: ARs filed as on 16.03.2021; filing deadline extended to 30.06.2021."
Botswana,2016-17,4374655.00,"43,74,655.00",rupee,"Rajya Sabha Starred Question No. 304, 'Foreign Funds Received by NGOs', answered 24.03.2021 (MoS Home, Shri Nityanand Rai)",https://www.scribd.com/document/500156210/Foreign-Contribution-List-MHA,"Annexure-II: Country of Donors Foreign Contribution (in Rupees), Year: 2016-17",2026-09-23,"Excludes donor details < Rs 20,000 per Form FC-4. Scribd copy of the official annexure. Annexure-I: state-wise FC received in Rupees. Annexure-II: donor-country-wise FC in Rupees (excludes donor details < Rs 20,000 per FC-4). 2019-20 tables are PARTIAL: ARs filed as on 16.03.2021; filing deadline extended to 30.06.2021."
Zambia,2016-17,4116006.00,"41,16,006.00",rupee,"Rajya Sabha Starred Question No. 304, 'Foreign Funds Received by NGOs', answered 24.03.2021 (MoS Home, Shri Nityanand Rai)",https://www.scribd.com/document/500156210/Foreign-Contribution-List-MHA,"Annexure-II: Country of Donors Foreign Contribution (in Rupees), Year: 2016-17",2026-09-23,"Excludes donor details < Rs 20,000 per Form FC-4. Scribd copy of the official annexure. Annexure-I: state-wise FC received in Rupees. Annexure-II: donor-country-wise FC in Rupees (excludes donor details < Rs 20,000 per FC-4). 2019-20 tables are PARTIAL: ARs filed as on 16.03.2021; filing deadline extended to 30.06.2021."
Hungary,2016-17,3626049.24,"36,26,049.24",rupee,"Rajya Sabha Starred Question No. 304, 'Foreign Funds Received by NGOs', answered 24.03.2021 (MoS Home, Shri Nityanand Rai)",https://www.scribd.com/document/500156210/Foreign-Contribution-List-MHA,"Annexure-II: Country of Donors Foreign Contribution (in Rupees), Year: 2016-17",2026-09-23,"Excludes donor details < Rs 20,000 per Form FC-4. Scribd copy of the official annexure. Annexure-I: state-wise FC received in Rupees. Annexure-II: donor-country-wise FC in Rupees (excludes donor details < Rs 20,000 per FC-4). 2019-20 tables are PARTIAL: ARs filed as on 16.03.2021; filing deadline extended to 30.06.2021."
Pakistan,2016-17,3570380.91,"35,70,380.91",rupee,"Rajya Sabha Starred Question No. 304, 'Foreign Funds Received by NGOs', answered 24.03.2021 (MoS Home, Shri Nityanand Rai)",https://www.scribd.com/document/500156210/Foreign-Contribution-List-MHA,"Annexure-II: Country of Donors Foreign Contribution (in Rupees), Year: 2016-17",2026-09-23,"Excludes donor details < Rs 20,000 per Form FC-4. Scribd copy of the official annexure. Annexure-I: state-wise FC received in Rupees. Annexure-II: donor-country-wise FC in Rupees (excludes donor details < Rs 20,000 per FC-4). 2019-20 tables are PARTIAL: ARs filed as on 16.03.2021; filing deadline extended to 30.06.2021."
Central African Republic,2016-17,3496210.86,"34,96,210.86",rupee,"Rajya Sabha Starred Question No. 304, 'Foreign Funds Received by NGOs', answered 24.03.2021 (MoS Home, Shri Nityanand Rai)",https://www.scribd.com/document/500156210/Foreign-Contribution-List-MHA,"Annexure-II: Country of Donors Foreign Contribution (in Rupees), Year: 2016-17",2026-09-23,"Excludes donor details < Rs 20,000 per Form FC-4. Scribd copy of the official annexure. Annexure-I: state-wise FC received in Rupees. Annexure-II: donor-country-wise FC in Rupees (excludes donor details < Rs 20,000 per FC-4). 2019-20 tables are PARTIAL: ARs filed as on 16.03.2021; filing deadline extended to 30.06.2021."
Iran,2016-17,2886279.50,"28,86,279.50",rupee,"Rajya Sabha Starred Question No. 304, 'Foreign Funds Received by NGOs', answered 24.03.2021 (MoS Home, Shri Nityanand Rai)",https://www.scribd.com/document/500156210/Foreign-Contribution-List-MHA,"Annexure-II: Country of Donors Foreign Contribution (in Rupees), Year: 2016-17",2026-09-23,"Excludes donor details < Rs 20,000 per Form FC-4. Scribd copy of the official annexure. Annexure-I: state-wise FC received in Rupees. Annexure-II: donor-country-wise FC in Rupees (excludes donor details < Rs 20,000 per FC-4). 2019-20 tables are PARTIAL: ARs filed as on 16.03.2021; filing deadline extended to 30.06.2021."
Vietnam,2016-17,2796120.30,"27,96,120.30",rupee,"Rajya Sabha Starred Question No. 304, 'Foreign Funds Received by NGOs', answered 24.03.2021 (MoS Home, Shri Nityanand Rai)",https://www.scribd.com/document/500156210/Foreign-Contribution-List-MHA,"Annexure-II: Country of Donors Foreign Contribution (in Rupees), Year: 2016-17",2026-09-23,"Excludes donor details < Rs 20,000 per Form FC-4. Scribd copy of the official annexure. Annexure-I: state-wise FC received in Rupees. Annexure-II: donor-country-wise FC in Rupees (excludes donor details < Rs 20,000 per FC-4). 2019-20 tables are PARTIAL: ARs filed as on 16.03.2021; filing deadline extended to 30.06.2021."
Cambodia,2016-17,2576397.57,"25,76,397.57",rupee,"Rajya Sabha Starred Question No. 304, 'Foreign Funds Received by NGOs', answered 24.03.2021 (MoS Home, Shri Nityanand Rai)",https://www.scribd.com/document/500156210/Foreign-Contribution-List-MHA,"Annexure-II: Country of Donors Foreign Contribution (in Rupees), Year: 2016-17",2026-09-23,"Excludes donor details < Rs 20,000 per Form FC-4. Scribd copy of the official annexure. Annexure-I: state-wise FC received in Rupees. Annexure-II: donor-country-wise FC in Rupees (excludes donor details < Rs 20,000 per FC-4). 2019-20 tables are PARTIAL: ARs filed as on 16.03.2021; filing deadline extended to 30.06.2021."
Mongolia,2016-17,2493617.00,"24,93,617.00",rupee,"Rajya Sabha Starred Question No. 304, 'Foreign Funds Received by NGOs', answered 24.03.2021 (MoS Home, Shri Nityanand Rai)",https://www.scribd.com/document/500156210/Foreign-Contribution-List-MHA,"Annexure-II: Country of Donors Foreign Contribution (in Rupees), Year: 2016-17",2026-09-23,"Excludes donor details < Rs 20,000 per Form FC-4. Scribd copy of the official annexure. Annexure-I: state-wise FC received in Rupees. Annexure-II: donor-country-wise FC in Rupees (excludes donor details < Rs 20,000 per FC-4). 2019-20 tables are PARTIAL: ARs filed as on 16.03.2021; filing deadline extended to 30.06.2021."
Others (Tibet),2016-17,2315609.78,"23,15,609.78",rupee,"Rajya Sabha Starred Question No. 304, 'Foreign Funds Received by NGOs', answered 24.03.2021 (MoS Home, Shri Nityanand Rai)",https://www.scribd.com/document/500156210/Foreign-Contribution-List-MHA,"Annexure-II: Country of Donors Foreign Contribution (in Rupees), Year: 2016-17",2026-09-23,"Excludes donor details < Rs 20,000 per Form FC-4. Scribd copy of the official annexure. Annexure-I: state-wise FC received in Rupees. Annexure-II: donor-country-wise FC in Rupees (excludes donor details < Rs 20,000 per FC-4). 2019-20 tables are PARTIAL: ARs filed as on 16.03.2021; filing deadline extended to 30.06.2021."
Croatia,2016-17,2126527.44,"21,26,527.44",rupee,"Rajya Sabha Starred Question No. 304, 'Foreign Funds Received by NGOs', answered 24.03.2021 (MoS Home, Shri Nityanand Rai)",https://www.scribd.com/document/500156210/Foreign-Contribution-List-MHA,"Annexure-II: Country of Donors Foreign Contribution (in Rupees), Year: 2016-17",2026-09-23,"Excludes donor details < Rs 20,000 per Form FC-4. Scribd copy of the official annexure. Annexure-I: state-wise FC received in Rupees. Annexure-II: donor-country-wise FC in Rupees (excludes donor details < Rs 20,000 per FC-4). 2019-20 tables are PARTIAL: ARs filed as on 16.03.2021; filing deadline extended to 30.06.2021."
Ghana,2016-17,2113480.00,"21,13,480.00",rupee,"Rajya Sabha Starred Question No. 304, 'Foreign Funds Received by NGOs', answered 24.03.2021 (MoS Home, Shri Nityanand Rai)",https://www.scribd.com/document/500156210/Foreign-Contribution-List-MHA,"Annexure-II: Country of Donors Foreign Contribution (in Rupees), Year: 2016-17",2026-09-23,"Excludes donor details < Rs 20,000 per Form FC-4. Scribd copy of the official annexure. Annexure-I: state-wise FC received in Rupees. Annexure-II: donor-country-wise FC in Rupees (excludes donor details < Rs 20,000 per FC-4). 2019-20 tables are PARTIAL: ARs filed as on 16.03.2021; filing deadline extended to 30.06.2021."
Guyana,2016-17,2023207.30,"20,23,207.30",rupee,"Rajya Sabha Starred Question No. 304, 'Foreign Funds Received by NGOs', answered 24.03.2021 (MoS Home, Shri Nityanand Rai)",https://www.scribd.com/document/500156210/Foreign-Contribution-List-MHA,"Annexure-II: Country of Donors Foreign Contribution (in Rupees), Year: 2016-17",2026-09-23,"Excludes donor details < Rs 20,000 per Form FC-4. Scribd copy of the official annexure. Annexure-I: state-wise FC received in Rupees. Annexure-II: donor-country-wise FC in Rupees (excludes donor details < Rs 20,000 per FC-4). 2019-20 tables are PARTIAL: ARs filed as on 16.03.2021; filing deadline extended to 30.06.2021."
Jordan,2016-17,1893649.59,"18,93,649.59",rupee,"Rajya Sabha Starred Question No. 304, 'Foreign Funds Received by NGOs', answered 24.03.2021 (MoS Home, Shri Nityanand Rai)",https://www.scribd.com/document/500156210/Foreign-Contribution-List-MHA,"Annexure-II: Country of Donors Foreign Contribution (in Rupees), Year: 2016-17",2026-09-23,"Excludes donor details < Rs 20,000 per Form FC-4. Scribd copy of the official annexure. Annexure-I: state-wise FC received in Rupees. Annexure-II: donor-country-wise FC in Rupees (excludes donor details < Rs 20,000 per FC-4). 2019-20 tables are PARTIAL: ARs filed as on 16.03.2021; filing deadline extended to 30.06.2021."
Peru,2016-17,1614521.90,"16,14,521.90",rupee,"Rajya Sabha Starred Question No. 304, 'Foreign Funds Received by NGOs', answered 24.03.2021 (MoS Home, Shri Nityanand Rai)",https://www.scribd.com/document/500156210/Foreign-Contribution-List-MHA,"Annexure-II: Country of Donors Foreign Contribution (in Rupees), Year: 2016-17",2026-09-23,"Excludes donor details < Rs 20,000 per Form FC-4. Scribd copy of the official annexure. Annexure-I: state-wise FC received in Rupees. Annexure-II: donor-country-wise FC in Rupees (excludes donor details < Rs 20,000 per FC-4). 2019-20 tables are PARTIAL: ARs filed as on 16.03.2021; filing deadline extended to 30.06.2021."
Bosnia,2016-17,1443885.00,"14,43,885.00",rupee,"Rajya Sabha Starred Question No. 304, 'Foreign Funds Received by NGOs', answered 24.03.2021 (MoS Home, Shri Nityanand Rai)",https://www.scribd.com/document/500156210/Foreign-Contribution-List-MHA,"Annexure-II: Country of Donors Foreign Contribution (in Rupees), Year: 2016-17",2026-09-23,"Excludes donor details < Rs 20,000 per Form FC-4. Scribd copy of the official annexure. Annexure-I: state-wise FC received in Rupees. Annexure-II: donor-country-wise FC in Rupees (excludes donor details < Rs 20,000 per FC-4). 2019-20 tables are PARTIAL: ARs filed as on 16.03.2021; filing deadline extended to 30.06.2021."
Mali,2016-17,1402450.00,"14,02,450.00",rupee,"Rajya Sabha Starred Question No. 304, 'Foreign Funds Received by NGOs', answered 24.03.2021 (MoS Home, Shri Nityanand Rai)",https://www.scribd.com/document/500156210/Foreign-Contribution-List-MHA,"Annexure-II: Country of Donors Foreign Contribution (in Rupees), Year: 2016-17",2026-09-23,"Excludes donor details < Rs 20,000 per Form FC-4. Scribd copy of the official annexure. Annexure-I: state-wise FC received in Rupees. Annexure-II: donor-country-wise FC in Rupees (excludes donor details < Rs 20,000 per FC-4). 2019-20 tables are PARTIAL: ARs filed as on 16.03.2021; filing deadline extended to 30.06.2021."
Lebanon,2016-17,1139255.00,"11,39,255.00",rupee,"Rajya Sabha Starred Question No. 304, 'Foreign Funds Received by NGOs', answered 24.03.2021 (MoS Home, Shri Nityanand Rai)",https://www.scribd.com/document/500156210/Foreign-Contribution-List-MHA,"Annexure-II: Country of Donors Foreign Contribution (in Rupees), Year: 2016-17",2026-09-23,"Excludes donor details < Rs 20,000 per Form FC-4. Scribd copy of the official annexure. Annexure-I: state-wise FC received in Rupees. Annexure-II: donor-country-wise FC in Rupees (excludes donor details < Rs 20,000 per FC-4). 2019-20 tables are PARTIAL: ARs filed as on 16.03.2021; filing deadline extended to 30.06.2021."
Tunisia,2016-17,1101093.00,"11,01,093.00",rupee,"Rajya Sabha Starred Question No. 304, 'Foreign Funds Received by NGOs', answered 24.03.2021 (MoS Home, Shri Nityanand Rai)",https://www.scribd.com/document/500156210/Foreign-Contribution-List-MHA,"Annexure-II: Country of Donors Foreign Contribution (in Rupees), Year: 2016-17",2026-09-23,"Excludes donor details < Rs 20,000 per Form FC-4. Scribd copy of the official annexure. Annexure-I: state-wise FC received in Rupees. Annexure-II: donor-country-wise FC in Rupees (excludes donor details < Rs 20,000 per FC-4). 2019-20 tables are PARTIAL: ARs filed as on 16.03.2021; filing deadline extended to 30.06.2021."
Myanmar,2016-17,1038923.00,"10,38,923.00",rupee,"Rajya Sabha Starred Question No. 304, 'Foreign Funds Received by NGOs', answered 24.03.2021 (MoS Home, Shri Nityanand Rai)",https://www.scribd.com/document/500156210/Foreign-Contribution-List-MHA,"Annexure-II: Country of Donors Foreign Contribution (in Rupees), Year: 2016-17",2026-09-23,"Excludes donor details < Rs 20,000 per Form FC-4. Scribd copy of the official annexure. Annexure-I: state-wise FC received in Rupees. Annexure-II: donor-country-wise FC in Rupees (excludes donor details < Rs 20,000 per FC-4). 2019-20 tables are PARTIAL: ARs filed as on 16.03.2021; filing deadline extended to 30.06.2021."
Malawi,2016-17,1022368.00,"10,22,368.00",rupee,"Rajya Sabha Starred Question No. 304, 'Foreign Funds Received by NGOs', answered 24.03.2021 (MoS Home, Shri Nityanand Rai)",https://www.scribd.com/document/500156210/Foreign-Contribution-List-MHA,"Annexure-II: Country of Donors Foreign Contribution (in Rupees), Year: 2016-17",2026-09-23,"Excludes donor details < Rs 20,000 per Form FC-4. Scribd copy of the official annexure. Annexure-I: state-wise FC received in Rupees. Annexure-II: donor-country-wise FC in Rupees (excludes donor details < Rs 20,000 per FC-4). 2019-20 tables are PARTIAL: ARs filed as on 16.03.2021; filing deadline extended to 30.06.2021."
Dominica,2016-17,891994.61,"8,91,994.61",rupee,"Rajya Sabha Starred Question No. 304, 'Foreign Funds Received by NGOs', answered 24.03.2021 (MoS Home, Shri Nityanand Rai)",https://www.scribd.com/document/500156210/Foreign-Contribution-List-MHA,"Annexure-II: Country of Donors Foreign Contribution (in Rupees), Year: 2016-17",2026-09-23,"Excludes donor details < Rs 20,000 per Form FC-4. Scribd copy of the official annexure. Annexure-I: state-wise FC received in Rupees. Annexure-II: donor-country-wise FC in Rupees (excludes donor details < Rs 20,000 per FC-4). 2019-20 tables are PARTIAL: ARs filed as on 16.03.2021; filing deadline extended to 30.06.2021."
Fiji,2016-17,866209.10,"8,66,209.10",rupee,"Rajya Sabha Starred Question No. 304, 'Foreign Funds Received by NGOs', answered 24.03.2021 (MoS Home, Shri Nityanand Rai)",https://www.scribd.com/document/500156210/Foreign-Contribution-List-MHA,"Annexure-II: Country of Donors Foreign Contribution (in Rupees), Year: 2016-17",2026-09-23,"Excludes donor details < Rs 20,000 per Form FC-4. Scribd copy of the official annexure. Annexure-I: state-wise FC received in Rupees. Annexure-II: donor-country-wise FC in Rupees (excludes donor details < Rs 20,000 per FC-4). 2019-20 tables are PARTIAL: ARs filed as on 16.03.2021; filing deadline extended to 30.06.2021."
Sudan,2016-17,750072.00,"7,50,072.00",rupee,"Rajya Sabha Starred Question No. 304, 'Foreign Funds Received by NGOs', answered 24.03.2021 (MoS Home, Shri Nityanand Rai)",https://www.scribd.com/document/500156210/Foreign-Contribution-List-MHA,"Annexure-II: Country of Donors Foreign Contribution (in Rupees), Year: 2016-17",2026-09-23,"Excludes donor details < Rs 20,000 per Form FC-4. Scribd copy of the official annexure. Annexure-I: state-wise FC received in Rupees. Annexure-II: donor-country-wise FC in Rupees (excludes donor details < Rs 20,000 per FC-4). 2019-20 tables are PARTIAL: ARs filed as on 16.03.2021; filing deadline extended to 30.06.2021."
Estonia,2016-17,716500.00,"7,16,500.00",rupee,"Rajya Sabha Starred Question No. 304, 'Foreign Funds Received by NGOs', answered 24.03.2021 (MoS Home, Shri Nityanand Rai)",https://www.scribd.com/document/500156210/Foreign-Contribution-List-MHA,"Annexure-II: Country of Donors Foreign Contribution (in Rupees), Year: 2016-17",2026-09-23,"Excludes donor details < Rs 20,000 per Form FC-4. Scribd copy of the official annexure. Annexure-I: state-wise FC received in Rupees. Annexure-II: donor-country-wise FC in Rupees (excludes donor details < Rs 20,000 per FC-4). 2019-20 tables are PARTIAL: ARs filed as on 16.03.2021; filing deadline extended to 30.06.2021."
Maldives,2016-17,690483.00,"6,90,483.00",rupee,"Rajya Sabha Starred Question No. 304, 'Foreign Funds Received by NGOs', answered 24.03.2021 (MoS Home, Shri Nityanand Rai)",https://www.scribd.com/document/500156210/Foreign-Contribution-List-MHA,"Annexure-II: Country of Donors Foreign Contribution (in Rupees), Year: 2016-17",2026-09-23,"Excludes donor details < Rs 20,000 per Form FC-4. Scribd copy of the official annexure. Annexure-I: state-wise FC received in Rupees. Annexure-II: donor-country-wise FC in Rupees (excludes donor details < Rs 20,000 per FC-4). 2019-20 tables are PARTIAL: ARs filed as on 16.03.2021; filing deadline extended to 30.06.2021."
Papua New Guinea,2016-17,678077.00,"6,78,077.00",rupee,"Rajya Sabha Starred Question No. 304, 'Foreign Funds Received by NGOs', answered 24.03.2021 (MoS Home, Shri Nityanand Rai)",https://www.scribd.com/document/500156210/Foreign-Contribution-List-MHA,"Annexure-II: Country of Donors Foreign Contribution (in Rupees), Year: 2016-17",2026-09-23,"Excludes donor details < Rs 20,000 per Form FC-4. Scribd copy of the official annexure. Annexure-I: state-wise FC received in Rupees. Annexure-II: donor-country-wise FC in Rupees (excludes donor details < Rs 20,000 per FC-4). 2019-20 tables are PARTIAL: ARs filed as on 16.03.2021; filing deadline extended to 30.06.2021."
Congo,2016-17,627812.00,"6,27,812.00",rupee,"Rajya Sabha Starred Question No. 304, 'Foreign Funds Received by NGOs', answered 24.03.2021 (MoS Home, Shri Nityanand Rai)",https://www.scribd.com/document/500156210/Foreign-Contribution-List-MHA,"Annexure-II: Country of Donors Foreign Contribution (in Rupees), Year: 2016-17",2026-09-23,"Excludes donor details < Rs 20,000 per Form FC-4. Scribd copy of the official annexure. Annexure-I: state-wise FC received in Rupees. Annexure-II: donor-country-wise FC in Rupees (excludes donor details < Rs 20,000 per FC-4). 2019-20 tables are PARTIAL: ARs filed as on 16.03.2021; filing deadline extended to 30.06.2021."
New Caledonia,2016-17,605231.00,"6,05,231.00",rupee,"Rajya Sabha Starred Question No. 304, 'Foreign Funds Received by NGOs', answered 24.03.2021 (MoS Home, Shri Nityanand Rai)",https://www.scribd.com/document/500156210/Foreign-Contribution-List-MHA,"Annexure-II: Country of Donors Foreign Contribution (in Rupees), Year: 2016-17",2026-09-23,"Excludes donor details < Rs 20,000 per Form FC-4. Scribd copy of the official annexure. Annexure-I: state-wise FC received in Rupees. Annexure-II: donor-country-wise FC in Rupees (excludes donor details < Rs 20,000 per FC-4). 2019-20 tables are PARTIAL: ARs filed as on 16.03.2021; filing deadline extended to 30.06.2021."
Ukraine,2016-17,521523.32,"5,21,523.32",rupee,"Rajya Sabha Starred Question No. 304, 'Foreign Funds Received by NGOs', answered 24.03.2021 (MoS Home, Shri Nityanand Rai)",https://www.scribd.com/document/500156210/Foreign-Contribution-List-MHA,"Annexure-II: Country of Donors Foreign Contribution (in Rupees), Year: 2016-17",2026-09-23,"Excludes donor details < Rs 20,000 per Form FC-4. Scribd copy of the official annexure. Annexure-I: state-wise FC received in Rupees. Annexure-II: donor-country-wise FC in Rupees (excludes donor details < Rs 20,000 per FC-4). 2019-20 tables are PARTIAL: ARs filed as on 16.03.2021; filing deadline extended to 30.06.2021."
Liberia,2016-17,520520.00,"5,20,520.00",rupee,"Rajya Sabha Starred Question No. 304, 'Foreign Funds Received by NGOs', answered 24.03.2021 (MoS Home, Shri Nityanand Rai)",https://www.scribd.com/document/500156210/Foreign-Contribution-List-MHA,"Annexure-II: Country of Donors Foreign Contribution (in Rupees), Year: 2016-17",2026-09-23,"Excludes donor details < Rs 20,000 per Form FC-4. Scribd copy of the official annexure. Annexure-I: state-wise FC received in Rupees. Annexure-II: donor-country-wise FC in Rupees (excludes donor details < Rs 20,000 per FC-4). 2019-20 tables are PARTIAL: ARs filed as on 16.03.2021; filing deadline extended to 30.06.2021."
Uruguay,2016-17,484392.00,"4,84,392.00",rupee,"Rajya Sabha Starred Question No. 304, 'Foreign Funds Received by NGOs', answered 24.03.2021 (MoS Home, Shri Nityanand Rai)",https://www.scribd.com/document/500156210/Foreign-Contribution-List-MHA,"Annexure-II: Country of Donors Foreign Contribution (in Rupees), Year: 2016-17",2026-09-23,"Excludes donor details < Rs 20,000 per Form FC-4. Scribd copy of the official annexure. Annexure-I: state-wise FC received in Rupees. Annexure-II: donor-country-wise FC in Rupees (excludes donor details < Rs 20,000 per FC-4). 2019-20 tables are PARTIAL: ARs filed as on 16.03.2021; filing deadline extended to 30.06.2021."
Tajikistan,2016-17,409335.00,"4,09,335.00",rupee,"Rajya Sabha Starred Question No. 304, 'Foreign Funds Received by NGOs', answered 24.03.2021 (MoS Home, Shri Nityanand Rai)",https://www.scribd.com/document/500156210/Foreign-Contribution-List-MHA,"Annexure-II: Country of Donors Foreign Contribution (in Rupees), Year: 2016-17",2026-09-23,"Excludes donor details < Rs 20,000 per Form FC-4. Scribd copy of the official annexure. Annexure-I: state-wise FC received in Rupees. Annexure-II: donor-country-wise FC in Rupees (excludes donor details < Rs 20,000 per FC-4). 2019-20 tables are PARTIAL: ARs filed as on 16.03.2021; filing deadline extended to 30.06.2021."
Mongolia (Peoples Rep),2016-17,368473.20,"3,68,473.20",rupee,"Rajya Sabha Starred Question No. 304, 'Foreign Funds Received by NGOs', answered 24.03.2021 (MoS Home, Shri Nityanand Rai)",https://www.scribd.com/document/500156210/Foreign-Contribution-List-MHA,"Annexure-II: Country of Donors Foreign Contribution (in Rupees), Year: 2016-17",2026-09-23,"Excludes donor details < Rs 20,000 per Form FC-4. Scribd copy of the official annexure. Annexure-I: state-wise FC received in Rupees. Annexure-II: donor-country-wise FC in Rupees (excludes donor details < Rs 20,000 per FC-4). 2019-20 tables are PARTIAL: ARs filed as on 16.03.2021; filing deadline extended to 30.06.2021."
Mozambique,2016-17,335101.00,"3,35,101.00",rupee,"Rajya Sabha Starred Question No. 304, 'Foreign Funds Received by NGOs', answered 24.03.2021 (MoS Home, Shri Nityanand Rai)",https://www.scribd.com/document/500156210/Foreign-Contribution-List-MHA,"Annexure-II: Country of Donors Foreign Contribution (in Rupees), Year: 2016-17",2026-09-23,"Excludes donor details < Rs 20,000 per Form FC-4. Scribd copy of the official annexure. Annexure-I: state-wise FC received in Rupees. Annexure-II: donor-country-wise FC in Rupees (excludes donor details < Rs 20,000 per FC-4). 2019-20 tables are PARTIAL: ARs filed as on 16.03.2021; filing deadline extended to 30.06.2021."
Zimbabwe,2016-17,330355.00,"3,30,355.00",rupee,"Rajya Sabha Starred Question No. 304, 'Foreign Funds Received by NGOs', answered 24.03.2021 (MoS Home, Shri Nityanand Rai)",https://www.scribd.com/document/500156210/Foreign-Contribution-List-MHA,"Annexure-II: Country of Donors Foreign Contribution (in Rupees), Year: 2016-17",2026-09-23,"Excludes donor details < Rs 20,000 per Form FC-4. Scribd copy of the official annexure. Annexure-I: state-wise FC received in Rupees. Annexure-II: donor-country-wise FC in Rupees (excludes donor details < Rs 20,000 per FC-4). 2019-20 tables are PARTIAL: ARs filed as on 16.03.2021; filing deadline extended to 30.06.2021."
St. Christopher and Nevis,2016-17,263783.00,"2,63,783.00",rupee,"Rajya Sabha Starred Question No. 304, 'Foreign Funds Received by NGOs', answered 24.03.2021 (MoS Home, Shri Nityanand Rai)",https://www.scribd.com/document/500156210/Foreign-Contribution-List-MHA,"Annexure-II: Country of Donors Foreign Contribution (in Rupees), Year: 2016-17",2026-09-23,"Excludes donor details < Rs 20,000 per Form FC-4. Scribd copy of the official annexure. Annexure-I: state-wise FC received in Rupees. Annexure-II: donor-country-wise FC in Rupees (excludes donor details < Rs 20,000 per FC-4). 2019-20 tables are PARTIAL: ARs filed as on 16.03.2021; filing deadline extended to 30.06.2021."
Malagasy (Madagascar),2016-17,153410.00,"1,53,410.00",rupee,"Rajya Sabha Starred Question No. 304, 'Foreign Funds Received by NGOs', answered 24.03.2021 (MoS Home, Shri Nityanand Rai)",https://www.scribd.com/document/500156210/Foreign-Contribution-List-MHA,"Annexure-II: Country of Donors Foreign Contribution (in Rupees), Year: 2016-17",2026-09-23,"Excludes donor details < Rs 20,000 per Form FC-4. Scribd copy of the official annexure. Annexure-I: state-wise FC received in Rupees. Annexure-II: donor-country-wise FC in Rupees (excludes donor details < Rs 20,000 per FC-4). 2019-20 tables are PARTIAL: ARs filed as on 16.03.2021; filing deadline extended to 30.06.2021."
Gambia,2016-17,133915.00,"1,33,915.00",rupee,"Rajya Sabha Starred Question No. 304, 'Foreign Funds Received by NGOs', answered 24.03.2021 (MoS Home, Shri Nityanand Rai)",https://www.scribd.com/document/500156210/Foreign-Contribution-List-MHA,"Annexure-II: Country of Donors Foreign Contribution (in Rupees), Year: 2016-17",2026-09-23,"Excludes donor details < Rs 20,000 per Form FC-4. Scribd copy of the official annexure. Annexure-I: state-wise FC received in Rupees. Annexure-II: donor-country-wise FC in Rupees (excludes donor details < Rs 20,000 per FC-4). 2019-20 tables are PARTIAL: ARs filed as on 16.03.2021; filing deadline extended to 30.06.2021."
Belarus,2016-17,125047.00,"1,25,047.00",rupee,"Rajya Sabha Starred Question No. 304, 'Foreign Funds Received by NGOs', answered 24.03.2021 (MoS Home, Shri Nityanand Rai)",https://www.scribd.com/document/500156210/Foreign-Contribution-List-MHA,"Annexure-II: Country of Donors Foreign Contribution (in Rupees), Year: 2016-17",2026-09-23,"Excludes donor details < Rs 20,000 per Form FC-4. Scribd copy of the official annexure. Annexure-I: state-wise FC received in Rupees. Annexure-II: donor-country-wise FC in Rupees (excludes donor details < Rs 20,000 per FC-4). 2019-20 tables are PARTIAL: ARs filed as on 16.03.2021; filing deadline extended to 30.06.2021."
Lithuania,2016-17,117913.00,"1,17,913.00",rupee,"Rajya Sabha Starred Question No. 304, 'Foreign Funds Received by NGOs', answered 24.03.2021 (MoS Home, Shri Nityanand Rai)",https://www.scribd.com/document/500156210/Foreign-Contribution-List-MHA,"Annexure-II: Country of Donors Foreign Contribution (in Rupees), Year: 2016-17",2026-09-23,"Excludes donor details < Rs 20,000 per Form FC-4. Scribd copy of the official annexure. Annexure-I: state-wise FC received in Rupees. Annexure-II: donor-country-wise FC in Rupees (excludes donor details < Rs 20,000 per FC-4). 2019-20 tables are PARTIAL: ARs filed as on 16.03.2021; filing deadline extended to 30.06.2021."
Costa Rica,2016-17,89772.06,"89,772.06",rupee,"Rajya Sabha Starred Question No. 304, 'Foreign Funds Received by NGOs', answered 24.03.2021 (MoS Home, Shri Nityanand Rai)",https://www.scribd.com/document/500156210/Foreign-Contribution-List-MHA,"Annexure-II: Country of Donors Foreign Contribution (in Rupees), Year: 2016-17",2026-09-23,"Excludes donor details < Rs 20,000 per Form FC-4. Scribd copy of the official annexure. Annexure-I: state-wise FC received in Rupees. Annexure-II: donor-country-wise FC in Rupees (excludes donor details < Rs 20,000 per FC-4). 2019-20 tables are PARTIAL: ARs filed as on 16.03.2021; filing deadline extended to 30.06.2021."
Serbia,2016-17,71628.00,"71,628.00",rupee,"Rajya Sabha Starred Question No. 304, 'Foreign Funds Received by NGOs', answered 24.03.2021 (MoS Home, Shri Nityanand Rai)",https://www.scribd.com/document/500156210/Foreign-Contribution-List-MHA,"Annexure-II: Country of Donors Foreign Contribution (in Rupees), Year: 2016-17",2026-09-23,"Excludes donor details < Rs 20,000 per Form FC-4. Scribd copy of the official annexure. Annexure-I: state-wise FC received in Rupees. Annexure-II: donor-country-wise FC in Rupees (excludes donor details < Rs 20,000 per FC-4). 2019-20 tables are PARTIAL: ARs filed as on 16.03.2021; filing deadline extended to 30.06.2021."
Brunei,2016-17,70367.00,"70,367.00",rupee,"Rajya Sabha Starred Question No. 304, 'Foreign Funds Received by NGOs', answered 24.03.2021 (MoS Home, Shri Nityanand Rai)",https://www.scribd.com/document/500156210/Foreign-Contribution-List-MHA,"Annexure-II: Country of Donors Foreign Contribution (in Rupees), Year: 2016-17",2026-09-23,"Excludes donor details < Rs 20,000 per Form FC-4. Scribd copy of the official annexure. Annexure-I: state-wise FC received in Rupees. Annexure-II: donor-country-wise FC in Rupees (excludes donor details < Rs 20,000 per FC-4). 2019-20 tables are PARTIAL: ARs filed as on 16.03.2021; filing deadline extended to 30.06.2021."
Laos,2016-17,65950.00,"65,950.00",rupee,"Rajya Sabha Starred Question No. 304, 'Foreign Funds Received by NGOs', answered 24.03.2021 (MoS Home, Shri Nityanand Rai)",https://www.scribd.com/document/500156210/Foreign-Contribution-List-MHA,"Annexure-II: Country of Donors Foreign Contribution (in Rupees), Year: 2016-17",2026-09-23,"Excludes donor details < Rs 20,000 per Form FC-4. Scribd copy of the official annexure. Annexure-I: state-wise FC received in Rupees. Annexure-II: donor-country-wise FC in Rupees (excludes donor details < Rs 20,000 per FC-4). 2019-20 tables are PARTIAL: ARs filed as on 16.03.2021; filing deadline extended to 30.06.2021."
Rwanda,2016-17,49000.00,"49,000.00",rupee,"Rajya Sabha Starred Question No. 304, 'Foreign Funds Received by NGOs', answered 24.03.2021 (MoS Home, Shri Nityanand Rai)",https://www.scribd.com/document/500156210/Foreign-Contribution-List-MHA,"Annexure-II: Country of Donors Foreign Contribution (in Rupees), Year: 2016-17",2026-09-23,"Excludes donor details < Rs 20,000 per Form FC-4. Scribd copy of the official annexure. Annexure-I: state-wise FC received in Rupees. Annexure-II: donor-country-wise FC in Rupees (excludes donor details < Rs 20,000 per FC-4). 2019-20 tables are PARTIAL: ARs filed as on 16.03.2021; filing deadline extended to 30.06.2021."
Kyrgyzstan,2016-17,48000.00,"48,000.00",rupee,"Rajya Sabha Starred Question No. 304, 'Foreign Funds Received by NGOs', answered 24.03.2021 (MoS Home, Shri Nityanand Rai)",https://www.scribd.com/document/500156210/Foreign-Contribution-List-MHA,"Annexure-II: Country of Donors Foreign Contribution (in Rupees), Year: 2016-17",2026-09-23,"Excludes donor details < Rs 20,000 per Form FC-4. Scribd copy of the official annexure. Annexure-I: state-wise FC received in Rupees. Annexure-II: donor-country-wise FC in Rupees (excludes donor details < Rs 20,000 per FC-4). 2019-20 tables are PARTIAL: ARs filed as on 16.03.2021; filing deadline extended to 30.06.2021."
Venezuela,2016-17,26446.00,"26,446.00",rupee,"Rajya Sabha Starred Question No. 304, 'Foreign Funds Received by NGOs', answered 24.03.2021 (MoS Home, Shri Nityanand Rai)",https://www.scribd.com/document/500156210/Foreign-Contribution-List-MHA,"Annexure-II: Country of Donors Foreign Contribution (in Rupees), Year: 2016-17",2026-09-23,"Excludes donor details < Rs 20,000 per Form FC-4. Scribd copy of the official annexure. Annexure-I: state-wise FC received in Rupees. Annexure-II: donor-country-wise FC in Rupees (excludes donor details < Rs 20,000 per FC-4). 2019-20 tables are PARTIAL: ARs filed as on 16.03.2021; filing deadline extended to 30.06.2021."
ALL-COUNTRIES-TOTAL,2016-17,150798916543.06,"1,50,79,89,16,543.06",rupee,"Rajya Sabha Starred Question No. 304, 'Foreign Funds Received by NGOs', answered 24.03.2021 (MoS Home, Shri Nityanand Rai)",https://www.scribd.com/document/500156210/Foreign-Contribution-List-MHA,"Annexure-II total row, Year: 2016-17",2026-09-23,"Stated total in source; excludes donor details < Rs 20,000. Scribd copy of the official annexure. Annexure-I: state-wise FC received in Rupees. Annexure-II: donor-country-wise FC in Rupees (excludes donor details < Rs 20,000 per FC-4). 2019-20 tables are PARTIAL: ARs filed as on 16.03.2021; filing deadline extended to 30.06.2021."
United States of America,2017-18,61991083664.03,"61,99,10,83,664.03",rupee,"Rajya Sabha Starred Question No. 304, 'Foreign Funds Received by NGOs', answered 24.03.2021 (MoS Home, Shri Nityanand Rai)",https://www.scribd.com/document/500156210/Foreign-Contribution-List-MHA,"Annexure-II: Country of Donors Foreign Contribution (in Rupees), Year: 2017-18",2026-09-23,"Excludes donor details < Rs 20,000 per Form FC-4. Scribd copy of the official annexure. Annexure-I: state-wise FC received in Rupees. Annexure-II: donor-country-wise FC in Rupees (excludes donor details < Rs 20,000 per FC-4). 2019-20 tables are PARTIAL: ARs filed as on 16.03.2021; filing deadline extended to 30.06.2021."
India,2017-18,23239318853.21,"23,23,93,18,853.21",rupee,"Rajya Sabha Starred Question No. 304, 'Foreign Funds Received by NGOs', answered 24.03.2021 (MoS Home, Shri Nityanand Rai)",https://www.scribd.com/document/500156210/Foreign-Contribution-List-MHA,"Annexure-II: Country of Donors Foreign Contribution (in Rupees), Year: 2017-18",2026-09-23,"Excludes donor details < Rs 20,000 per Form FC-4. Scribd copy of the official annexure. Annexure-I: state-wise FC received in Rupees. Annexure-II: donor-country-wise FC in Rupees (excludes donor details < Rs 20,000 per FC-4). 2019-20 tables are PARTIAL: ARs filed as on 16.03.2021; filing deadline extended to 30.06.2021."
United Kingdom,2017-18,14864069866.28,"14,86,40,69,866.28",rupee,"Rajya Sabha Starred Question No. 304, 'Foreign Funds Received by NGOs', answered 24.03.2021 (MoS Home, Shri Nityanand Rai)",https://www.scribd.com/document/500156210/Foreign-Contribution-List-MHA,"Annexure-II: Country of Donors Foreign Contribution (in Rupees), Year: 2017-18",2026-09-23,"Excludes donor details < Rs 20,000 per Form FC-4. Scribd copy of the official annexure. Annexure-I: state-wise FC received in Rupees. Annexure-II: donor-country-wise FC in Rupees (excludes donor details < Rs 20,000 per FC-4). 2019-20 tables are PARTIAL: ARs filed as on 16.03.2021; filing deadline extended to 30.06.2021."
Germany,2017-18,14618878664.48,"14,61,88,78,664.48",rupee,"Rajya Sabha Starred Question No. 304, 'Foreign Funds Received by NGOs', answered 24.03.2021 (MoS Home, Shri Nityanand Rai)",https://www.scribd.com/document/500156210/Foreign-Contribution-List-MHA,"Annexure-II: Country of Donors Foreign Contribution (in Rupees), Year: 2017-18",2026-09-23,"Excludes donor details < Rs 20,000 per Form FC-4. Scribd copy of the official annexure. Annexure-I: state-wise FC received in Rupees. Annexure-II: donor-country-wise FC in Rupees (excludes donor details < Rs 20,000 per FC-4). 2019-20 tables are PARTIAL: ARs filed as on 16.03.2021; filing deadline extended to 30.06.2021."
Netherlands,2017-18,11814620103.73,"11,81,46,20,103.73",rupee,"Rajya Sabha Starred Question No. 304, 'Foreign Funds Received by NGOs', answered 24.03.2021 (MoS Home, Shri Nityanand Rai)",https://www.scribd.com/document/500156210/Foreign-Contribution-List-MHA,"Annexure-II: Country of Donors Foreign Contribution (in Rupees), Year: 2017-18",2026-09-23,"Excludes donor details < Rs 20,000 per Form FC-4. Scribd copy of the official annexure. Annexure-I: state-wise FC received in Rupees. Annexure-II: donor-country-wise FC in Rupees (excludes donor details < Rs 20,000 per FC-4). 2019-20 tables are PARTIAL: ARs filed as on 16.03.2021; filing deadline extended to 30.06.2021."
South Korea,2017-18,5104593646.67,"5,10,45,93,646.67",rupee,"Rajya Sabha Starred Question No. 304, 'Foreign Funds Received by NGOs', answered 24.03.2021 (MoS Home, Shri Nityanand Rai)",https://www.scribd.com/document/500156210/Foreign-Contribution-List-MHA,"Annexure-II: Country of Donors Foreign Contribution (in Rupees), Year: 2017-18",2026-09-23,"Excludes donor details < Rs 20,000 per Form FC-4. Scribd copy of the official annexure. Annexure-I: state-wise FC received in Rupees. Annexure-II: donor-country-wise FC in Rupees (excludes donor details < Rs 20,000 per FC-4). 2019-20 tables are PARTIAL: ARs filed as on 16.03.2021; filing deadline extended to 30.06.2021."
Switzerland,2017-18,4898694610.67,"4,89,86,94,610.67",rupee,"Rajya Sabha Starred Question No. 304, 'Foreign Funds Received by NGOs', answered 24.03.2021 (MoS Home, Shri Nityanand Rai)",https://www.scribd.com/document/500156210/Foreign-Contribution-List-MHA,"Annexure-II: Country of Donors Foreign Contribution (in Rupees), Year: 2017-18",2026-09-23,"Excludes donor details < Rs 20,000 per Form FC-4. Scribd copy of the official annexure. Annexure-I: state-wise FC received in Rupees. Annexure-II: donor-country-wise FC in Rupees (excludes donor details < Rs 20,000 per FC-4). 2019-20 tables are PARTIAL: ARs filed as on 16.03.2021; filing deadline extended to 30.06.2021."
Italy,2017-18,4523475998.91,"4,52,34,75,998.91",rupee,"Rajya Sabha Starred Question No. 304, 'Foreign Funds Received by NGOs', answered 24.03.2021 (MoS Home, Shri Nityanand Rai)",https://www.scribd.com/document/500156210/Foreign-Contribution-List-MHA,"Annexure-II: Country of Donors Foreign Contribution (in Rupees), Year: 2017-18",2026-09-23,"Excludes donor details < Rs 20,000 per Form FC-4. Scribd copy of the official annexure. Annexure-I: state-wise FC received in Rupees. Annexure-II: donor-country-wise FC in Rupees (excludes donor details < Rs 20,000 per FC-4). 2019-20 tables are PARTIAL: ARs filed as on 16.03.2021; filing deadline extended to 30.06.2021."
Canada,2017-18,4273467104.42,"4,27,34,67,104.42",rupee,"Rajya Sabha Starred Question No. 304, 'Foreign Funds Received by NGOs', answered 24.03.2021 (MoS Home, Shri Nityanand Rai)",https://www.scribd.com/document/500156210/Foreign-Contribution-List-MHA,"Annexure-II: Country of Donors Foreign Contribution (in Rupees), Year: 2017-18",2026-09-23,"Excludes donor details < Rs 20,000 per Form FC-4. Scribd copy of the official annexure. Annexure-I: state-wise FC received in Rupees. Annexure-II: donor-country-wise FC in Rupees (excludes donor details < Rs 20,000 per FC-4). 2019-20 tables are PARTIAL: ARs filed as on 16.03.2021; filing deadline extended to 30.06.2021."
Spain,2017-18,3963037594.86,"3,96,30,37,594.86",rupee,"Rajya Sabha Starred Question No. 304, 'Foreign Funds Received by NGOs', answered 24.03.2021 (MoS Home, Shri Nityanand Rai)",https://www.scribd.com/document/500156210/Foreign-Contribution-List-MHA,"Annexure-II: Country of Donors Foreign Contribution (in Rupees), Year: 2017-18",2026-09-23,"Excludes donor details < Rs 20,000 per Form FC-4. Scribd copy of the official annexure. Annexure-I: state-wise FC received in Rupees. Annexure-II: donor-country-wise FC in Rupees (excludes donor details < Rs 20,000 per FC-4). 2019-20 tables are PARTIAL: ARs filed as on 16.03.2021; filing deadline extended to 30.06.2021."
Australia,2017-18,2433750426.12,"2,43,37,50,426.12",rupee,"Rajya Sabha Starred Question No. 304, 'Foreign Funds Received by NGOs', answered 24.03.2021 (MoS Home, Shri Nityanand Rai)",https://www.scribd.com/document/500156210/Foreign-Contribution-List-MHA,"Annexure-II: Country of Donors Foreign Contribution (in Rupees), Year: 2017-18",2026-09-23,"Excludes donor details < Rs 20,000 per Form FC-4. Scribd copy of the official annexure. Annexure-I: state-wise FC received in Rupees. Annexure-II: donor-country-wise FC in Rupees (excludes donor details < Rs 20,000 per FC-4). 2019-20 tables are PARTIAL: ARs filed as on 16.03.2021; filing deadline extended to 30.06.2021."
France,2017-18,2149392170.70,"2,14,93,92,170.70",rupee,"Rajya Sabha Starred Question No. 304, 'Foreign Funds Received by NGOs', answered 24.03.2021 (MoS Home, Shri Nityanand Rai)",https://www.scribd.com/document/500156210/Foreign-Contribution-List-MHA,"Annexure-II: Country of Donors Foreign Contribution (in Rupees), Year: 2017-18",2026-09-23,"Excludes donor details < Rs 20,000 per Form FC-4. Scribd copy of the official annexure. Annexure-I: state-wise FC received in Rupees. Annexure-II: donor-country-wise FC in Rupees (excludes donor details < Rs 20,000 per FC-4). 2019-20 tables are PARTIAL: ARs filed as on 16.03.2021; filing deadline extended to 30.06.2021."
Austria,2017-18,1472453811.05,"1,47,24,53,811.05",rupee,"Rajya Sabha Starred Question No. 304, 'Foreign Funds Received by NGOs', answered 24.03.2021 (MoS Home, Shri Nityanand Rai)",https://www.scribd.com/document/500156210/Foreign-Contribution-List-MHA,"Annexure-II: Country of Donors Foreign Contribution (in Rupees), Year: 2017-18",2026-09-23,"Excludes donor details < Rs 20,000 per Form FC-4. Scribd copy of the official annexure. Annexure-I: state-wise FC received in Rupees. Annexure-II: donor-country-wise FC in Rupees (excludes donor details < Rs 20,000 per FC-4). 2019-20 tables are PARTIAL: ARs filed as on 16.03.2021; filing deadline extended to 30.06.2021."
Hong Kong,2017-18,1199013733.35,"1,19,90,13,733.35",rupee,"Rajya Sabha Starred Question No. 304, 'Foreign Funds Received by NGOs', answered 24.03.2021 (MoS Home, Shri Nityanand Rai)",https://www.scribd.com/document/500156210/Foreign-Contribution-List-MHA,"Annexure-II: Country of Donors Foreign Contribution (in Rupees), Year: 2017-18",2026-09-23,"Excludes donor details < Rs 20,000 per Form FC-4. Scribd copy of the official annexure. Annexure-I: state-wise FC received in Rupees. Annexure-II: donor-country-wise FC in Rupees (excludes donor details < Rs 20,000 per FC-4). 2019-20 tables are PARTIAL: ARs filed as on 16.03.2021; filing deadline extended to 30.06.2021."
Sweden,2017-18,1145168874.19,"1,14,51,68,874.19",rupee,"Rajya Sabha Starred Question No. 304, 'Foreign Funds Received by NGOs', answered 24.03.2021 (MoS Home, Shri Nityanand Rai)",https://www.scribd.com/document/500156210/Foreign-Contribution-List-MHA,"Annexure-II: Country of Donors Foreign Contribution (in Rupees), Year: 2017-18",2026-09-23,"Excludes donor details < Rs 20,000 per Form FC-4. Scribd copy of the official annexure. Annexure-I: state-wise FC received in Rupees. Annexure-II: donor-country-wise FC in Rupees (excludes donor details < Rs 20,000 per FC-4). 2019-20 tables are PARTIAL: ARs filed as on 16.03.2021; filing deadline extended to 30.06.2021."
United Arab Emirates,2017-18,1076613056.88,"1,07,66,13,056.88",rupee,"Rajya Sabha Starred Question No. 304, 'Foreign Funds Received by NGOs', answered 24.03.2021 (MoS Home, Shri Nityanand Rai)",https://www.scribd.com/document/500156210/Foreign-Contribution-List-MHA,"Annexure-II: Country of Donors Foreign Contribution (in Rupees), Year: 2017-18",2026-09-23,"Excludes donor details < Rs 20,000 per Form FC-4. Scribd copy of the official annexure. Annexure-I: state-wise FC received in Rupees. Annexure-II: donor-country-wise FC in Rupees (excludes donor details < Rs 20,000 per FC-4). 2019-20 tables are PARTIAL: ARs filed as on 16.03.2021; filing deadline extended to 30.06.2021."
Belgium,2017-18,960981166.60,"96,09,81,166.60",rupee,"Rajya Sabha Starred Question No. 304, 'Foreign Funds Received by NGOs', answered 24.03.2021 (MoS Home, Shri Nityanand Rai)",https://www.scribd.com/document/500156210/Foreign-Contribution-List-MHA,"Annexure-II: Country of Donors Foreign Contribution (in Rupees), Year: 2017-18",2026-09-23,"Excludes donor details < Rs 20,000 per Form FC-4. Scribd copy of the official annexure. Annexure-I: state-wise FC received in Rupees. Annexure-II: donor-country-wise FC in Rupees (excludes donor details < Rs 20,000 per FC-4). 2019-20 tables are PARTIAL: ARs filed as on 16.03.2021; filing deadline extended to 30.06.2021."
Kuwait,2017-18,804933029.19,"80,49,33,029.19",rupee,"Rajya Sabha Starred Question No. 304, 'Foreign Funds Received by NGOs', answered 24.03.2021 (MoS Home, Shri Nityanand Rai)",https://www.scribd.com/document/500156210/Foreign-Contribution-List-MHA,"Annexure-II: Country of Donors Foreign Contribution (in Rupees), Year: 2017-18",2026-09-23,"Excludes donor details < Rs 20,000 per Form FC-4. Scribd copy of the official annexure. Annexure-I: state-wise FC received in Rupees. Annexure-II: donor-country-wise FC in Rupees (excludes donor details < Rs 20,000 per FC-4). 2019-20 tables are PARTIAL: ARs filed as on 16.03.2021; filing deadline extended to 30.06.2021."
South Africa,2017-18,613008693.66,"61,30,08,693.66",rupee,"Rajya Sabha Starred Question No. 304, 'Foreign Funds Received by NGOs', answered 24.03.2021 (MoS Home, Shri Nityanand Rai)",https://www.scribd.com/document/500156210/Foreign-Contribution-List-MHA,"Annexure-II: Country of Donors Foreign Contribution (in Rupees), Year: 2017-18",2026-09-23,"Excludes donor details < Rs 20,000 per Form FC-4. Scribd copy of the official annexure. Annexure-I: state-wise FC received in Rupees. Annexure-II: donor-country-wise FC in Rupees (excludes donor details < Rs 20,000 per FC-4). 2019-20 tables are PARTIAL: ARs filed as on 16.03.2021; filing deadline extended to 30.06.2021."
Norway,2017-18,602115262.81,"60,21,15,262.81",rupee,"Rajya Sabha Starred Question No. 304, 'Foreign Funds Received by NGOs', answered 24.03.2021 (MoS Home, Shri Nityanand Rai)",https://www.scribd.com/document/500156210/Foreign-Contribution-List-MHA,"Annexure-II: Country of Donors Foreign Contribution (in Rupees), Year: 2017-18",2026-09-23,"Excludes donor details < Rs 20,000 per Form FC-4. Scribd copy of the official annexure. Annexure-I: state-wise FC received in Rupees. Annexure-II: donor-country-wise FC in Rupees (excludes donor details < Rs 20,000 per FC-4). 2019-20 tables are PARTIAL: ARs filed as on 16.03.2021; filing deadline extended to 30.06.2021."
Singapore,2017-18,558782898.92,"55,87,82,898.92",rupee,"Rajya Sabha Starred Question No. 304, 'Foreign Funds Received by NGOs', answered 24.03.2021 (MoS Home, Shri Nityanand Rai)",https://www.scribd.com/document/500156210/Foreign-Contribution-List-MHA,"Annexure-II: Country of Donors Foreign Contribution (in Rupees), Year: 2017-18",2026-09-23,"Excludes donor details < Rs 20,000 per Form FC-4. Scribd copy of the official annexure. Annexure-I: state-wise FC received in Rupees. Annexure-II: donor-country-wise FC in Rupees (excludes donor details < Rs 20,000 per FC-4). 2019-20 tables are PARTIAL: ARs filed as on 16.03.2021; filing deadline extended to 30.06.2021."
Japan,2017-18,512008578.08,"51,20,08,578.08",rupee,"Rajya Sabha Starred Question No. 304, 'Foreign Funds Received by NGOs', answered 24.03.2021 (MoS Home, Shri Nityanand Rai)",https://www.scribd.com/document/500156210/Foreign-Contribution-List-MHA,"Annexure-II: Country of Donors Foreign Contribution (in Rupees), Year: 2017-18",2026-09-23,"Excludes donor details < Rs 20,000 per Form FC-4. Scribd copy of the official annexure. Annexure-I: state-wise FC received in Rupees. Annexure-II: donor-country-wise FC in Rupees (excludes donor details < Rs 20,000 per FC-4). 2019-20 tables are PARTIAL: ARs filed as on 16.03.2021; filing deadline extended to 30.06.2021."
Ireland,2017-18,416250074.99,"41,62,50,074.99",rupee,"Rajya Sabha Starred Question No. 304, 'Foreign Funds Received by NGOs', answered 24.03.2021 (MoS Home, Shri Nityanand Rai)",https://www.scribd.com/document/500156210/Foreign-Contribution-List-MHA,"Annexure-II: Country of Donors Foreign Contribution (in Rupees), Year: 2017-18",2026-09-23,"Excludes donor details < Rs 20,000 per Form FC-4. Scribd copy of the official annexure. Annexure-I: state-wise FC received in Rupees. Annexure-II: donor-country-wise FC in Rupees (excludes donor details < Rs 20,000 per FC-4). 2019-20 tables are PARTIAL: ARs filed as on 16.03.2021; filing deadline extended to 30.06.2021."
Taiwan,2017-18,379589923.34,"37,95,89,923.34",rupee,"Rajya Sabha Starred Question No. 304, 'Foreign Funds Received by NGOs', answered 24.03.2021 (MoS Home, Shri Nityanand Rai)",https://www.scribd.com/document/500156210/Foreign-Contribution-List-MHA,"Annexure-II: Country of Donors Foreign Contribution (in Rupees), Year: 2017-18",2026-09-23,"Excludes donor details < Rs 20,000 per Form FC-4. Scribd copy of the official annexure. Annexure-I: state-wise FC received in Rupees. Annexure-II: donor-country-wise FC in Rupees (excludes donor details < Rs 20,000 per FC-4). 2019-20 tables are PARTIAL: ARs filed as on 16.03.2021; filing deadline extended to 30.06.2021."
Denmark,2017-18,329673357.30,"32,96,73,357.30",rupee,"Rajya Sabha Starred Question No. 304, 'Foreign Funds Received by NGOs', answered 24.03.2021 (MoS Home, Shri Nityanand Rai)",https://www.scribd.com/document/500156210/Foreign-Contribution-List-MHA,"Annexure-II: Country of Donors Foreign Contribution (in Rupees), Year: 2017-18",2026-09-23,"Excludes donor details < Rs 20,000 per Form FC-4. Scribd copy of the official annexure. Annexure-I: state-wise FC received in Rupees. Annexure-II: donor-country-wise FC in Rupees (excludes donor details < Rs 20,000 per FC-4). 2019-20 tables are PARTIAL: ARs filed as on 16.03.2021; filing deadline extended to 30.06.2021."
Qatar,2017-18,311009928.00,"31,10,09,928.00",rupee,"Rajya Sabha Starred Question No. 304, 'Foreign Funds Received by NGOs', answered 24.03.2021 (MoS Home, Shri Nityanand Rai)",https://www.scribd.com/document/500156210/Foreign-Contribution-List-MHA,"Annexure-II: Country of Donors Foreign Contribution (in Rupees), Year: 2017-18",2026-09-23,"Excludes donor details < Rs 20,000 per Form FC-4. Scribd copy of the official annexure. Annexure-I: state-wise FC received in Rupees. Annexure-II: donor-country-wise FC in Rupees (excludes donor details < Rs 20,000 per FC-4). 2019-20 tables are PARTIAL: ARs filed as on 16.03.2021; filing deadline extended to 30.06.2021."
New Zealand,2017-18,289926258.69,"28,99,26,258.69",rupee,"Rajya Sabha Starred Question No. 304, 'Foreign Funds Received by NGOs', answered 24.03.2021 (MoS Home, Shri Nityanand Rai)",https://www.scribd.com/document/500156210/Foreign-Contribution-List-MHA,"Annexure-II: Country of Donors Foreign Contribution (in Rupees), Year: 2017-18",2026-09-23,"Excludes donor details < Rs 20,000 per Form FC-4. Scribd copy of the official annexure. Annexure-I: state-wise FC received in Rupees. Annexure-II: donor-country-wise FC in Rupees (excludes donor details < Rs 20,000 per FC-4). 2019-20 tables are PARTIAL: ARs filed as on 16.03.2021; filing deadline extended to 30.06.2021."
Finland,2017-18,269899095.12,"26,98,99,095.12",rupee,"Rajya Sabha Starred Question No. 304, 'Foreign Funds Received by NGOs', answered 24.03.2021 (MoS Home, Shri Nityanand Rai)",https://www.scribd.com/document/500156210/Foreign-Contribution-List-MHA,"Annexure-II: Country of Donors Foreign Contribution (in Rupees), Year: 2017-18",2026-09-23,"Excludes donor details < Rs 20,000 per Form FC-4. Scribd copy of the official annexure. Annexure-I: state-wise FC received in Rupees. Annexure-II: donor-country-wise FC in Rupees (excludes donor details < Rs 20,000 per FC-4). 2019-20 tables are PARTIAL: ARs filed as on 16.03.2021; filing deadline extended to 30.06.2021."
Thailand,2017-18,263640712.08,"26,36,40,712.08",rupee,"Rajya Sabha Starred Question No. 304, 'Foreign Funds Received by NGOs', answered 24.03.2021 (MoS Home, Shri Nityanand Rai)",https://www.scribd.com/document/500156210/Foreign-Contribution-List-MHA,"Annexure-II: Country of Donors Foreign Contribution (in Rupees), Year: 2017-18",2026-09-23,"Excludes donor details < Rs 20,000 per Form FC-4. Scribd copy of the official annexure. Annexure-I: state-wise FC received in Rupees. Annexure-II: donor-country-wise FC in Rupees (excludes donor details < Rs 20,000 per FC-4). 2019-20 tables are PARTIAL: ARs filed as on 16.03.2021; filing deadline extended to 30.06.2021."
Philippines,2017-18,235888158.16,"23,58,88,158.16",rupee,"Rajya Sabha Starred Question No. 304, 'Foreign Funds Received by NGOs', answered 24.03.2021 (MoS Home, Shri Nityanand Rai)",https://www.scribd.com/document/500156210/Foreign-Contribution-List-MHA,"Annexure-II: Country of Donors Foreign Contribution (in Rupees), Year: 2017-18",2026-09-23,"Excludes donor details < Rs 20,000 per Form FC-4. Scribd copy of the official annexure. Annexure-I: state-wise FC received in Rupees. Annexure-II: donor-country-wise FC in Rupees (excludes donor details < Rs 20,000 per FC-4). 2019-20 tables are PARTIAL: ARs filed as on 16.03.2021; filing deadline extended to 30.06.2021."
Swaziland,2017-18,214508850.01,"21,45,08,850.01",rupee,"Rajya Sabha Starred Question No. 304, 'Foreign Funds Received by NGOs', answered 24.03.2021 (MoS Home, Shri Nityanand Rai)",https://www.scribd.com/document/500156210/Foreign-Contribution-List-MHA,"Annexure-II: Country of Donors Foreign Contribution (in Rupees), Year: 2017-18",2026-09-23,"Excludes donor details < Rs 20,000 per Form FC-4. Scribd copy of the official annexure. Annexure-I: state-wise FC received in Rupees. Annexure-II: donor-country-wise FC in Rupees (excludes donor details < Rs 20,000 per FC-4). 2019-20 tables are PARTIAL: ARs filed as on 16.03.2021; filing deadline extended to 30.06.2021."
Luxembourg,2017-18,167100800.28,"16,71,00,800.28",rupee,"Rajya Sabha Starred Question No. 304, 'Foreign Funds Received by NGOs', answered 24.03.2021 (MoS Home, Shri Nityanand Rai)",https://www.scribd.com/document/500156210/Foreign-Contribution-List-MHA,"Annexure-II: Country of Donors Foreign Contribution (in Rupees), Year: 2017-18",2026-09-23,"Excludes donor details < Rs 20,000 per Form FC-4. Scribd copy of the official annexure. Annexure-I: state-wise FC received in Rupees. Annexure-II: donor-country-wise FC in Rupees (excludes donor details < Rs 20,000 per FC-4). 2019-20 tables are PARTIAL: ARs filed as on 16.03.2021; filing deadline extended to 30.06.2021."
Czech Republic,2017-18,135689837.08,"13,56,89,837.08",rupee,"Rajya Sabha Starred Question No. 304, 'Foreign Funds Received by NGOs', answered 24.03.2021 (MoS Home, Shri Nityanand Rai)",https://www.scribd.com/document/500156210/Foreign-Contribution-List-MHA,"Annexure-II: Country of Donors Foreign Contribution (in Rupees), Year: 2017-18",2026-09-23,"Excludes donor details < Rs 20,000 per Form FC-4. Scribd copy of the official annexure. Annexure-I: state-wise FC received in Rupees. Annexure-II: donor-country-wise FC in Rupees (excludes donor details < Rs 20,000 per FC-4). 2019-20 tables are PARTIAL: ARs filed as on 16.03.2021; filing deadline extended to 30.06.2021."
Malaysia,2017-18,133268400.44,"13,32,68,400.44",rupee,"Rajya Sabha Starred Question No. 304, 'Foreign Funds Received by NGOs', answered 24.03.2021 (MoS Home, Shri Nityanand Rai)",https://www.scribd.com/document/500156210/Foreign-Contribution-List-MHA,"Annexure-II: Country of Donors Foreign Contribution (in Rupees), Year: 2017-18",2026-09-23,"Excludes donor details < Rs 20,000 per Form FC-4. Scribd copy of the official annexure. Annexure-I: state-wise FC received in Rupees. Annexure-II: donor-country-wise FC in Rupees (excludes donor details < Rs 20,000 per FC-4). 2019-20 tables are PARTIAL: ARs filed as on 16.03.2021; filing deadline extended to 30.06.2021."
Nepal,2017-18,105385312.09,"10,53,85,312.09",rupee,"Rajya Sabha Starred Question No. 304, 'Foreign Funds Received by NGOs', answered 24.03.2021 (MoS Home, Shri Nityanand Rai)",https://www.scribd.com/document/500156210/Foreign-Contribution-List-MHA,"Annexure-II: Country of Donors Foreign Contribution (in Rupees), Year: 2017-18",2026-09-23,"Excludes donor details < Rs 20,000 per Form FC-4. Scribd copy of the official annexure. Annexure-I: state-wise FC received in Rupees. Annexure-II: donor-country-wise FC in Rupees (excludes donor details < Rs 20,000 per FC-4). 2019-20 tables are PARTIAL: ARs filed as on 16.03.2021; filing deadline extended to 30.06.2021."
China,2017-18,92591931.50,"9,25,91,931.50",rupee,"Rajya Sabha Starred Question No. 304, 'Foreign Funds Received by NGOs', answered 24.03.2021 (MoS Home, Shri Nityanand Rai)",https://www.scribd.com/document/500156210/Foreign-Contribution-List-MHA,"Annexure-II: Country of Donors Foreign Contribution (in Rupees), Year: 2017-18",2026-09-23,"Excludes donor details < Rs 20,000 per Form FC-4. Scribd copy of the official annexure. Annexure-I: state-wise FC received in Rupees. Annexure-II: donor-country-wise FC in Rupees (excludes donor details < Rs 20,000 per FC-4). 2019-20 tables are PARTIAL: ARs filed as on 16.03.2021; filing deadline extended to 30.06.2021."
Liechtenstein,2017-18,90821052.25,"9,08,21,052.25",rupee,"Rajya Sabha Starred Question No. 304, 'Foreign Funds Received by NGOs', answered 24.03.2021 (MoS Home, Shri Nityanand Rai)",https://www.scribd.com/document/500156210/Foreign-Contribution-List-MHA,"Annexure-II: Country of Donors Foreign Contribution (in Rupees), Year: 2017-18",2026-09-23,"Excludes donor details < Rs 20,000 per Form FC-4. Scribd copy of the official annexure. Annexure-I: state-wise FC received in Rupees. Annexure-II: donor-country-wise FC in Rupees (excludes donor details < Rs 20,000 per FC-4). 2019-20 tables are PARTIAL: ARs filed as on 16.03.2021; filing deadline extended to 30.06.2021."
Bahamas,2017-18,76054220.00,"7,60,54,220.00",rupee,"Rajya Sabha Starred Question No. 304, 'Foreign Funds Received by NGOs', answered 24.03.2021 (MoS Home, Shri Nityanand Rai)",https://www.scribd.com/document/500156210/Foreign-Contribution-List-MHA,"Annexure-II: Country of Donors Foreign Contribution (in Rupees), Year: 2017-18",2026-09-23,"Excludes donor details < Rs 20,000 per Form FC-4. Scribd copy of the official annexure. Annexure-I: state-wise FC received in Rupees. Annexure-II: donor-country-wise FC in Rupees (excludes donor details < Rs 20,000 per FC-4). 2019-20 tables are PARTIAL: ARs filed as on 16.03.2021; filing deadline extended to 30.06.2021."
Indonesia,2017-18,64712324.49,"6,47,12,324.49",rupee,"Rajya Sabha Starred Question No. 304, 'Foreign Funds Received by NGOs', answered 24.03.2021 (MoS Home, Shri Nityanand Rai)",https://www.scribd.com/document/500156210/Foreign-Contribution-List-MHA,"Annexure-II: Country of Donors Foreign Contribution (in Rupees), Year: 2017-18",2026-09-23,"Excludes donor details < Rs 20,000 per Form FC-4. Scribd copy of the official annexure. Annexure-I: state-wise FC received in Rupees. Annexure-II: donor-country-wise FC in Rupees (excludes donor details < Rs 20,000 per FC-4). 2019-20 tables are PARTIAL: ARs filed as on 16.03.2021; filing deadline extended to 30.06.2021."
Oman,2017-18,62260624.89,"6,22,60,624.89",rupee,"Rajya Sabha Starred Question No. 304, 'Foreign Funds Received by NGOs', answered 24.03.2021 (MoS Home, Shri Nityanand Rai)",https://www.scribd.com/document/500156210/Foreign-Contribution-List-MHA,"Annexure-II: Country of Donors Foreign Contribution (in Rupees), Year: 2017-18",2026-09-23,"Excludes donor details < Rs 20,000 per Form FC-4. Scribd copy of the official annexure. Annexure-I: state-wise FC received in Rupees. Annexure-II: donor-country-wise FC in Rupees (excludes donor details < Rs 20,000 per FC-4). 2019-20 tables are PARTIAL: ARs filed as on 16.03.2021; filing deadline extended to 30.06.2021."
Turkey,2017-18,60845447.81,"6,08,45,447.81",rupee,"Rajya Sabha Starred Question No. 304, 'Foreign Funds Received by NGOs', answered 24.03.2021 (MoS Home, Shri Nityanand Rai)",https://www.scribd.com/document/500156210/Foreign-Contribution-List-MHA,"Annexure-II: Country of Donors Foreign Contribution (in Rupees), Year: 2017-18",2026-09-23,"Excludes donor details < Rs 20,000 per Form FC-4. Scribd copy of the official annexure. Annexure-I: state-wise FC received in Rupees. Annexure-II: donor-country-wise FC in Rupees (excludes donor details < Rs 20,000 per FC-4). 2019-20 tables are PARTIAL: ARs filed as on 16.03.2021; filing deadline extended to 30.06.2021."
Kenya,2017-18,50621597.04,"5,06,21,597.04",rupee,"Rajya Sabha Starred Question No. 304, 'Foreign Funds Received by NGOs', answered 24.03.2021 (MoS Home, Shri Nityanand Rai)",https://www.scribd.com/document/500156210/Foreign-Contribution-List-MHA,"Annexure-II: Country of Donors Foreign Contribution (in Rupees), Year: 2017-18",2026-09-23,"Excludes donor details < Rs 20,000 per Form FC-4. Scribd copy of the official annexure. Annexure-I: state-wise FC received in Rupees. Annexure-II: donor-country-wise FC in Rupees (excludes donor details < Rs 20,000 per FC-4). 2019-20 tables are PARTIAL: ARs filed as on 16.03.2021; filing deadline extended to 30.06.2021."
Morocco,2017-18,49861796.94,"4,98,61,796.94",rupee,"Rajya Sabha Starred Question No. 304, 'Foreign Funds Received by NGOs', answered 24.03.2021 (MoS Home, Shri Nityanand Rai)",https://www.scribd.com/document/500156210/Foreign-Contribution-List-MHA,"Annexure-II: Country of Donors Foreign Contribution (in Rupees), Year: 2017-18",2026-09-23,"Excludes donor details < Rs 20,000 per Form FC-4. Scribd copy of the official annexure. Annexure-I: state-wise FC received in Rupees. Annexure-II: donor-country-wise FC in Rupees (excludes donor details < Rs 20,000 per FC-4). 2019-20 tables are PARTIAL: ARs filed as on 16.03.2021; filing deadline extended to 30.06.2021."
Monaco,2017-18,48874149.74,"4,88,74,149.74",rupee,"Rajya Sabha Starred Question No. 304, 'Foreign Funds Received by NGOs', answered 24.03.2021 (MoS Home, Shri Nityanand Rai)",https://www.scribd.com/document/500156210/Foreign-Contribution-List-MHA,"Annexure-II: Country of Donors Foreign Contribution (in Rupees), Year: 2017-18",2026-09-23,"Excludes donor details < Rs 20,000 per Form FC-4. Scribd copy of the official annexure. Annexure-I: state-wise FC received in Rupees. Annexure-II: donor-country-wise FC in Rupees (excludes donor details < Rs 20,000 per FC-4). 2019-20 tables are PARTIAL: ARs filed as on 16.03.2021; filing deadline extended to 30.06.2021."
Sri Lanka,2017-18,46733707.50,"4,67,33,707.50",rupee,"Rajya Sabha Starred Question No. 304, 'Foreign Funds Received by NGOs', answered 24.03.2021 (MoS Home, Shri Nityanand Rai)",https://www.scribd.com/document/500156210/Foreign-Contribution-List-MHA,"Annexure-II: Country of Donors Foreign Contribution (in Rupees), Year: 2017-18",2026-09-23,"Excludes donor details < Rs 20,000 per Form FC-4. Scribd copy of the official annexure. Annexure-I: state-wise FC received in Rupees. Annexure-II: donor-country-wise FC in Rupees (excludes donor details < Rs 20,000 per FC-4). 2019-20 tables are PARTIAL: ARs filed as on 16.03.2021; filing deadline extended to 30.06.2021."
Saudi Arabia,2017-18,39912271.60,"3,99,12,271.60",rupee,"Rajya Sabha Starred Question No. 304, 'Foreign Funds Received by NGOs', answered 24.03.2021 (MoS Home, Shri Nityanand Rai)",https://www.scribd.com/document/500156210/Foreign-Contribution-List-MHA,"Annexure-II: Country of Donors Foreign Contribution (in Rupees), Year: 2017-18",2026-09-23,"Excludes donor details < Rs 20,000 per Form FC-4. Scribd copy of the official annexure. Annexure-I: state-wise FC received in Rupees. Annexure-II: donor-country-wise FC in Rupees (excludes donor details < Rs 20,000 per FC-4). 2019-20 tables are PARTIAL: ARs filed as on 16.03.2021; filing deadline extended to 30.06.2021."
Vatican City,2017-18,38664011.00,"3,86,64,011.00",rupee,"Rajya Sabha Starred Question No. 304, 'Foreign Funds Received by NGOs', answered 24.03.2021 (MoS Home, Shri Nityanand Rai)",https://www.scribd.com/document/500156210/Foreign-Contribution-List-MHA,"Annexure-II: Country of Donors Foreign Contribution (in Rupees), Year: 2017-18",2026-09-23,"Excludes donor details < Rs 20,000 per Form FC-4. Scribd copy of the official annexure. Annexure-I: state-wise FC received in Rupees. Annexure-II: donor-country-wise FC in Rupees (excludes donor details < Rs 20,000 per FC-4). 2019-20 tables are PARTIAL: ARs filed as on 16.03.2021; filing deadline extended to 30.06.2021."
Poland,2017-18,28590764.99,"2,85,90,764.99",rupee,"Rajya Sabha Starred Question No. 304, 'Foreign Funds Received by NGOs', answered 24.03.2021 (MoS Home, Shri Nityanand Rai)",https://www.scribd.com/document/500156210/Foreign-Contribution-List-MHA,"Annexure-II: Country of Donors Foreign Contribution (in Rupees), Year: 2017-18",2026-09-23,"Excludes donor details < Rs 20,000 per Form FC-4. Scribd copy of the official annexure. Annexure-I: state-wise FC received in Rupees. Annexure-II: donor-country-wise FC in Rupees (excludes donor details < Rs 20,000 per FC-4). 2019-20 tables are PARTIAL: ARs filed as on 16.03.2021; filing deadline extended to 30.06.2021."
Israel,2017-18,27301186.49,"2,73,01,186.49",rupee,"Rajya Sabha Starred Question No. 304, 'Foreign Funds Received by NGOs', answered 24.03.2021 (MoS Home, Shri Nityanand Rai)",https://www.scribd.com/document/500156210/Foreign-Contribution-List-MHA,"Annexure-II: Country of Donors Foreign Contribution (in Rupees), Year: 2017-18",2026-09-23,"Excludes donor details < Rs 20,000 per Form FC-4. Scribd copy of the official annexure. Annexure-I: state-wise FC received in Rupees. Annexure-II: donor-country-wise FC in Rupees (excludes donor details < Rs 20,000 per FC-4). 2019-20 tables are PARTIAL: ARs filed as on 16.03.2021; filing deadline extended to 30.06.2021."
Others (Tibet),2017-18,26965736.00,"2,69,65,736.00",rupee,"Rajya Sabha Starred Question No. 304, 'Foreign Funds Received by NGOs', answered 24.03.2021 (MoS Home, Shri Nityanand Rai)",https://www.scribd.com/document/500156210/Foreign-Contribution-List-MHA,"Annexure-II: Country of Donors Foreign Contribution (in Rupees), Year: 2017-18",2026-09-23,"Excludes donor details < Rs 20,000 per Form FC-4. Scribd copy of the official annexure. Annexure-I: state-wise FC received in Rupees. Annexure-II: donor-country-wise FC in Rupees (excludes donor details < Rs 20,000 per FC-4). 2019-20 tables are PARTIAL: ARs filed as on 16.03.2021; filing deadline extended to 30.06.2021."
Malta,2017-18,23043772.48,"2,30,43,772.48",rupee,"Rajya Sabha Starred Question No. 304, 'Foreign Funds Received by NGOs', answered 24.03.2021 (MoS Home, Shri Nityanand Rai)",https://www.scribd.com/document/500156210/Foreign-Contribution-List-MHA,"Annexure-II: Country of Donors Foreign Contribution (in Rupees), Year: 2017-18",2026-09-23,"Excludes donor details < Rs 20,000 per Form FC-4. Scribd copy of the official annexure. Annexure-I: state-wise FC received in Rupees. Annexure-II: donor-country-wise FC in Rupees (excludes donor details < Rs 20,000 per FC-4). 2019-20 tables are PARTIAL: ARs filed as on 16.03.2021; filing deadline extended to 30.06.2021."
Peru,2017-18,22195053.00,"2,21,95,053.00",rupee,"Rajya Sabha Starred Question No. 304, 'Foreign Funds Received by NGOs', answered 24.03.2021 (MoS Home, Shri Nityanand Rai)",https://www.scribd.com/document/500156210/Foreign-Contribution-List-MHA,"Annexure-II: Country of Donors Foreign Contribution (in Rupees), Year: 2017-18",2026-09-23,"Excludes donor details < Rs 20,000 per Form FC-4. Scribd copy of the official annexure. Annexure-I: state-wise FC received in Rupees. Annexure-II: donor-country-wise FC in Rupees (excludes donor details < Rs 20,000 per FC-4). 2019-20 tables are PARTIAL: ARs filed as on 16.03.2021; filing deadline extended to 30.06.2021."
Slovakia,2017-18,22112974.46,"2,21,12,974.46",rupee,"Rajya Sabha Starred Question No. 304, 'Foreign Funds Received by NGOs', answered 24.03.2021 (MoS Home, Shri Nityanand Rai)",https://www.scribd.com/document/500156210/Foreign-Contribution-List-MHA,"Annexure-II: Country of Donors Foreign Contribution (in Rupees), Year: 2017-18",2026-09-23,"Excludes donor details < Rs 20,000 per Form FC-4. Scribd copy of the official annexure. Annexure-I: state-wise FC received in Rupees. Annexure-II: donor-country-wise FC in Rupees (excludes donor details < Rs 20,000 per FC-4). 2019-20 tables are PARTIAL: ARs filed as on 16.03.2021; filing deadline extended to 30.06.2021."
Panama,2017-18,20658034.00,"2,06,58,034.00",rupee,"Rajya Sabha Starred Question No. 304, 'Foreign Funds Received by NGOs', answered 24.03.2021 (MoS Home, Shri Nityanand Rai)",https://www.scribd.com/document/500156210/Foreign-Contribution-List-MHA,"Annexure-II: Country of Donors Foreign Contribution (in Rupees), Year: 2017-18",2026-09-23,"Excludes donor details < Rs 20,000 per Form FC-4. Scribd copy of the official annexure. Annexure-I: state-wise FC received in Rupees. Annexure-II: donor-country-wise FC in Rupees (excludes donor details < Rs 20,000 per FC-4). 2019-20 tables are PARTIAL: ARs filed as on 16.03.2021; filing deadline extended to 30.06.2021."
Iceland,2017-18,20089796.42,"2,00,89,796.42",rupee,"Rajya Sabha Starred Question No. 304, 'Foreign Funds Received by NGOs', answered 24.03.2021 (MoS Home, Shri Nityanand Rai)",https://www.scribd.com/document/500156210/Foreign-Contribution-List-MHA,"Annexure-II: Country of Donors Foreign Contribution (in Rupees), Year: 2017-18",2026-09-23,"Excludes donor details < Rs 20,000 per Form FC-4. Scribd copy of the official annexure. Annexure-I: state-wise FC received in Rupees. Annexure-II: donor-country-wise FC in Rupees (excludes donor details < Rs 20,000 per FC-4). 2019-20 tables are PARTIAL: ARs filed as on 16.03.2021; filing deadline extended to 30.06.2021."
Belize,2017-18,19432740.00,"1,94,32,740.00",rupee,"Rajya Sabha Starred Question No. 304, 'Foreign Funds Received by NGOs', answered 24.03.2021 (MoS Home, Shri Nityanand Rai)",https://www.scribd.com/document/500156210/Foreign-Contribution-List-MHA,"Annexure-II: Country of Donors Foreign Contribution (in Rupees), Year: 2017-18",2026-09-23,"Excludes donor details < Rs 20,000 per Form FC-4. Scribd copy of the official annexure. Annexure-I: state-wise FC received in Rupees. Annexure-II: donor-country-wise FC in Rupees (excludes donor details < Rs 20,000 per FC-4). 2019-20 tables are PARTIAL: ARs filed as on 16.03.2021; filing deadline extended to 30.06.2021."
Azerbaijan,2017-18,17558017.39,"1,75,58,017.39",rupee,"Rajya Sabha Starred Question No. 304, 'Foreign Funds Received by NGOs', answered 24.03.2021 (MoS Home, Shri Nityanand Rai)",https://www.scribd.com/document/500156210/Foreign-Contribution-List-MHA,"Annexure-II: Country of Donors Foreign Contribution (in Rupees), Year: 2017-18",2026-09-23,"Excludes donor details < Rs 20,000 per Form FC-4. Scribd copy of the official annexure. Annexure-I: state-wise FC received in Rupees. Annexure-II: donor-country-wise FC in Rupees (excludes donor details < Rs 20,000 per FC-4). 2019-20 tables are PARTIAL: ARs filed as on 16.03.2021; filing deadline extended to 30.06.2021."
Bangladesh,2017-18,17392552.00,"1,73,92,552.00",rupee,"Rajya Sabha Starred Question No. 304, 'Foreign Funds Received by NGOs', answered 24.03.2021 (MoS Home, Shri Nityanand Rai)",https://www.scribd.com/document/500156210/Foreign-Contribution-List-MHA,"Annexure-II: Country of Donors Foreign Contribution (in Rupees), Year: 2017-18",2026-09-23,"Excludes donor details < Rs 20,000 per Form FC-4. Scribd copy of the official annexure. Annexure-I: state-wise FC received in Rupees. Annexure-II: donor-country-wise FC in Rupees (excludes donor details < Rs 20,000 per FC-4). 2019-20 tables are PARTIAL: ARs filed as on 16.03.2021; filing deadline extended to 30.06.2021."
Jamaica,2017-18,16983457.00,"1,69,83,457.00",rupee,"Rajya Sabha Starred Question No. 304, 'Foreign Funds Received by NGOs', answered 24.03.2021 (MoS Home, Shri Nityanand Rai)",https://www.scribd.com/document/500156210/Foreign-Contribution-List-MHA,"Annexure-II: Country of Donors Foreign Contribution (in Rupees), Year: 2017-18",2026-09-23,"Excludes donor details < Rs 20,000 per Form FC-4. Scribd copy of the official annexure. Annexure-I: state-wise FC received in Rupees. Annexure-II: donor-country-wise FC in Rupees (excludes donor details < Rs 20,000 per FC-4). 2019-20 tables are PARTIAL: ARs filed as on 16.03.2021; filing deadline extended to 30.06.2021."
Seychelles,2017-18,16961344.00,"1,69,61,344.00",rupee,"Rajya Sabha Starred Question No. 304, 'Foreign Funds Received by NGOs', answered 24.03.2021 (MoS Home, Shri Nityanand Rai)",https://www.scribd.com/document/500156210/Foreign-Contribution-List-MHA,"Annexure-II: Country of Donors Foreign Contribution (in Rupees), Year: 2017-18",2026-09-23,"Excludes donor details < Rs 20,000 per Form FC-4. Scribd copy of the official annexure. Annexure-I: state-wise FC received in Rupees. Annexure-II: donor-country-wise FC in Rupees (excludes donor details < Rs 20,000 per FC-4). 2019-20 tables are PARTIAL: ARs filed as on 16.03.2021; filing deadline extended to 30.06.2021."
Mauritius,2017-18,15195396.00,"1,51,95,396.00",rupee,"Rajya Sabha Starred Question No. 304, 'Foreign Funds Received by NGOs', answered 24.03.2021 (MoS Home, Shri Nityanand Rai)",https://www.scribd.com/document/500156210/Foreign-Contribution-List-MHA,"Annexure-II: Country of Donors Foreign Contribution (in Rupees), Year: 2017-18",2026-09-23,"Excludes donor details < Rs 20,000 per Form FC-4. Scribd copy of the official annexure. Annexure-I: state-wise FC received in Rupees. Annexure-II: donor-country-wise FC in Rupees (excludes donor details < Rs 20,000 per FC-4). 2019-20 tables are PARTIAL: ARs filed as on 16.03.2021; filing deadline extended to 30.06.2021."
Mongolia,2017-18,14718606.00,"1,47,18,606.00",rupee,"Rajya Sabha Starred Question No. 304, 'Foreign Funds Received by NGOs', answered 24.03.2021 (MoS Home, Shri Nityanand Rai)",https://www.scribd.com/document/500156210/Foreign-Contribution-List-MHA,"Annexure-II: Country of Donors Foreign Contribution (in Rupees), Year: 2017-18",2026-09-23,"Excludes donor details < Rs 20,000 per Form FC-4. Scribd copy of the official annexure. Annexure-I: state-wise FC received in Rupees. Annexure-II: donor-country-wise FC in Rupees (excludes donor details < Rs 20,000 per FC-4). 2019-20 tables are PARTIAL: ARs filed as on 16.03.2021; filing deadline extended to 30.06.2021."
Mexico,2017-18,14508751.00,"1,45,08,751.00",rupee,"Rajya Sabha Starred Question No. 304, 'Foreign Funds Received by NGOs', answered 24.03.2021 (MoS Home, Shri Nityanand Rai)",https://www.scribd.com/document/500156210/Foreign-Contribution-List-MHA,"Annexure-II: Country of Donors Foreign Contribution (in Rupees), Year: 2017-18",2026-09-23,"Excludes donor details < Rs 20,000 per Form FC-4. Scribd copy of the official annexure. Annexure-I: state-wise FC received in Rupees. Annexure-II: donor-country-wise FC in Rupees (excludes donor details < Rs 20,000 per FC-4). 2019-20 tables are PARTIAL: ARs filed as on 16.03.2021; filing deadline extended to 30.06.2021."
Bhutan,2017-18,14366659.82,"1,43,66,659.82",rupee,"Rajya Sabha Starred Question No. 304, 'Foreign Funds Received by NGOs', answered 24.03.2021 (MoS Home, Shri Nityanand Rai)",https://www.scribd.com/document/500156210/Foreign-Contribution-List-MHA,"Annexure-II: Country of Donors Foreign Contribution (in Rupees), Year: 2017-18",2026-09-23,"Excludes donor details < Rs 20,000 per Form FC-4. Scribd copy of the official annexure. Annexure-I: state-wise FC received in Rupees. Annexure-II: donor-country-wise FC in Rupees (excludes donor details < Rs 20,000 per FC-4). 2019-20 tables are PARTIAL: ARs filed as on 16.03.2021; filing deadline extended to 30.06.2021."
Bahrain,2017-18,12872106.00,"1,28,72,106.00",rupee,"Rajya Sabha Starred Question No. 304, 'Foreign Funds Received by NGOs', answered 24.03.2021 (MoS Home, Shri Nityanand Rai)",https://www.scribd.com/document/500156210/Foreign-Contribution-List-MHA,"Annexure-II: Country of Donors Foreign Contribution (in Rupees), Year: 2017-18",2026-09-23,"Excludes donor details < Rs 20,000 per Form FC-4. Scribd copy of the official annexure. Annexure-I: state-wise FC received in Rupees. Annexure-II: donor-country-wise FC in Rupees (excludes donor details < Rs 20,000 per FC-4). 2019-20 tables are PARTIAL: ARs filed as on 16.03.2021; filing deadline extended to 30.06.2021."
Tanzania,2017-18,11995776.03,"1,19,95,776.03",rupee,"Rajya Sabha Starred Question No. 304, 'Foreign Funds Received by NGOs', answered 24.03.2021 (MoS Home, Shri Nityanand Rai)",https://www.scribd.com/document/500156210/Foreign-Contribution-List-MHA,"Annexure-II: Country of Donors Foreign Contribution (in Rupees), Year: 2017-18",2026-09-23,"Excludes donor details < Rs 20,000 per Form FC-4. Scribd copy of the official annexure. Annexure-I: state-wise FC received in Rupees. Annexure-II: donor-country-wise FC in Rupees (excludes donor details < Rs 20,000 per FC-4). 2019-20 tables are PARTIAL: ARs filed as on 16.03.2021; filing deadline extended to 30.06.2021."
Columbia,2017-18,11518231.00,"1,15,18,231.00",rupee,"Rajya Sabha Starred Question No. 304, 'Foreign Funds Received by NGOs', answered 24.03.2021 (MoS Home, Shri Nityanand Rai)",https://www.scribd.com/document/500156210/Foreign-Contribution-List-MHA,"Annexure-II: Country of Donors Foreign Contribution (in Rupees), Year: 2017-18",2026-09-23,"Excludes donor details < Rs 20,000 per Form FC-4. Scribd copy of the official annexure. Annexure-I: state-wise FC received in Rupees. Annexure-II: donor-country-wise FC in Rupees (excludes donor details < Rs 20,000 per FC-4). 2019-20 tables are PARTIAL: ARs filed as on 16.03.2021; filing deadline extended to 30.06.2021."
Bosnia,2017-18,11063185.00,"1,10,63,185.00",rupee,"Rajya Sabha Starred Question No. 304, 'Foreign Funds Received by NGOs', answered 24.03.2021 (MoS Home, Shri Nityanand Rai)",https://www.scribd.com/document/500156210/Foreign-Contribution-List-MHA,"Annexure-II: Country of Donors Foreign Contribution (in Rupees), Year: 2017-18",2026-09-23,"Excludes donor details < Rs 20,000 per Form FC-4. Scribd copy of the official annexure. Annexure-I: state-wise FC received in Rupees. Annexure-II: donor-country-wise FC in Rupees (excludes donor details < Rs 20,000 per FC-4). 2019-20 tables are PARTIAL: ARs filed as on 16.03.2021; filing deadline extended to 30.06.2021."
Myanmar,2017-18,10597665.00,"1,05,97,665.00",rupee,"Rajya Sabha Starred Question No. 304, 'Foreign Funds Received by NGOs', answered 24.03.2021 (MoS Home, Shri Nityanand Rai)",https://www.scribd.com/document/500156210/Foreign-Contribution-List-MHA,"Annexure-II: Country of Donors Foreign Contribution (in Rupees), Year: 2017-18",2026-09-23,"Excludes donor details < Rs 20,000 per Form FC-4. Scribd copy of the official annexure. Annexure-I: state-wise FC received in Rupees. Annexure-II: donor-country-wise FC in Rupees (excludes donor details < Rs 20,000 per FC-4). 2019-20 tables are PARTIAL: ARs filed as on 16.03.2021; filing deadline extended to 30.06.2021."
Slovenia,2017-18,10529339.66,"1,05,29,339.66",rupee,"Rajya Sabha Starred Question No. 304, 'Foreign Funds Received by NGOs', answered 24.03.2021 (MoS Home, Shri Nityanand Rai)",https://www.scribd.com/document/500156210/Foreign-Contribution-List-MHA,"Annexure-II: Country of Donors Foreign Contribution (in Rupees), Year: 2017-18",2026-09-23,"Excludes donor details < Rs 20,000 per Form FC-4. Scribd copy of the official annexure. Annexure-I: state-wise FC received in Rupees. Annexure-II: donor-country-wise FC in Rupees (excludes donor details < Rs 20,000 per FC-4). 2019-20 tables are PARTIAL: ARs filed as on 16.03.2021; filing deadline extended to 30.06.2021."
Georgia,2017-18,9956299.00,"99,56,299.00",rupee,"Rajya Sabha Starred Question No. 304, 'Foreign Funds Received by NGOs', answered 24.03.2021 (MoS Home, Shri Nityanand Rai)",https://www.scribd.com/document/500156210/Foreign-Contribution-List-MHA,"Annexure-II: Country of Donors Foreign Contribution (in Rupees), Year: 2017-18",2026-09-23,"Excludes donor details < Rs 20,000 per Form FC-4. Scribd copy of the official annexure. Annexure-I: state-wise FC received in Rupees. Annexure-II: donor-country-wise FC in Rupees (excludes donor details < Rs 20,000 per FC-4). 2019-20 tables are PARTIAL: ARs filed as on 16.03.2021; filing deadline extended to 30.06.2021."
Botswana,2017-18,9240286.00,"92,40,286.00",rupee,"Rajya Sabha Starred Question No. 304, 'Foreign Funds Received by NGOs', answered 24.03.2021 (MoS Home, Shri Nityanand Rai)",https://www.scribd.com/document/500156210/Foreign-Contribution-List-MHA,"Annexure-II: Country of Donors Foreign Contribution (in Rupees), Year: 2017-18",2026-09-23,"Excludes donor details < Rs 20,000 per Form FC-4. Scribd copy of the official annexure. Annexure-I: state-wise FC received in Rupees. Annexure-II: donor-country-wise FC in Rupees (excludes donor details < Rs 20,000 per FC-4). 2019-20 tables are PARTIAL: ARs filed as on 16.03.2021; filing deadline extended to 30.06.2021."
Hungary,2017-18,9215101.82,"92,15,101.82",rupee,"Rajya Sabha Starred Question No. 304, 'Foreign Funds Received by NGOs', answered 24.03.2021 (MoS Home, Shri Nityanand Rai)",https://www.scribd.com/document/500156210/Foreign-Contribution-List-MHA,"Annexure-II: Country of Donors Foreign Contribution (in Rupees), Year: 2017-18",2026-09-23,"Excludes donor details < Rs 20,000 per Form FC-4. Scribd copy of the official annexure. Annexure-I: state-wise FC received in Rupees. Annexure-II: donor-country-wise FC in Rupees (excludes donor details < Rs 20,000 per FC-4). 2019-20 tables are PARTIAL: ARs filed as on 16.03.2021; filing deadline extended to 30.06.2021."
Chile,2017-18,8827692.00,"88,27,692.00",rupee,"Rajya Sabha Starred Question No. 304, 'Foreign Funds Received by NGOs', answered 24.03.2021 (MoS Home, Shri Nityanand Rai)",https://www.scribd.com/document/500156210/Foreign-Contribution-List-MHA,"Annexure-II: Country of Donors Foreign Contribution (in Rupees), Year: 2017-18",2026-09-23,"Excludes donor details < Rs 20,000 per Form FC-4. Scribd copy of the official annexure. Annexure-I: state-wise FC received in Rupees. Annexure-II: donor-country-wise FC in Rupees (excludes donor details < Rs 20,000 per FC-4). 2019-20 tables are PARTIAL: ARs filed as on 16.03.2021; filing deadline extended to 30.06.2021."
Cayman Islands,2017-18,7821477.33,"78,21,477.33",rupee,"Rajya Sabha Starred Question No. 304, 'Foreign Funds Received by NGOs', answered 24.03.2021 (MoS Home, Shri Nityanand Rai)",https://www.scribd.com/document/500156210/Foreign-Contribution-List-MHA,"Annexure-II: Country of Donors Foreign Contribution (in Rupees), Year: 2017-18",2026-09-23,"Excludes donor details < Rs 20,000 per Form FC-4. Scribd copy of the official annexure. Annexure-I: state-wise FC received in Rupees. Annexure-II: donor-country-wise FC in Rupees (excludes donor details < Rs 20,000 per FC-4). 2019-20 tables are PARTIAL: ARs filed as on 16.03.2021; filing deadline extended to 30.06.2021."
Portugal,2017-18,7648680.96,"76,48,680.96",rupee,"Rajya Sabha Starred Question No. 304, 'Foreign Funds Received by NGOs', answered 24.03.2021 (MoS Home, Shri Nityanand Rai)",https://www.scribd.com/document/500156210/Foreign-Contribution-List-MHA,"Annexure-II: Country of Donors Foreign Contribution (in Rupees), Year: 2017-18",2026-09-23,"Excludes donor details < Rs 20,000 per Form FC-4. Scribd copy of the official annexure. Annexure-I: state-wise FC received in Rupees. Annexure-II: donor-country-wise FC in Rupees (excludes donor details < Rs 20,000 per FC-4). 2019-20 tables are PARTIAL: ARs filed as on 16.03.2021; filing deadline extended to 30.06.2021."
Greece,2017-18,7419134.00,"74,19,134.00",rupee,"Rajya Sabha Starred Question No. 304, 'Foreign Funds Received by NGOs', answered 24.03.2021 (MoS Home, Shri Nityanand Rai)",https://www.scribd.com/document/500156210/Foreign-Contribution-List-MHA,"Annexure-II: Country of Donors Foreign Contribution (in Rupees), Year: 2017-18",2026-09-23,"Excludes donor details < Rs 20,000 per Form FC-4. Scribd copy of the official annexure. Annexure-I: state-wise FC received in Rupees. Annexure-II: donor-country-wise FC in Rupees (excludes donor details < Rs 20,000 per FC-4). 2019-20 tables are PARTIAL: ARs filed as on 16.03.2021; filing deadline extended to 30.06.2021."
Brazil,2017-18,7359996.55,"73,59,996.55",rupee,"Rajya Sabha Starred Question No. 304, 'Foreign Funds Received by NGOs', answered 24.03.2021 (MoS Home, Shri Nityanand Rai)",https://www.scribd.com/document/500156210/Foreign-Contribution-List-MHA,"Annexure-II: Country of Donors Foreign Contribution (in Rupees), Year: 2017-18",2026-09-23,"Excludes donor details < Rs 20,000 per Form FC-4. Scribd copy of the official annexure. Annexure-I: state-wise FC received in Rupees. Annexure-II: donor-country-wise FC in Rupees (excludes donor details < Rs 20,000 per FC-4). 2019-20 tables are PARTIAL: ARs filed as on 16.03.2021; filing deadline extended to 30.06.2021."
Argentina,2017-18,7030298.00,"70,30,298.00",rupee,"Rajya Sabha Starred Question No. 304, 'Foreign Funds Received by NGOs', answered 24.03.2021 (MoS Home, Shri Nityanand Rai)",https://www.scribd.com/document/500156210/Foreign-Contribution-List-MHA,"Annexure-II: Country of Donors Foreign Contribution (in Rupees), Year: 2017-18",2026-09-23,"Excludes donor details < Rs 20,000 per Form FC-4. Scribd copy of the official annexure. Annexure-I: state-wise FC received in Rupees. Annexure-II: donor-country-wise FC in Rupees (excludes donor details < Rs 20,000 per FC-4). 2019-20 tables are PARTIAL: ARs filed as on 16.03.2021; filing deadline extended to 30.06.2021."
Barbados,2017-18,6814557.48,"68,14,557.48",rupee,"Rajya Sabha Starred Question No. 304, 'Foreign Funds Received by NGOs', answered 24.03.2021 (MoS Home, Shri Nityanand Rai)",https://www.scribd.com/document/500156210/Foreign-Contribution-List-MHA,"Annexure-II: Country of Donors Foreign Contribution (in Rupees), Year: 2017-18",2026-09-23,"Excludes donor details < Rs 20,000 per Form FC-4. Scribd copy of the official annexure. Annexure-I: state-wise FC received in Rupees. Annexure-II: donor-country-wise FC in Rupees (excludes donor details < Rs 20,000 per FC-4). 2019-20 tables are PARTIAL: ARs filed as on 16.03.2021; filing deadline extended to 30.06.2021."
Romania,2017-18,6790077.27,"67,90,077.27",rupee,"Rajya Sabha Starred Question No. 304, 'Foreign Funds Received by NGOs', answered 24.03.2021 (MoS Home, Shri Nityanand Rai)",https://www.scribd.com/document/500156210/Foreign-Contribution-List-MHA,"Annexure-II: Country of Donors Foreign Contribution (in Rupees), Year: 2017-18",2026-09-23,"Excludes donor details < Rs 20,000 per Form FC-4. Scribd copy of the official annexure. Annexure-I: state-wise FC received in Rupees. Annexure-II: donor-country-wise FC in Rupees (excludes donor details < Rs 20,000 per FC-4). 2019-20 tables are PARTIAL: ARs filed as on 16.03.2021; filing deadline extended to 30.06.2021."
Central African Republic,2017-18,6724360.00,"67,24,360.00",rupee,"Rajya Sabha Starred Question No. 304, 'Foreign Funds Received by NGOs', answered 24.03.2021 (MoS Home, Shri Nityanand Rai)",https://www.scribd.com/document/500156210/Foreign-Contribution-List-MHA,"Annexure-II: Country of Donors Foreign Contribution (in Rupees), Year: 2017-18",2026-09-23,"Excludes donor details < Rs 20,000 per Form FC-4. Scribd copy of the official annexure. Annexure-I: state-wise FC received in Rupees. Annexure-II: donor-country-wise FC in Rupees (excludes donor details < Rs 20,000 per FC-4). 2019-20 tables are PARTIAL: ARs filed as on 16.03.2021; filing deadline extended to 30.06.2021."
Reunion Island,2017-18,6611356.40,"66,11,356.40",rupee,"Rajya Sabha Starred Question No. 304, 'Foreign Funds Received by NGOs', answered 24.03.2021 (MoS Home, Shri Nityanand Rai)",https://www.scribd.com/document/500156210/Foreign-Contribution-List-MHA,"Annexure-II: Country of Donors Foreign Contribution (in Rupees), Year: 2017-18",2026-09-23,"Excludes donor details < Rs 20,000 per Form FC-4. Scribd copy of the official annexure. Annexure-I: state-wise FC received in Rupees. Annexure-II: donor-country-wise FC in Rupees (excludes donor details < Rs 20,000 per FC-4). 2019-20 tables are PARTIAL: ARs filed as on 16.03.2021; filing deadline extended to 30.06.2021."
Netherlands Antilles,2017-18,6603123.00,"66,03,123.00",rupee,"Rajya Sabha Starred Question No. 304, 'Foreign Funds Received by NGOs', answered 24.03.2021 (MoS Home, Shri Nityanand Rai)",https://www.scribd.com/document/500156210/Foreign-Contribution-List-MHA,"Annexure-II: Country of Donors Foreign Contribution (in Rupees), Year: 2017-18",2026-09-23,"Excludes donor details < Rs 20,000 per Form FC-4. Scribd copy of the official annexure. Annexure-I: state-wise FC received in Rupees. Annexure-II: donor-country-wise FC in Rupees (excludes donor details < Rs 20,000 per FC-4). 2019-20 tables are PARTIAL: ARs filed as on 16.03.2021; filing deadline extended to 30.06.2021."
Armenia,2017-18,6130317.00,"61,30,317.00",rupee,"Rajya Sabha Starred Question No. 304, 'Foreign Funds Received by NGOs', answered 24.03.2021 (MoS Home, Shri Nityanand Rai)",https://www.scribd.com/document/500156210/Foreign-Contribution-List-MHA,"Annexure-II: Country of Donors Foreign Contribution (in Rupees), Year: 2017-18",2026-09-23,"Excludes donor details < Rs 20,000 per Form FC-4. Scribd copy of the official annexure. Annexure-I: state-wise FC received in Rupees. Annexure-II: donor-country-wise FC in Rupees (excludes donor details < Rs 20,000 per FC-4). 2019-20 tables are PARTIAL: ARs filed as on 16.03.2021; filing deadline extended to 30.06.2021."
Uganda,2017-18,5959694.00,"59,59,694.00",rupee,"Rajya Sabha Starred Question No. 304, 'Foreign Funds Received by NGOs', answered 24.03.2021 (MoS Home, Shri Nityanand Rai)",https://www.scribd.com/document/500156210/Foreign-Contribution-List-MHA,"Annexure-II: Country of Donors Foreign Contribution (in Rupees), Year: 2017-18",2026-09-23,"Excludes donor details < Rs 20,000 per Form FC-4. Scribd copy of the official annexure. Annexure-I: state-wise FC received in Rupees. Annexure-II: donor-country-wise FC in Rupees (excludes donor details < Rs 20,000 per FC-4). 2019-20 tables are PARTIAL: ARs filed as on 16.03.2021; filing deadline extended to 30.06.2021."
Gambia,2017-18,5680786.00,"56,80,786.00",rupee,"Rajya Sabha Starred Question No. 304, 'Foreign Funds Received by NGOs', answered 24.03.2021 (MoS Home, Shri Nityanand Rai)",https://www.scribd.com/document/500156210/Foreign-Contribution-List-MHA,"Annexure-II: Country of Donors Foreign Contribution (in Rupees), Year: 2017-18",2026-09-23,"Excludes donor details < Rs 20,000 per Form FC-4. Scribd copy of the official annexure. Annexure-I: state-wise FC received in Rupees. Annexure-II: donor-country-wise FC in Rupees (excludes donor details < Rs 20,000 per FC-4). 2019-20 tables are PARTIAL: ARs filed as on 16.03.2021; filing deadline extended to 30.06.2021."
Afghanistan,2017-18,4640779.52,"46,40,779.52",rupee,"Rajya Sabha Starred Question No. 304, 'Foreign Funds Received by NGOs', answered 24.03.2021 (MoS Home, Shri Nityanand Rai)",https://www.scribd.com/document/500156210/Foreign-Contribution-List-MHA,"Annexure-II: Country of Donors Foreign Contribution (in Rupees), Year: 2017-18",2026-09-23,"Excludes donor details < Rs 20,000 per Form FC-4. Scribd copy of the official annexure. Annexure-I: state-wise FC received in Rupees. Annexure-II: donor-country-wise FC in Rupees (excludes donor details < Rs 20,000 per FC-4). 2019-20 tables are PARTIAL: ARs filed as on 16.03.2021; filing deadline extended to 30.06.2021."
Croatia,2017-18,4545628.76,"45,45,628.76",rupee,"Rajya Sabha Starred Question No. 304, 'Foreign Funds Received by NGOs', answered 24.03.2021 (MoS Home, Shri Nityanand Rai)",https://www.scribd.com/document/500156210/Foreign-Contribution-List-MHA,"Annexure-II: Country of Donors Foreign Contribution (in Rupees), Year: 2017-18",2026-09-23,"Excludes donor details < Rs 20,000 per Form FC-4. Scribd copy of the official annexure. Annexure-I: state-wise FC received in Rupees. Annexure-II: donor-country-wise FC in Rupees (excludes donor details < Rs 20,000 per FC-4). 2019-20 tables are PARTIAL: ARs filed as on 16.03.2021; filing deadline extended to 30.06.2021."
Dominican Republic,2017-18,3784181.00,"37,84,181.00",rupee,"Rajya Sabha Starred Question No. 304, 'Foreign Funds Received by NGOs', answered 24.03.2021 (MoS Home, Shri Nityanand Rai)",https://www.scribd.com/document/500156210/Foreign-Contribution-List-MHA,"Annexure-II: Country of Donors Foreign Contribution (in Rupees), Year: 2017-18",2026-09-23,"Excludes donor details < Rs 20,000 per Form FC-4. Scribd copy of the official annexure. Annexure-I: state-wise FC received in Rupees. Annexure-II: donor-country-wise FC in Rupees (excludes donor details < Rs 20,000 per FC-4). 2019-20 tables are PARTIAL: ARs filed as on 16.03.2021; filing deadline extended to 30.06.2021."
Albania,2017-18,3457366.00,"34,57,366.00",rupee,"Rajya Sabha Starred Question No. 304, 'Foreign Funds Received by NGOs', answered 24.03.2021 (MoS Home, Shri Nityanand Rai)",https://www.scribd.com/document/500156210/Foreign-Contribution-List-MHA,"Annexure-II: Country of Donors Foreign Contribution (in Rupees), Year: 2017-18",2026-09-23,"Excludes donor details < Rs 20,000 per Form FC-4. Scribd copy of the official annexure. Annexure-I: state-wise FC received in Rupees. Annexure-II: donor-country-wise FC in Rupees (excludes donor details < Rs 20,000 per FC-4). 2019-20 tables are PARTIAL: ARs filed as on 16.03.2021; filing deadline extended to 30.06.2021."
Cambodia,2017-18,3388091.44,"33,88,091.44",rupee,"Rajya Sabha Starred Question No. 304, 'Foreign Funds Received by NGOs', answered 24.03.2021 (MoS Home, Shri Nityanand Rai)",https://www.scribd.com/document/500156210/Foreign-Contribution-List-MHA,"Annexure-II: Country of Donors Foreign Contribution (in Rupees), Year: 2017-18",2026-09-23,"Excludes donor details < Rs 20,000 per Form FC-4. Scribd copy of the official annexure. Annexure-I: state-wise FC received in Rupees. Annexure-II: donor-country-wise FC in Rupees (excludes donor details < Rs 20,000 per FC-4). 2019-20 tables are PARTIAL: ARs filed as on 16.03.2021; filing deadline extended to 30.06.2021."
Congo,2017-18,3325397.42,"33,25,397.42",rupee,"Rajya Sabha Starred Question No. 304, 'Foreign Funds Received by NGOs', answered 24.03.2021 (MoS Home, Shri Nityanand Rai)",https://www.scribd.com/document/500156210/Foreign-Contribution-List-MHA,"Annexure-II: Country of Donors Foreign Contribution (in Rupees), Year: 2017-18",2026-09-23,"Excludes donor details < Rs 20,000 per Form FC-4. Scribd copy of the official annexure. Annexure-I: state-wise FC received in Rupees. Annexure-II: donor-country-wise FC in Rupees (excludes donor details < Rs 20,000 per FC-4). 2019-20 tables are PARTIAL: ARs filed as on 16.03.2021; filing deadline extended to 30.06.2021."
Russia,2017-18,3026604.95,"30,26,604.95",rupee,"Rajya Sabha Starred Question No. 304, 'Foreign Funds Received by NGOs', answered 24.03.2021 (MoS Home, Shri Nityanand Rai)",https://www.scribd.com/document/500156210/Foreign-Contribution-List-MHA,"Annexure-II: Country of Donors Foreign Contribution (in Rupees), Year: 2017-18",2026-09-23,"Excludes donor details < Rs 20,000 per Form FC-4. Scribd copy of the official annexure. Annexure-I: state-wise FC received in Rupees. Annexure-II: donor-country-wise FC in Rupees (excludes donor details < Rs 20,000 per FC-4). 2019-20 tables are PARTIAL: ARs filed as on 16.03.2021; filing deadline extended to 30.06.2021."
Nigeria,2017-18,2999191.00,"29,99,191.00",rupee,"Rajya Sabha Starred Question No. 304, 'Foreign Funds Received by NGOs', answered 24.03.2021 (MoS Home, Shri Nityanand Rai)",https://www.scribd.com/document/500156210/Foreign-Contribution-List-MHA,"Annexure-II: Country of Donors Foreign Contribution (in Rupees), Year: 2017-18",2026-09-23,"Excludes donor details < Rs 20,000 per Form FC-4. Scribd copy of the official annexure. Annexure-I: state-wise FC received in Rupees. Annexure-II: donor-country-wise FC in Rupees (excludes donor details < Rs 20,000 per FC-4). 2019-20 tables are PARTIAL: ARs filed as on 16.03.2021; filing deadline extended to 30.06.2021."
Gabon,2017-18,2998552.00,"29,98,552.00",rupee,"Rajya Sabha Starred Question No. 304, 'Foreign Funds Received by NGOs', answered 24.03.2021 (MoS Home, Shri Nityanand Rai)",https://www.scribd.com/document/500156210/Foreign-Contribution-List-MHA,"Annexure-II: Country of Donors Foreign Contribution (in Rupees), Year: 2017-18",2026-09-23,"Excludes donor details < Rs 20,000 per Form FC-4. Scribd copy of the official annexure. Annexure-I: state-wise FC received in Rupees. Annexure-II: donor-country-wise FC in Rupees (excludes donor details < Rs 20,000 per FC-4). 2019-20 tables are PARTIAL: ARs filed as on 16.03.2021; filing deadline extended to 30.06.2021."
Pakistan,2017-18,2921748.44,"29,21,748.44",rupee,"Rajya Sabha Starred Question No. 304, 'Foreign Funds Received by NGOs', answered 24.03.2021 (MoS Home, Shri Nityanand Rai)",https://www.scribd.com/document/500156210/Foreign-Contribution-List-MHA,"Annexure-II: Country of Donors Foreign Contribution (in Rupees), Year: 2017-18",2026-09-23,"Excludes donor details < Rs 20,000 per Form FC-4. Scribd copy of the official annexure. Annexure-I: state-wise FC received in Rupees. Annexure-II: donor-country-wise FC in Rupees (excludes donor details < Rs 20,000 per FC-4). 2019-20 tables are PARTIAL: ARs filed as on 16.03.2021; filing deadline extended to 30.06.2021."
Trinidad and Tobago,2017-18,2825415.96,"28,25,415.96",rupee,"Rajya Sabha Starred Question No. 304, 'Foreign Funds Received by NGOs', answered 24.03.2021 (MoS Home, Shri Nityanand Rai)",https://www.scribd.com/document/500156210/Foreign-Contribution-List-MHA,"Annexure-II: Country of Donors Foreign Contribution (in Rupees), Year: 2017-18",2026-09-23,"Excludes donor details < Rs 20,000 per Form FC-4. Scribd copy of the official annexure. Annexure-I: state-wise FC received in Rupees. Annexure-II: donor-country-wise FC in Rupees (excludes donor details < Rs 20,000 per FC-4). 2019-20 tables are PARTIAL: ARs filed as on 16.03.2021; filing deadline extended to 30.06.2021."
Mongolia (Peoples Rep),2017-18,1931296.18,"19,31,296.18",rupee,"Rajya Sabha Starred Question No. 304, 'Foreign Funds Received by NGOs', answered 24.03.2021 (MoS Home, Shri Nityanand Rai)",https://www.scribd.com/document/500156210/Foreign-Contribution-List-MHA,"Annexure-II: Country of Donors Foreign Contribution (in Rupees), Year: 2017-18",2026-09-23,"Excludes donor details < Rs 20,000 per Form FC-4. Scribd copy of the official annexure. Annexure-I: state-wise FC received in Rupees. Annexure-II: donor-country-wise FC in Rupees (excludes donor details < Rs 20,000 per FC-4). 2019-20 tables are PARTIAL: ARs filed as on 16.03.2021; filing deadline extended to 30.06.2021."
Fiji,2017-18,1924412.00,"19,24,412.00",rupee,"Rajya Sabha Starred Question No. 304, 'Foreign Funds Received by NGOs', answered 24.03.2021 (MoS Home, Shri Nityanand Rai)",https://www.scribd.com/document/500156210/Foreign-Contribution-List-MHA,"Annexure-II: Country of Donors Foreign Contribution (in Rupees), Year: 2017-18",2026-09-23,"Excludes donor details < Rs 20,000 per Form FC-4. Scribd copy of the official annexure. Annexure-I: state-wise FC received in Rupees. Annexure-II: donor-country-wise FC in Rupees (excludes donor details < Rs 20,000 per FC-4). 2019-20 tables are PARTIAL: ARs filed as on 16.03.2021; filing deadline extended to 30.06.2021."
St. Vincent and the Grenadines,2017-18,1919089.00,"19,19,089.00",rupee,"Rajya Sabha Starred Question No. 304, 'Foreign Funds Received by NGOs', answered 24.03.2021 (MoS Home, Shri Nityanand Rai)",https://www.scribd.com/document/500156210/Foreign-Contribution-List-MHA,"Annexure-II: Country of Donors Foreign Contribution (in Rupees), Year: 2017-18",2026-09-23,"Excludes donor details < Rs 20,000 per Form FC-4. Scribd copy of the official annexure. Annexure-I: state-wise FC received in Rupees. Annexure-II: donor-country-wise FC in Rupees (excludes donor details < Rs 20,000 per FC-4). 2019-20 tables are PARTIAL: ARs filed as on 16.03.2021; filing deadline extended to 30.06.2021."
Herzegovina,2017-18,1864250.00,"18,64,250.00",rupee,"Rajya Sabha Starred Question No. 304, 'Foreign Funds Received by NGOs', answered 24.03.2021 (MoS Home, Shri Nityanand Rai)",https://www.scribd.com/document/500156210/Foreign-Contribution-List-MHA,"Annexure-II: Country of Donors Foreign Contribution (in Rupees), Year: 2017-18",2026-09-23,"Excludes donor details < Rs 20,000 per Form FC-4. Scribd copy of the official annexure. Annexure-I: state-wise FC received in Rupees. Annexure-II: donor-country-wise FC in Rupees (excludes donor details < Rs 20,000 per FC-4). 2019-20 tables are PARTIAL: ARs filed as on 16.03.2021; filing deadline extended to 30.06.2021."
Costa Rica,2017-18,1637618.26,"16,37,618.26",rupee,"Rajya Sabha Starred Question No. 304, 'Foreign Funds Received by NGOs', answered 24.03.2021 (MoS Home, Shri Nityanand Rai)",https://www.scribd.com/document/500156210/Foreign-Contribution-List-MHA,"Annexure-II: Country of Donors Foreign Contribution (in Rupees), Year: 2017-18",2026-09-23,"Excludes donor details < Rs 20,000 per Form FC-4. Scribd copy of the official annexure. Annexure-I: state-wise FC received in Rupees. Annexure-II: donor-country-wise FC in Rupees (excludes donor details < Rs 20,000 per FC-4). 2019-20 tables are PARTIAL: ARs filed as on 16.03.2021; filing deadline extended to 30.06.2021."
Bulgaria,2017-18,1626030.50,"16,26,030.50",rupee,"Rajya Sabha Starred Question No. 304, 'Foreign Funds Received by NGOs', answered 24.03.2021 (MoS Home, Shri Nityanand Rai)",https://www.scribd.com/document/500156210/Foreign-Contribution-List-MHA,"Annexure-II: Country of Donors Foreign Contribution (in Rupees), Year: 2017-18",2026-09-23,"Excludes donor details < Rs 20,000 per Form FC-4. Scribd copy of the official annexure. Annexure-I: state-wise FC received in Rupees. Annexure-II: donor-country-wise FC in Rupees (excludes donor details < Rs 20,000 per FC-4). 2019-20 tables are PARTIAL: ARs filed as on 16.03.2021; filing deadline extended to 30.06.2021."
Cuba,2017-18,1580895.37,"15,80,895.37",rupee,"Rajya Sabha Starred Question No. 304, 'Foreign Funds Received by NGOs', answered 24.03.2021 (MoS Home, Shri Nityanand Rai)",https://www.scribd.com/document/500156210/Foreign-Contribution-List-MHA,"Annexure-II: Country of Donors Foreign Contribution (in Rupees), Year: 2017-18",2026-09-23,"Excludes donor details < Rs 20,000 per Form FC-4. Scribd copy of the official annexure. Annexure-I: state-wise FC received in Rupees. Annexure-II: donor-country-wise FC in Rupees (excludes donor details < Rs 20,000 per FC-4). 2019-20 tables are PARTIAL: ARs filed as on 16.03.2021; filing deadline extended to 30.06.2021."
Suriname,2017-18,1560000.00,"15,60,000.00",rupee,"Rajya Sabha Starred Question No. 304, 'Foreign Funds Received by NGOs', answered 24.03.2021 (MoS Home, Shri Nityanand Rai)",https://www.scribd.com/document/500156210/Foreign-Contribution-List-MHA,"Annexure-II: Country of Donors Foreign Contribution (in Rupees), Year: 2017-18",2026-09-23,"Excludes donor details < Rs 20,000 per Form FC-4. Scribd copy of the official annexure. Annexure-I: state-wise FC received in Rupees. Annexure-II: donor-country-wise FC in Rupees (excludes donor details < Rs 20,000 per FC-4). 2019-20 tables are PARTIAL: ARs filed as on 16.03.2021; filing deadline extended to 30.06.2021."
Rwanda,2017-18,1516579.00,"15,16,579.00",rupee,"Rajya Sabha Starred Question No. 304, 'Foreign Funds Received by NGOs', answered 24.03.2021 (MoS Home, Shri Nityanand Rai)",https://www.scribd.com/document/500156210/Foreign-Contribution-List-MHA,"Annexure-II: Country of Donors Foreign Contribution (in Rupees), Year: 2017-18",2026-09-23,"Excludes donor details < Rs 20,000 per Form FC-4. Scribd copy of the official annexure. Annexure-I: state-wise FC received in Rupees. Annexure-II: donor-country-wise FC in Rupees (excludes donor details < Rs 20,000 per FC-4). 2019-20 tables are PARTIAL: ARs filed as on 16.03.2021; filing deadline extended to 30.06.2021."
Nicaragua,2017-18,1490064.00,"14,90,064.00",rupee,"Rajya Sabha Starred Question No. 304, 'Foreign Funds Received by NGOs', answered 24.03.2021 (MoS Home, Shri Nityanand Rai)",https://www.scribd.com/document/500156210/Foreign-Contribution-List-MHA,"Annexure-II: Country of Donors Foreign Contribution (in Rupees), Year: 2017-18",2026-09-23,"Excludes donor details < Rs 20,000 per Form FC-4. Scribd copy of the official annexure. Annexure-I: state-wise FC received in Rupees. Annexure-II: donor-country-wise FC in Rupees (excludes donor details < Rs 20,000 per FC-4). 2019-20 tables are PARTIAL: ARs filed as on 16.03.2021; filing deadline extended to 30.06.2021."
Liberia,2017-18,1453506.50,"14,53,506.50",rupee,"Rajya Sabha Starred Question No. 304, 'Foreign Funds Received by NGOs', answered 24.03.2021 (MoS Home, Shri Nityanand Rai)",https://www.scribd.com/document/500156210/Foreign-Contribution-List-MHA,"Annexure-II: Country of Donors Foreign Contribution (in Rupees), Year: 2017-18",2026-09-23,"Excludes donor details < Rs 20,000 per Form FC-4. Scribd copy of the official annexure. Annexure-I: state-wise FC received in Rupees. Annexure-II: donor-country-wise FC in Rupees (excludes donor details < Rs 20,000 per FC-4). 2019-20 tables are PARTIAL: ARs filed as on 16.03.2021; filing deadline extended to 30.06.2021."
Zambia,2017-18,1343575.00,"13,43,575.00",rupee,"Rajya Sabha Starred Question No. 304, 'Foreign Funds Received by NGOs', answered 24.03.2021 (MoS Home, Shri Nityanand Rai)",https://www.scribd.com/document/500156210/Foreign-Contribution-List-MHA,"Annexure-II: Country of Donors Foreign Contribution (in Rupees), Year: 2017-18",2026-09-23,"Excludes donor details < Rs 20,000 per Form FC-4. Scribd copy of the official annexure. Annexure-I: state-wise FC received in Rupees. Annexure-II: donor-country-wise FC in Rupees (excludes donor details < Rs 20,000 per FC-4). 2019-20 tables are PARTIAL: ARs filed as on 16.03.2021; filing deadline extended to 30.06.2021."
Vietnam,2017-18,1288286.54,"12,88,286.54",rupee,"Rajya Sabha Starred Question No. 304, 'Foreign Funds Received by NGOs', answered 24.03.2021 (MoS Home, Shri Nityanand Rai)",https://www.scribd.com/document/500156210/Foreign-Contribution-List-MHA,"Annexure-II: Country of Donors Foreign Contribution (in Rupees), Year: 2017-18",2026-09-23,"Excludes donor details < Rs 20,000 per Form FC-4. Scribd copy of the official annexure. Annexure-I: state-wise FC received in Rupees. Annexure-II: donor-country-wise FC in Rupees (excludes donor details < Rs 20,000 per FC-4). 2019-20 tables are PARTIAL: ARs filed as on 16.03.2021; filing deadline extended to 30.06.2021."
Lithuania,2017-18,1248460.00,"12,48,460.00",rupee,"Rajya Sabha Starred Question No. 304, 'Foreign Funds Received by NGOs', answered 24.03.2021 (MoS Home, Shri Nityanand Rai)",https://www.scribd.com/document/500156210/Foreign-Contribution-List-MHA,"Annexure-II: Country of Donors Foreign Contribution (in Rupees), Year: 2017-18",2026-09-23,"Excludes donor details < Rs 20,000 per Form FC-4. Scribd copy of the official annexure. Annexure-I: state-wise FC received in Rupees. Annexure-II: donor-country-wise FC in Rupees (excludes donor details < Rs 20,000 per FC-4). 2019-20 tables are PARTIAL: ARs filed as on 16.03.2021; filing deadline extended to 30.06.2021."
Macau,2017-18,1168815.00,"11,68,815.00",rupee,"Rajya Sabha Starred Question No. 304, 'Foreign Funds Received by NGOs', answered 24.03.2021 (MoS Home, Shri Nityanand Rai)",https://www.scribd.com/document/500156210/Foreign-Contribution-List-MHA,"Annexure-II: Country of Donors Foreign Contribution (in Rupees), Year: 2017-18",2026-09-23,"Excludes donor details < Rs 20,000 per Form FC-4. Scribd copy of the official annexure. Annexure-I: state-wise FC received in Rupees. Annexure-II: donor-country-wise FC in Rupees (excludes donor details < Rs 20,000 per FC-4). 2019-20 tables are PARTIAL: ARs filed as on 16.03.2021; filing deadline extended to 30.06.2021."
St. Christopher and Nevis,2017-18,1005366.00,"10,05,366.00",rupee,"Rajya Sabha Starred Question No. 304, 'Foreign Funds Received by NGOs', answered 24.03.2021 (MoS Home, Shri Nityanand Rai)",https://www.scribd.com/document/500156210/Foreign-Contribution-List-MHA,"Annexure-II: Country of Donors Foreign Contribution (in Rupees), Year: 2017-18",2026-09-23,"Excludes donor details < Rs 20,000 per Form FC-4. Scribd copy of the official annexure. Annexure-I: state-wise FC received in Rupees. Annexure-II: donor-country-wise FC in Rupees (excludes donor details < Rs 20,000 per FC-4). 2019-20 tables are PARTIAL: ARs filed as on 16.03.2021; filing deadline extended to 30.06.2021."
Maldives,2017-18,876976.00,"8,76,976.00",rupee,"Rajya Sabha Starred Question No. 304, 'Foreign Funds Received by NGOs', answered 24.03.2021 (MoS Home, Shri Nityanand Rai)",https://www.scribd.com/document/500156210/Foreign-Contribution-List-MHA,"Annexure-II: Country of Donors Foreign Contribution (in Rupees), Year: 2017-18",2026-09-23,"Excludes donor details < Rs 20,000 per Form FC-4. Scribd copy of the official annexure. Annexure-I: state-wise FC received in Rupees. Annexure-II: donor-country-wise FC in Rupees (excludes donor details < Rs 20,000 per FC-4). 2019-20 tables are PARTIAL: ARs filed as on 16.03.2021; filing deadline extended to 30.06.2021."
Guinea,2017-18,825090.00,"8,25,090.00",rupee,"Rajya Sabha Starred Question No. 304, 'Foreign Funds Received by NGOs', answered 24.03.2021 (MoS Home, Shri Nityanand Rai)",https://www.scribd.com/document/500156210/Foreign-Contribution-List-MHA,"Annexure-II: Country of Donors Foreign Contribution (in Rupees), Year: 2017-18",2026-09-23,"Excludes donor details < Rs 20,000 per Form FC-4. Scribd copy of the official annexure. Annexure-I: state-wise FC received in Rupees. Annexure-II: donor-country-wise FC in Rupees (excludes donor details < Rs 20,000 per FC-4). 2019-20 tables are PARTIAL: ARs filed as on 16.03.2021; filing deadline extended to 30.06.2021."
Lebanon,2017-18,809389.00,"8,09,389.00",rupee,"Rajya Sabha Starred Question No. 304, 'Foreign Funds Received by NGOs', answered 24.03.2021 (MoS Home, Shri Nityanand Rai)",https://www.scribd.com/document/500156210/Foreign-Contribution-List-MHA,"Annexure-II: Country of Donors Foreign Contribution (in Rupees), Year: 2017-18",2026-09-23,"Excludes donor details < Rs 20,000 per Form FC-4. Scribd copy of the official annexure. Annexure-I: state-wise FC received in Rupees. Annexure-II: donor-country-wise FC in Rupees (excludes donor details < Rs 20,000 per FC-4). 2019-20 tables are PARTIAL: ARs filed as on 16.03.2021; filing deadline extended to 30.06.2021."
Egypt,2017-18,795592.00,"7,95,592.00",rupee,"Rajya Sabha Starred Question No. 304, 'Foreign Funds Received by NGOs', answered 24.03.2021 (MoS Home, Shri Nityanand Rai)",https://www.scribd.com/document/500156210/Foreign-Contribution-List-MHA,"Annexure-II: Country of Donors Foreign Contribution (in Rupees), Year: 2017-18",2026-09-23,"Excludes donor details < Rs 20,000 per Form FC-4. Scribd copy of the official annexure. Annexure-I: state-wise FC received in Rupees. Annexure-II: donor-country-wise FC in Rupees (excludes donor details < Rs 20,000 per FC-4). 2019-20 tables are PARTIAL: ARs filed as on 16.03.2021; filing deadline extended to 30.06.2021."
Guyana,2017-18,756055.00,"7,56,055.00",rupee,"Rajya Sabha Starred Question No. 304, 'Foreign Funds Received by NGOs', answered 24.03.2021 (MoS Home, Shri Nityanand Rai)",https://www.scribd.com/document/500156210/Foreign-Contribution-List-MHA,"Annexure-II: Country of Donors Foreign Contribution (in Rupees), Year: 2017-18",2026-09-23,"Excludes donor details < Rs 20,000 per Form FC-4. Scribd copy of the official annexure. Annexure-I: state-wise FC received in Rupees. Annexure-II: donor-country-wise FC in Rupees (excludes donor details < Rs 20,000 per FC-4). 2019-20 tables are PARTIAL: ARs filed as on 16.03.2021; filing deadline extended to 30.06.2021."
Tajikistan,2017-18,748835.00,"7,48,835.00",rupee,"Rajya Sabha Starred Question No. 304, 'Foreign Funds Received by NGOs', answered 24.03.2021 (MoS Home, Shri Nityanand Rai)",https://www.scribd.com/document/500156210/Foreign-Contribution-List-MHA,"Annexure-II: Country of Donors Foreign Contribution (in Rupees), Year: 2017-18",2026-09-23,"Excludes donor details < Rs 20,000 per Form FC-4. Scribd copy of the official annexure. Annexure-I: state-wise FC received in Rupees. Annexure-II: donor-country-wise FC in Rupees (excludes donor details < Rs 20,000 per FC-4). 2019-20 tables are PARTIAL: ARs filed as on 16.03.2021; filing deadline extended to 30.06.2021."
Papua New Guinea,2017-18,729377.00,"7,29,377.00",rupee,"Rajya Sabha Starred Question No. 304, 'Foreign Funds Received by NGOs', answered 24.03.2021 (MoS Home, Shri Nityanand Rai)",https://www.scribd.com/document/500156210/Foreign-Contribution-List-MHA,"Annexure-II: Country of Donors Foreign Contribution (in Rupees), Year: 2017-18",2026-09-23,"Excludes donor details < Rs 20,000 per Form FC-4. Scribd copy of the official annexure. Annexure-I: state-wise FC received in Rupees. Annexure-II: donor-country-wise FC in Rupees (excludes donor details < Rs 20,000 per FC-4). 2019-20 tables are PARTIAL: ARs filed as on 16.03.2021; filing deadline extended to 30.06.2021."
New Caledonia,2017-18,724187.00,"7,24,187.00",rupee,"Rajya Sabha Starred Question No. 304, 'Foreign Funds Received by NGOs', answered 24.03.2021 (MoS Home, Shri Nityanand Rai)",https://www.scribd.com/document/500156210/Foreign-Contribution-List-MHA,"Annexure-II: Country of Donors Foreign Contribution (in Rupees), Year: 2017-18",2026-09-23,"Excludes donor details < Rs 20,000 per Form FC-4. Scribd copy of the official annexure. Annexure-I: state-wise FC received in Rupees. Annexure-II: donor-country-wise FC in Rupees (excludes donor details < Rs 20,000 per FC-4). 2019-20 tables are PARTIAL: ARs filed as on 16.03.2021; filing deadline extended to 30.06.2021."
Cape Verde Islands,2017-18,684751.00,"6,84,751.00",rupee,"Rajya Sabha Starred Question No. 304, 'Foreign Funds Received by NGOs', answered 24.03.2021 (MoS Home, Shri Nityanand Rai)",https://www.scribd.com/document/500156210/Foreign-Contribution-List-MHA,"Annexure-II: Country of Donors Foreign Contribution (in Rupees), Year: 2017-18",2026-09-23,"Excludes donor details < Rs 20,000 per Form FC-4. Scribd copy of the official annexure. Annexure-I: state-wise FC received in Rupees. Annexure-II: donor-country-wise FC in Rupees (excludes donor details < Rs 20,000 per FC-4). 2019-20 tables are PARTIAL: ARs filed as on 16.03.2021; filing deadline extended to 30.06.2021."
Ethiopia,2017-18,670554.00,"6,70,554.00",rupee,"Rajya Sabha Starred Question No. 304, 'Foreign Funds Received by NGOs', answered 24.03.2021 (MoS Home, Shri Nityanand Rai)",https://www.scribd.com/document/500156210/Foreign-Contribution-List-MHA,"Annexure-II: Country of Donors Foreign Contribution (in Rupees), Year: 2017-18",2026-09-23,"Excludes donor details < Rs 20,000 per Form FC-4. Scribd copy of the official annexure. Annexure-I: state-wise FC received in Rupees. Annexure-II: donor-country-wise FC in Rupees (excludes donor details < Rs 20,000 per FC-4). 2019-20 tables are PARTIAL: ARs filed as on 16.03.2021; filing deadline extended to 30.06.2021."
Jordan,2017-18,632174.00,"6,32,174.00",rupee,"Rajya Sabha Starred Question No. 304, 'Foreign Funds Received by NGOs', answered 24.03.2021 (MoS Home, Shri Nityanand Rai)",https://www.scribd.com/document/500156210/Foreign-Contribution-List-MHA,"Annexure-II: Country of Donors Foreign Contribution (in Rupees), Year: 2017-18",2026-09-23,"Excludes donor details < Rs 20,000 per Form FC-4. Scribd copy of the official annexure. Annexure-I: state-wise FC received in Rupees. Annexure-II: donor-country-wise FC in Rupees (excludes donor details < Rs 20,000 per FC-4). 2019-20 tables are PARTIAL: ARs filed as on 16.03.2021; filing deadline extended to 30.06.2021."
Sudan,2017-18,631368.00,"6,31,368.00",rupee,"Rajya Sabha Starred Question No. 304, 'Foreign Funds Received by NGOs', answered 24.03.2021 (MoS Home, Shri Nityanand Rai)",https://www.scribd.com/document/500156210/Foreign-Contribution-List-MHA,"Annexure-II: Country of Donors Foreign Contribution (in Rupees), Year: 2017-18",2026-09-23,"Excludes donor details < Rs 20,000 per Form FC-4. Scribd copy of the official annexure. Annexure-I: state-wise FC received in Rupees. Annexure-II: donor-country-wise FC in Rupees (excludes donor details < Rs 20,000 per FC-4). 2019-20 tables are PARTIAL: ARs filed as on 16.03.2021; filing deadline extended to 30.06.2021."
Uruguay,2017-18,610258.50,"6,10,258.50",rupee,"Rajya Sabha Starred Question No. 304, 'Foreign Funds Received by NGOs', answered 24.03.2021 (MoS Home, Shri Nityanand Rai)",https://www.scribd.com/document/500156210/Foreign-Contribution-List-MHA,"Annexure-II: Country of Donors Foreign Contribution (in Rupees), Year: 2017-18",2026-09-23,"Excludes donor details < Rs 20,000 per Form FC-4. Scribd copy of the official annexure. Annexure-I: state-wise FC received in Rupees. Annexure-II: donor-country-wise FC in Rupees (excludes donor details < Rs 20,000 per FC-4). 2019-20 tables are PARTIAL: ARs filed as on 16.03.2021; filing deadline extended to 30.06.2021."
Zimbabwe,2017-18,501332.00,"5,01,332.00",rupee,"Rajya Sabha Starred Question No. 304, 'Foreign Funds Received by NGOs', answered 24.03.2021 (MoS Home, Shri Nityanand Rai)",https://www.scribd.com/document/500156210/Foreign-Contribution-List-MHA,"Annexure-II: Country of Donors Foreign Contribution (in Rupees), Year: 2017-18",2026-09-23,"Excludes donor details < Rs 20,000 per Form FC-4. Scribd copy of the official annexure. Annexure-I: state-wise FC received in Rupees. Annexure-II: donor-country-wise FC in Rupees (excludes donor details < Rs 20,000 per FC-4). 2019-20 tables are PARTIAL: ARs filed as on 16.03.2021; filing deadline extended to 30.06.2021."
Senegal,2017-18,345443.00,"3,45,443.00",rupee,"Rajya Sabha Starred Question No. 304, 'Foreign Funds Received by NGOs', answered 24.03.2021 (MoS Home, Shri Nityanand Rai)",https://www.scribd.com/document/500156210/Foreign-Contribution-List-MHA,"Annexure-II: Country of Donors Foreign Contribution (in Rupees), Year: 2017-18",2026-09-23,"Excludes donor details < Rs 20,000 per Form FC-4. Scribd copy of the official annexure. Annexure-I: state-wise FC received in Rupees. Annexure-II: donor-country-wise FC in Rupees (excludes donor details < Rs 20,000 per FC-4). 2019-20 tables are PARTIAL: ARs filed as on 16.03.2021; filing deadline extended to 30.06.2021."
Paraguay,2017-18,288483.00,"2,88,483.00",rupee,"Rajya Sabha Starred Question No. 304, 'Foreign Funds Received by NGOs', answered 24.03.2021 (MoS Home, Shri Nityanand Rai)",https://www.scribd.com/document/500156210/Foreign-Contribution-List-MHA,"Annexure-II: Country of Donors Foreign Contribution (in Rupees), Year: 2017-18",2026-09-23,"Excludes donor details < Rs 20,000 per Form FC-4. Scribd copy of the official annexure. Annexure-I: state-wise FC received in Rupees. Annexure-II: donor-country-wise FC in Rupees (excludes donor details < Rs 20,000 per FC-4). 2019-20 tables are PARTIAL: ARs filed as on 16.03.2021; filing deadline extended to 30.06.2021."
Ghana,2017-18,234542.00,"2,34,542.00",rupee,"Rajya Sabha Starred Question No. 304, 'Foreign Funds Received by NGOs', answered 24.03.2021 (MoS Home, Shri Nityanand Rai)",https://www.scribd.com/document/500156210/Foreign-Contribution-List-MHA,"Annexure-II: Country of Donors Foreign Contribution (in Rupees), Year: 2017-18",2026-09-23,"Excludes donor details < Rs 20,000 per Form FC-4. Scribd copy of the official annexure. Annexure-I: state-wise FC received in Rupees. Annexure-II: donor-country-wise FC in Rupees (excludes donor details < Rs 20,000 per FC-4). 2019-20 tables are PARTIAL: ARs filed as on 16.03.2021; filing deadline extended to 30.06.2021."
Cyprus,2017-18,194444.00,"1,94,444.00",rupee,"Rajya Sabha Starred Question No. 304, 'Foreign Funds Received by NGOs', answered 24.03.2021 (MoS Home, Shri Nityanand Rai)",https://www.scribd.com/document/500156210/Foreign-Contribution-List-MHA,"Annexure-II: Country of Donors Foreign Contribution (in Rupees), Year: 2017-18",2026-09-23,"Excludes donor details < Rs 20,000 per Form FC-4. Scribd copy of the official annexure. Annexure-I: state-wise FC received in Rupees. Annexure-II: donor-country-wise FC in Rupees (excludes donor details < Rs 20,000 per FC-4). 2019-20 tables are PARTIAL: ARs filed as on 16.03.2021; filing deadline extended to 30.06.2021."
Laos,2017-18,190665.00,"1,90,665.00",rupee,"Rajya Sabha Starred Question No. 304, 'Foreign Funds Received by NGOs', answered 24.03.2021 (MoS Home, Shri Nityanand Rai)",https://www.scribd.com/document/500156210/Foreign-Contribution-List-MHA,"Annexure-II: Country of Donors Foreign Contribution (in Rupees), Year: 2017-18",2026-09-23,"Excludes donor details < Rs 20,000 per Form FC-4. Scribd copy of the official annexure. Annexure-I: state-wise FC received in Rupees. Annexure-II: donor-country-wise FC in Rupees (excludes donor details < Rs 20,000 per FC-4). 2019-20 tables are PARTIAL: ARs filed as on 16.03.2021; filing deadline extended to 30.06.2021."
Sierra Leone,2017-18,147363.00,"1,47,363.00",rupee,"Rajya Sabha Starred Question No. 304, 'Foreign Funds Received by NGOs', answered 24.03.2021 (MoS Home, Shri Nityanand Rai)",https://www.scribd.com/document/500156210/Foreign-Contribution-List-MHA,"Annexure-II: Country of Donors Foreign Contribution (in Rupees), Year: 2017-18",2026-09-23,"Excludes donor details < Rs 20,000 per Form FC-4. Scribd copy of the official annexure. Annexure-I: state-wise FC received in Rupees. Annexure-II: donor-country-wise FC in Rupees (excludes donor details < Rs 20,000 per FC-4). 2019-20 tables are PARTIAL: ARs filed as on 16.03.2021; filing deadline extended to 30.06.2021."
Serbia,2017-18,126767.00,"1,26,767.00",rupee,"Rajya Sabha Starred Question No. 304, 'Foreign Funds Received by NGOs', answered 24.03.2021 (MoS Home, Shri Nityanand Rai)",https://www.scribd.com/document/500156210/Foreign-Contribution-List-MHA,"Annexure-II: Country of Donors Foreign Contribution (in Rupees), Year: 2017-18",2026-09-23,"Excludes donor details < Rs 20,000 per Form FC-4. Scribd copy of the official annexure. Annexure-I: state-wise FC received in Rupees. Annexure-II: donor-country-wise FC in Rupees (excludes donor details < Rs 20,000 per FC-4). 2019-20 tables are PARTIAL: ARs filed as on 16.03.2021; filing deadline extended to 30.06.2021."
Cardine Mashal Islands,2017-18,114569.00,"1,14,569.00",rupee,"Rajya Sabha Starred Question No. 304, 'Foreign Funds Received by NGOs', answered 24.03.2021 (MoS Home, Shri Nityanand Rai)",https://www.scribd.com/document/500156210/Foreign-Contribution-List-MHA,"Annexure-II: Country of Donors Foreign Contribution (in Rupees), Year: 2017-18",2026-09-23,"Excludes donor details < Rs 20,000 per Form FC-4. Scribd copy of the official annexure. Annexure-I: state-wise FC received in Rupees. Annexure-II: donor-country-wise FC in Rupees (excludes donor details < Rs 20,000 per FC-4). 2019-20 tables are PARTIAL: ARs filed as on 16.03.2021; filing deadline extended to 30.06.2021."
Malagasy (Madagascar),2017-18,99827.00,"99,827.00",rupee,"Rajya Sabha Starred Question No. 304, 'Foreign Funds Received by NGOs', answered 24.03.2021 (MoS Home, Shri Nityanand Rai)",https://www.scribd.com/document/500156210/Foreign-Contribution-List-MHA,"Annexure-II: Country of Donors Foreign Contribution (in Rupees), Year: 2017-18",2026-09-23,"Excludes donor details < Rs 20,000 per Form FC-4. Scribd copy of the official annexure. Annexure-I: state-wise FC received in Rupees. Annexure-II: donor-country-wise FC in Rupees (excludes donor details < Rs 20,000 per FC-4). 2019-20 tables are PARTIAL: ARs filed as on 16.03.2021; filing deadline extended to 30.06.2021."
Latvia,2017-18,98420.00,"98,420.00",rupee,"Rajya Sabha Starred Question No. 304, 'Foreign Funds Received by NGOs', answered 24.03.2021 (MoS Home, Shri Nityanand Rai)",https://www.scribd.com/document/500156210/Foreign-Contribution-List-MHA,"Annexure-II: Country of Donors Foreign Contribution (in Rupees), Year: 2017-18",2026-09-23,"Excludes donor details < Rs 20,000 per Form FC-4. Scribd copy of the official annexure. Annexure-I: state-wise FC received in Rupees. Annexure-II: donor-country-wise FC in Rupees (excludes donor details < Rs 20,000 per FC-4). 2019-20 tables are PARTIAL: ARs filed as on 16.03.2021; filing deadline extended to 30.06.2021."
Iran,2017-18,95415.00,"95,415.00",rupee,"Rajya Sabha Starred Question No. 304, 'Foreign Funds Received by NGOs', answered 24.03.2021 (MoS Home, Shri Nityanand Rai)",https://www.scribd.com/document/500156210/Foreign-Contribution-List-MHA,"Annexure-II: Country of Donors Foreign Contribution (in Rupees), Year: 2017-18",2026-09-23,"Excludes donor details < Rs 20,000 per Form FC-4. Scribd copy of the official annexure. Annexure-I: state-wise FC received in Rupees. Annexure-II: donor-country-wise FC in Rupees (excludes donor details < Rs 20,000 per FC-4). 2019-20 tables are PARTIAL: ARs filed as on 16.03.2021; filing deadline extended to 30.06.2021."
Estonia,2017-18,83478.00,"83,478.00",rupee,"Rajya Sabha Starred Question No. 304, 'Foreign Funds Received by NGOs', answered 24.03.2021 (MoS Home, Shri Nityanand Rai)",https://www.scribd.com/document/500156210/Foreign-Contribution-List-MHA,"Annexure-II: Country of Donors Foreign Contribution (in Rupees), Year: 2017-18",2026-09-23,"Excludes donor details < Rs 20,000 per Form FC-4. Scribd copy of the official annexure. Annexure-I: state-wise FC received in Rupees. Annexure-II: donor-country-wise FC in Rupees (excludes donor details < Rs 20,000 per FC-4). 2019-20 tables are PARTIAL: ARs filed as on 16.03.2021; filing deadline extended to 30.06.2021."
Aruba,2017-18,78143.00,"78,143.00",rupee,"Rajya Sabha Starred Question No. 304, 'Foreign Funds Received by NGOs', answered 24.03.2021 (MoS Home, Shri Nityanand Rai)",https://www.scribd.com/document/500156210/Foreign-Contribution-List-MHA,"Annexure-II: Country of Donors Foreign Contribution (in Rupees), Year: 2017-18",2026-09-23,"Excludes donor details < Rs 20,000 per Form FC-4. Scribd copy of the official annexure. Annexure-I: state-wise FC received in Rupees. Annexure-II: donor-country-wise FC in Rupees (excludes donor details < Rs 20,000 per FC-4). 2019-20 tables are PARTIAL: ARs filed as on 16.03.2021; filing deadline extended to 30.06.2021."
Guatemala,2017-18,37500.00,"37,500.00",rupee,"Rajya Sabha Starred Question No. 304, 'Foreign Funds Received by NGOs', answered 24.03.2021 (MoS Home, Shri Nityanand Rai)",https://www.scribd.com/document/500156210/Foreign-Contribution-List-MHA,"Annexure-II: Country of Donors Foreign Contribution (in Rupees), Year: 2017-18",2026-09-23,"Excludes donor details < Rs 20,000 per Form FC-4. Scribd copy of the official annexure. Annexure-I: state-wise FC received in Rupees. Annexure-II: donor-country-wise FC in Rupees (excludes donor details < Rs 20,000 per FC-4). 2019-20 tables are PARTIAL: ARs filed as on 16.03.2021; filing deadline extended to 30.06.2021."
Iraq,2017-18,35312.00,"35,312.00",rupee,"Rajya Sabha Starred Question No. 304, 'Foreign Funds Received by NGOs', answered 24.03.2021 (MoS Home, Shri Nityanand Rai)",https://www.scribd.com/document/500156210/Foreign-Contribution-List-MHA,"Annexure-II: Country of Donors Foreign Contribution (in Rupees), Year: 2017-18",2026-09-23,"Excludes donor details < Rs 20,000 per Form FC-4. Scribd copy of the official annexure. Annexure-I: state-wise FC received in Rupees. Annexure-II: donor-country-wise FC in Rupees (excludes donor details < Rs 20,000 per FC-4). 2019-20 tables are PARTIAL: ARs filed as on 16.03.2021; filing deadline extended to 30.06.2021."
Libya,2017-18,31920.00,"31,920.00",rupee,"Rajya Sabha Starred Question No. 304, 'Foreign Funds Received by NGOs', answered 24.03.2021 (MoS Home, Shri Nityanand Rai)",https://www.scribd.com/document/500156210/Foreign-Contribution-List-MHA,"Annexure-II: Country of Donors Foreign Contribution (in Rupees), Year: 2017-18",2026-09-23,"Excludes donor details < Rs 20,000 per Form FC-4. Scribd copy of the official annexure. Annexure-I: state-wise FC received in Rupees. Annexure-II: donor-country-wise FC in Rupees (excludes donor details < Rs 20,000 per FC-4). 2019-20 tables are PARTIAL: ARs filed as on 16.03.2021; filing deadline extended to 30.06.2021."
North Korea,2017-18,31000.00,"31,000.00",rupee,"Rajya Sabha Starred Question No. 304, 'Foreign Funds Received by NGOs', answered 24.03.2021 (MoS Home, Shri Nityanand Rai)",https://www.scribd.com/document/500156210/Foreign-Contribution-List-MHA,"Annexure-II: Country of Donors Foreign Contribution (in Rupees), Year: 2017-18",2026-09-23,"Excludes donor details < Rs 20,000 per Form FC-4. Scribd copy of the official annexure. Annexure-I: state-wise FC received in Rupees. Annexure-II: donor-country-wise FC in Rupees (excludes donor details < Rs 20,000 per FC-4). 2019-20 tables are PARTIAL: ARs filed as on 16.03.2021; filing deadline extended to 30.06.2021."
Syria,2017-18,29688.00,"29,688.00",rupee,"Rajya Sabha Starred Question No. 304, 'Foreign Funds Received by NGOs', answered 24.03.2021 (MoS Home, Shri Nityanand Rai)",https://www.scribd.com/document/500156210/Foreign-Contribution-List-MHA,"Annexure-II: Country of Donors Foreign Contribution (in Rupees), Year: 2017-18",2026-09-23,"Excludes donor details < Rs 20,000 per Form FC-4. Scribd copy of the official annexure. Annexure-I: state-wise FC received in Rupees. Annexure-II: donor-country-wise FC in Rupees (excludes donor details < Rs 20,000 per FC-4). 2019-20 tables are PARTIAL: ARs filed as on 16.03.2021; filing deadline extended to 30.06.2021."
ALL-COUNTRIES-TOTAL,2017-18,167400460149.04,"1,67,40,04,60,149.04",rupee,"Rajya Sabha Starred Question No. 304, 'Foreign Funds Received by NGOs', answered 24.03.2021 (MoS Home, Shri Nityanand Rai)",https://www.scribd.com/document/500156210/Foreign-Contribution-List-MHA,"Annexure-II total row, Year: 2017-18",2026-09-23,"Stated total in source; excludes donor details < Rs 20,000. Scribd copy of the official annexure. Annexure-I: state-wise FC received in Rupees. Annexure-II: donor-country-wise FC in Rupees (excludes donor details < Rs 20,000 per FC-4). 2019-20 tables are PARTIAL: ARs filed as on 16.03.2021; filing deadline extended to 30.06.2021."
United States of America,2018-19,69073253246.28,"69,07,32,53,246.28",rupee,"Rajya Sabha Starred Question No. 304, 'Foreign Funds Received by NGOs', answered 24.03.2021 (MoS Home, Shri Nityanand Rai)",https://www.scribd.com/document/500156210/Foreign-Contribution-List-MHA,"Annexure-II: Country of Donors Foreign Contribution (in Rupees), Year: 2018-19",2026-09-23,"Excludes donor details < Rs 20,000 per Form FC-4. Scribd copy of the official annexure. Annexure-I: state-wise FC received in Rupees. Annexure-II: donor-country-wise FC in Rupees (excludes donor details < Rs 20,000 per FC-4). 2019-20 tables are PARTIAL: ARs filed as on 16.03.2021; filing deadline extended to 30.06.2021."
India,2018-19,23262093103.07,"23,26,20,93,103.07",rupee,"Rajya Sabha Starred Question No. 304, 'Foreign Funds Received by NGOs', answered 24.03.2021 (MoS Home, Shri Nityanand Rai)",https://www.scribd.com/document/500156210/Foreign-Contribution-List-MHA,"Annexure-II: Country of Donors Foreign Contribution (in Rupees), Year: 2018-19",2026-09-23,"Excludes donor details < Rs 20,000 per Form FC-4. Scribd copy of the official annexure. Annexure-I: state-wise FC received in Rupees. Annexure-II: donor-country-wise FC in Rupees (excludes donor details < Rs 20,000 per FC-4). 2019-20 tables are PARTIAL: ARs filed as on 16.03.2021; filing deadline extended to 30.06.2021."
United Kingdom,2018-19,16662714150.04,"16,66,27,14,150.04",rupee,"Rajya Sabha Starred Question No. 304, 'Foreign Funds Received by NGOs', answered 24.03.2021 (MoS Home, Shri Nityanand Rai)",https://www.scribd.com/document/500156210/Foreign-Contribution-List-MHA,"Annexure-II: Country of Donors Foreign Contribution (in Rupees), Year: 2018-19",2026-09-23,"Excludes donor details < Rs 20,000 per Form FC-4. Scribd copy of the official annexure. Annexure-I: state-wise FC received in Rupees. Annexure-II: donor-country-wise FC in Rupees (excludes donor details < Rs 20,000 per FC-4). 2019-20 tables are PARTIAL: ARs filed as on 16.03.2021; filing deadline extended to 30.06.2021."
Germany,2018-19,15650517518.07,"15,65,05,17,518.07",rupee,"Rajya Sabha Starred Question No. 304, 'Foreign Funds Received by NGOs', answered 24.03.2021 (MoS Home, Shri Nityanand Rai)",https://www.scribd.com/document/500156210/Foreign-Contribution-List-MHA,"Annexure-II: Country of Donors Foreign Contribution (in Rupees), Year: 2018-19",2026-09-23,"Excludes donor details < Rs 20,000 per Form FC-4. Scribd copy of the official annexure. Annexure-I: state-wise FC received in Rupees. Annexure-II: donor-country-wise FC in Rupees (excludes donor details < Rs 20,000 per FC-4). 2019-20 tables are PARTIAL: ARs filed as on 16.03.2021; filing deadline extended to 30.06.2021."
Switzerland,2018-19,5787034884.34,"5,78,70,34,884.34",rupee,"Rajya Sabha Starred Question No. 304, 'Foreign Funds Received by NGOs', answered 24.03.2021 (MoS Home, Shri Nityanand Rai)",https://www.scribd.com/document/500156210/Foreign-Contribution-List-MHA,"Annexure-II: Country of Donors Foreign Contribution (in Rupees), Year: 2018-19",2026-09-23,"Excludes donor details < Rs 20,000 per Form FC-4. Scribd copy of the official annexure. Annexure-I: state-wise FC received in Rupees. Annexure-II: donor-country-wise FC in Rupees (excludes donor details < Rs 20,000 per FC-4). 2019-20 tables are PARTIAL: ARs filed as on 16.03.2021; filing deadline extended to 30.06.2021."
Italy,2018-19,4960117980.88,"4,96,01,17,980.88",rupee,"Rajya Sabha Starred Question No. 304, 'Foreign Funds Received by NGOs', answered 24.03.2021 (MoS Home, Shri Nityanand Rai)",https://www.scribd.com/document/500156210/Foreign-Contribution-List-MHA,"Annexure-II: Country of Donors Foreign Contribution (in Rupees), Year: 2018-19",2026-09-23,"Excludes donor details < Rs 20,000 per Form FC-4. Scribd copy of the official annexure. Annexure-I: state-wise FC received in Rupees. Annexure-II: donor-country-wise FC in Rupees (excludes donor details < Rs 20,000 per FC-4). 2019-20 tables are PARTIAL: ARs filed as on 16.03.2021; filing deadline extended to 30.06.2021."
Netherlands,2018-19,4467207866.04,"4,46,72,07,866.04",rupee,"Rajya Sabha Starred Question No. 304, 'Foreign Funds Received by NGOs', answered 24.03.2021 (MoS Home, Shri Nityanand Rai)",https://www.scribd.com/document/500156210/Foreign-Contribution-List-MHA,"Annexure-II: Country of Donors Foreign Contribution (in Rupees), Year: 2018-19",2026-09-23,"Excludes donor details < Rs 20,000 per Form FC-4. Scribd copy of the official annexure. Annexure-I: state-wise FC received in Rupees. Annexure-II: donor-country-wise FC in Rupees (excludes donor details < Rs 20,000 per FC-4). 2019-20 tables are PARTIAL: ARs filed as on 16.03.2021; filing deadline extended to 30.06.2021."
Canada,2018-19,4210181389.85,"4,21,01,81,389.85",rupee,"Rajya Sabha Starred Question No. 304, 'Foreign Funds Received by NGOs', answered 24.03.2021 (MoS Home, Shri Nityanand Rai)",https://www.scribd.com/document/500156210/Foreign-Contribution-List-MHA,"Annexure-II: Country of Donors Foreign Contribution (in Rupees), Year: 2018-19",2026-09-23,"Excludes donor details < Rs 20,000 per Form FC-4. Scribd copy of the official annexure. Annexure-I: state-wise FC received in Rupees. Annexure-II: donor-country-wise FC in Rupees (excludes donor details < Rs 20,000 per FC-4). 2019-20 tables are PARTIAL: ARs filed as on 16.03.2021; filing deadline extended to 30.06.2021."
Spain,2018-19,4193675003.66,"4,19,36,75,003.66",rupee,"Rajya Sabha Starred Question No. 304, 'Foreign Funds Received by NGOs', answered 24.03.2021 (MoS Home, Shri Nityanand Rai)",https://www.scribd.com/document/500156210/Foreign-Contribution-List-MHA,"Annexure-II: Country of Donors Foreign Contribution (in Rupees), Year: 2018-19",2026-09-23,"Excludes donor details < Rs 20,000 per Form FC-4. Scribd copy of the official annexure. Annexure-I: state-wise FC received in Rupees. Annexure-II: donor-country-wise FC in Rupees (excludes donor details < Rs 20,000 per FC-4). 2019-20 tables are PARTIAL: ARs filed as on 16.03.2021; filing deadline extended to 30.06.2021."
Mauritius,2018-19,3763995220.39,"3,76,39,95,220.39",rupee,"Rajya Sabha Starred Question No. 304, 'Foreign Funds Received by NGOs', answered 24.03.2021 (MoS Home, Shri Nityanand Rai)",https://www.scribd.com/document/500156210/Foreign-Contribution-List-MHA,"Annexure-II: Country of Donors Foreign Contribution (in Rupees), Year: 2018-19",2026-09-23,"Excludes donor details < Rs 20,000 per Form FC-4. Scribd copy of the official annexure. Annexure-I: state-wise FC received in Rupees. Annexure-II: donor-country-wise FC in Rupees (excludes donor details < Rs 20,000 per FC-4). 2019-20 tables are PARTIAL: ARs filed as on 16.03.2021; filing deadline extended to 30.06.2021."
Australia,2018-19,2489730564.46,"2,48,97,30,564.46",rupee,"Rajya Sabha Starred Question No. 304, 'Foreign Funds Received by NGOs', answered 24.03.2021 (MoS Home, Shri Nityanand Rai)",https://www.scribd.com/document/500156210/Foreign-Contribution-List-MHA,"Annexure-II: Country of Donors Foreign Contribution (in Rupees), Year: 2018-19",2026-09-23,"Excludes donor details < Rs 20,000 per Form FC-4. Scribd copy of the official annexure. Annexure-I: state-wise FC received in Rupees. Annexure-II: donor-country-wise FC in Rupees (excludes donor details < Rs 20,000 per FC-4). 2019-20 tables are PARTIAL: ARs filed as on 16.03.2021; filing deadline extended to 30.06.2021."
United Arab Emirates,2018-19,2334013157.61,"2,33,40,13,157.61",rupee,"Rajya Sabha Starred Question No. 304, 'Foreign Funds Received by NGOs', answered 24.03.2021 (MoS Home, Shri Nityanand Rai)",https://www.scribd.com/document/500156210/Foreign-Contribution-List-MHA,"Annexure-II: Country of Donors Foreign Contribution (in Rupees), Year: 2018-19",2026-09-23,"Excludes donor details < Rs 20,000 per Form FC-4. Scribd copy of the official annexure. Annexure-I: state-wise FC received in Rupees. Annexure-II: donor-country-wise FC in Rupees (excludes donor details < Rs 20,000 per FC-4). 2019-20 tables are PARTIAL: ARs filed as on 16.03.2021; filing deadline extended to 30.06.2021."
France,2018-19,2055310793.38,"2,05,53,10,793.38",rupee,"Rajya Sabha Starred Question No. 304, 'Foreign Funds Received by NGOs', answered 24.03.2021 (MoS Home, Shri Nityanand Rai)",https://www.scribd.com/document/500156210/Foreign-Contribution-List-MHA,"Annexure-II: Country of Donors Foreign Contribution (in Rupees), Year: 2018-19",2026-09-23,"Excludes donor details < Rs 20,000 per Form FC-4. Scribd copy of the official annexure. Annexure-I: state-wise FC received in Rupees. Annexure-II: donor-country-wise FC in Rupees (excludes donor details < Rs 20,000 per FC-4). 2019-20 tables are PARTIAL: ARs filed as on 16.03.2021; filing deadline extended to 30.06.2021."
Austria,2018-19,1551517381.59,"1,55,15,17,381.59",rupee,"Rajya Sabha Starred Question No. 304, 'Foreign Funds Received by NGOs', answered 24.03.2021 (MoS Home, Shri Nityanand Rai)",https://www.scribd.com/document/500156210/Foreign-Contribution-List-MHA,"Annexure-II: Country of Donors Foreign Contribution (in Rupees), Year: 2018-19",2026-09-23,"Excludes donor details < Rs 20,000 per Form FC-4. Scribd copy of the official annexure. Annexure-I: state-wise FC received in Rupees. Annexure-II: donor-country-wise FC in Rupees (excludes donor details < Rs 20,000 per FC-4). 2019-20 tables are PARTIAL: ARs filed as on 16.03.2021; filing deadline extended to 30.06.2021."
Hong Kong,2018-19,1310449354.87,"1,31,04,49,354.87",rupee,"Rajya Sabha Starred Question No. 304, 'Foreign Funds Received by NGOs', answered 24.03.2021 (MoS Home, Shri Nityanand Rai)",https://www.scribd.com/document/500156210/Foreign-Contribution-List-MHA,"Annexure-II: Country of Donors Foreign Contribution (in Rupees), Year: 2018-19",2026-09-23,"Excludes donor details < Rs 20,000 per Form FC-4. Scribd copy of the official annexure. Annexure-I: state-wise FC received in Rupees. Annexure-II: donor-country-wise FC in Rupees (excludes donor details < Rs 20,000 per FC-4). 2019-20 tables are PARTIAL: ARs filed as on 16.03.2021; filing deadline extended to 30.06.2021."
Kuwait,2018-19,1236716762.19,"1,23,67,16,762.19",rupee,"Rajya Sabha Starred Question No. 304, 'Foreign Funds Received by NGOs', answered 24.03.2021 (MoS Home, Shri Nityanand Rai)",https://www.scribd.com/document/500156210/Foreign-Contribution-List-MHA,"Annexure-II: Country of Donors Foreign Contribution (in Rupees), Year: 2018-19",2026-09-23,"Excludes donor details < Rs 20,000 per Form FC-4. Scribd copy of the official annexure. Annexure-I: state-wise FC received in Rupees. Annexure-II: donor-country-wise FC in Rupees (excludes donor details < Rs 20,000 per FC-4). 2019-20 tables are PARTIAL: ARs filed as on 16.03.2021; filing deadline extended to 30.06.2021."
Sweden,2018-19,1234135003.49,"1,23,41,35,003.49",rupee,"Rajya Sabha Starred Question No. 304, 'Foreign Funds Received by NGOs', answered 24.03.2021 (MoS Home, Shri Nityanand Rai)",https://www.scribd.com/document/500156210/Foreign-Contribution-List-MHA,"Annexure-II: Country of Donors Foreign Contribution (in Rupees), Year: 2018-19",2026-09-23,"Excludes donor details < Rs 20,000 per Form FC-4. Scribd copy of the official annexure. Annexure-I: state-wise FC received in Rupees. Annexure-II: donor-country-wise FC in Rupees (excludes donor details < Rs 20,000 per FC-4). 2019-20 tables are PARTIAL: ARs filed as on 16.03.2021; filing deadline extended to 30.06.2021."
Belgium,2018-19,954094029.52,"95,40,94,029.52",rupee,"Rajya Sabha Starred Question No. 304, 'Foreign Funds Received by NGOs', answered 24.03.2021 (MoS Home, Shri Nityanand Rai)",https://www.scribd.com/document/500156210/Foreign-Contribution-List-MHA,"Annexure-II: Country of Donors Foreign Contribution (in Rupees), Year: 2018-19",2026-09-23,"Excludes donor details < Rs 20,000 per Form FC-4. Scribd copy of the official annexure. Annexure-I: state-wise FC received in Rupees. Annexure-II: donor-country-wise FC in Rupees (excludes donor details < Rs 20,000 per FC-4). 2019-20 tables are PARTIAL: ARs filed as on 16.03.2021; filing deadline extended to 30.06.2021."
Singapore,2018-19,782918594.35,"78,29,18,594.35",rupee,"Rajya Sabha Starred Question No. 304, 'Foreign Funds Received by NGOs', answered 24.03.2021 (MoS Home, Shri Nityanand Rai)",https://www.scribd.com/document/500156210/Foreign-Contribution-List-MHA,"Annexure-II: Country of Donors Foreign Contribution (in Rupees), Year: 2018-19",2026-09-23,"Excludes donor details < Rs 20,000 per Form FC-4. Scribd copy of the official annexure. Annexure-I: state-wise FC received in Rupees. Annexure-II: donor-country-wise FC in Rupees (excludes donor details < Rs 20,000 per FC-4). 2019-20 tables are PARTIAL: ARs filed as on 16.03.2021; filing deadline extended to 30.06.2021."
Japan,2018-19,746428836.45,"74,64,28,836.45",rupee,"Rajya Sabha Starred Question No. 304, 'Foreign Funds Received by NGOs', answered 24.03.2021 (MoS Home, Shri Nityanand Rai)",https://www.scribd.com/document/500156210/Foreign-Contribution-List-MHA,"Annexure-II: Country of Donors Foreign Contribution (in Rupees), Year: 2018-19",2026-09-23,"Excludes donor details < Rs 20,000 per Form FC-4. Scribd copy of the official annexure. Annexure-I: state-wise FC received in Rupees. Annexure-II: donor-country-wise FC in Rupees (excludes donor details < Rs 20,000 per FC-4). 2019-20 tables are PARTIAL: ARs filed as on 16.03.2021; filing deadline extended to 30.06.2021."
Norway,2018-19,698928047.20,"69,89,28,047.20",rupee,"Rajya Sabha Starred Question No. 304, 'Foreign Funds Received by NGOs', answered 24.03.2021 (MoS Home, Shri Nityanand Rai)",https://www.scribd.com/document/500156210/Foreign-Contribution-List-MHA,"Annexure-II: Country of Donors Foreign Contribution (in Rupees), Year: 2018-19",2026-09-23,"Excludes donor details < Rs 20,000 per Form FC-4. Scribd copy of the official annexure. Annexure-I: state-wise FC received in Rupees. Annexure-II: donor-country-wise FC in Rupees (excludes donor details < Rs 20,000 per FC-4). 2019-20 tables are PARTIAL: ARs filed as on 16.03.2021; filing deadline extended to 30.06.2021."
South Africa,2018-19,498568426.89,"49,85,68,426.89",rupee,"Rajya Sabha Starred Question No. 304, 'Foreign Funds Received by NGOs', answered 24.03.2021 (MoS Home, Shri Nityanand Rai)",https://www.scribd.com/document/500156210/Foreign-Contribution-List-MHA,"Annexure-II: Country of Donors Foreign Contribution (in Rupees), Year: 2018-19",2026-09-23,"Excludes donor details < Rs 20,000 per Form FC-4. Scribd copy of the official annexure. Annexure-I: state-wise FC received in Rupees. Annexure-II: donor-country-wise FC in Rupees (excludes donor details < Rs 20,000 per FC-4). 2019-20 tables are PARTIAL: ARs filed as on 16.03.2021; filing deadline extended to 30.06.2021."
Qatar,2018-19,455557511.04,"45,55,57,511.04",rupee,"Rajya Sabha Starred Question No. 304, 'Foreign Funds Received by NGOs', answered 24.03.2021 (MoS Home, Shri Nityanand Rai)",https://www.scribd.com/document/500156210/Foreign-Contribution-List-MHA,"Annexure-II: Country of Donors Foreign Contribution (in Rupees), Year: 2018-19",2026-09-23,"Excludes donor details < Rs 20,000 per Form FC-4. Scribd copy of the official annexure. Annexure-I: state-wise FC received in Rupees. Annexure-II: donor-country-wise FC in Rupees (excludes donor details < Rs 20,000 per FC-4). 2019-20 tables are PARTIAL: ARs filed as on 16.03.2021; filing deadline extended to 30.06.2021."
Ireland,2018-19,421424986.87,"42,14,24,986.87",rupee,"Rajya Sabha Starred Question No. 304, 'Foreign Funds Received by NGOs', answered 24.03.2021 (MoS Home, Shri Nityanand Rai)",https://www.scribd.com/document/500156210/Foreign-Contribution-List-MHA,"Annexure-II: Country of Donors Foreign Contribution (in Rupees), Year: 2018-19",2026-09-23,"Excludes donor details < Rs 20,000 per Form FC-4. Scribd copy of the official annexure. Annexure-I: state-wise FC received in Rupees. Annexure-II: donor-country-wise FC in Rupees (excludes donor details < Rs 20,000 per FC-4). 2019-20 tables are PARTIAL: ARs filed as on 16.03.2021; filing deadline extended to 30.06.2021."
New Zealand,2018-19,402000717.85,"40,20,00,717.85",rupee,"Rajya Sabha Starred Question No. 304, 'Foreign Funds Received by NGOs', answered 24.03.2021 (MoS Home, Shri Nityanand Rai)",https://www.scribd.com/document/500156210/Foreign-Contribution-List-MHA,"Annexure-II: Country of Donors Foreign Contribution (in Rupees), Year: 2018-19",2026-09-23,"Excludes donor details < Rs 20,000 per Form FC-4. Scribd copy of the official annexure. Annexure-I: state-wise FC received in Rupees. Annexure-II: donor-country-wise FC in Rupees (excludes donor details < Rs 20,000 per FC-4). 2019-20 tables are PARTIAL: ARs filed as on 16.03.2021; filing deadline extended to 30.06.2021."
Taiwan,2018-19,401364260.29,"40,13,64,260.29",rupee,"Rajya Sabha Starred Question No. 304, 'Foreign Funds Received by NGOs', answered 24.03.2021 (MoS Home, Shri Nityanand Rai)",https://www.scribd.com/document/500156210/Foreign-Contribution-List-MHA,"Annexure-II: Country of Donors Foreign Contribution (in Rupees), Year: 2018-19",2026-09-23,"Excludes donor details < Rs 20,000 per Form FC-4. Scribd copy of the official annexure. Annexure-I: state-wise FC received in Rupees. Annexure-II: donor-country-wise FC in Rupees (excludes donor details < Rs 20,000 per FC-4). 2019-20 tables are PARTIAL: ARs filed as on 16.03.2021; filing deadline extended to 30.06.2021."
Saudi Arabia,2018-19,395797403.08,"39,57,97,403.08",rupee,"Rajya Sabha Starred Question No. 304, 'Foreign Funds Received by NGOs', answered 24.03.2021 (MoS Home, Shri Nityanand Rai)",https://www.scribd.com/document/500156210/Foreign-Contribution-List-MHA,"Annexure-II: Country of Donors Foreign Contribution (in Rupees), Year: 2018-19",2026-09-23,"Excludes donor details < Rs 20,000 per Form FC-4. Scribd copy of the official annexure. Annexure-I: state-wise FC received in Rupees. Annexure-II: donor-country-wise FC in Rupees (excludes donor details < Rs 20,000 per FC-4). 2019-20 tables are PARTIAL: ARs filed as on 16.03.2021; filing deadline extended to 30.06.2021."
Denmark,2018-19,372914000.58,"37,29,14,000.58",rupee,"Rajya Sabha Starred Question No. 304, 'Foreign Funds Received by NGOs', answered 24.03.2021 (MoS Home, Shri Nityanand Rai)",https://www.scribd.com/document/500156210/Foreign-Contribution-List-MHA,"Annexure-II: Country of Donors Foreign Contribution (in Rupees), Year: 2018-19",2026-09-23,"Excludes donor details < Rs 20,000 per Form FC-4. Scribd copy of the official annexure. Annexure-I: state-wise FC received in Rupees. Annexure-II: donor-country-wise FC in Rupees (excludes donor details < Rs 20,000 per FC-4). 2019-20 tables are PARTIAL: ARs filed as on 16.03.2021; filing deadline extended to 30.06.2021."
Finland,2018-19,271304585.67,"27,13,04,585.67",rupee,"Rajya Sabha Starred Question No. 304, 'Foreign Funds Received by NGOs', answered 24.03.2021 (MoS Home, Shri Nityanand Rai)",https://www.scribd.com/document/500156210/Foreign-Contribution-List-MHA,"Annexure-II: Country of Donors Foreign Contribution (in Rupees), Year: 2018-19",2026-09-23,"Excludes donor details < Rs 20,000 per Form FC-4. Scribd copy of the official annexure. Annexure-I: state-wise FC received in Rupees. Annexure-II: donor-country-wise FC in Rupees (excludes donor details < Rs 20,000 per FC-4). 2019-20 tables are PARTIAL: ARs filed as on 16.03.2021; filing deadline extended to 30.06.2021."
South Korea,2018-19,265557774.82,"26,55,57,774.82",rupee,"Rajya Sabha Starred Question No. 304, 'Foreign Funds Received by NGOs', answered 24.03.2021 (MoS Home, Shri Nityanand Rai)",https://www.scribd.com/document/500156210/Foreign-Contribution-List-MHA,"Annexure-II: Country of Donors Foreign Contribution (in Rupees), Year: 2018-19",2026-09-23,"Excludes donor details < Rs 20,000 per Form FC-4. Scribd copy of the official annexure. Annexure-I: state-wise FC received in Rupees. Annexure-II: donor-country-wise FC in Rupees (excludes donor details < Rs 20,000 per FC-4). 2019-20 tables are PARTIAL: ARs filed as on 16.03.2021; filing deadline extended to 30.06.2021."
Philippines,2018-19,223969394.10,"22,39,69,394.10",rupee,"Rajya Sabha Starred Question No. 304, 'Foreign Funds Received by NGOs', answered 24.03.2021 (MoS Home, Shri Nityanand Rai)",https://www.scribd.com/document/500156210/Foreign-Contribution-List-MHA,"Annexure-II: Country of Donors Foreign Contribution (in Rupees), Year: 2018-19",2026-09-23,"Excludes donor details < Rs 20,000 per Form FC-4. Scribd copy of the official annexure. Annexure-I: state-wise FC received in Rupees. Annexure-II: donor-country-wise FC in Rupees (excludes donor details < Rs 20,000 per FC-4). 2019-20 tables are PARTIAL: ARs filed as on 16.03.2021; filing deadline extended to 30.06.2021."
Swaziland,2018-19,215660917.32,"21,56,60,917.32",rupee,"Rajya Sabha Starred Question No. 304, 'Foreign Funds Received by NGOs', answered 24.03.2021 (MoS Home, Shri Nityanand Rai)",https://www.scribd.com/document/500156210/Foreign-Contribution-List-MHA,"Annexure-II: Country of Donors Foreign Contribution (in Rupees), Year: 2018-19",2026-09-23,"Excludes donor details < Rs 20,000 per Form FC-4. Scribd copy of the official annexure. Annexure-I: state-wise FC received in Rupees. Annexure-II: donor-country-wise FC in Rupees (excludes donor details < Rs 20,000 per FC-4). 2019-20 tables are PARTIAL: ARs filed as on 16.03.2021; filing deadline extended to 30.06.2021."
Malaysia,2018-19,215071831.20,"21,50,71,831.20",rupee,"Rajya Sabha Starred Question No. 304, 'Foreign Funds Received by NGOs', answered 24.03.2021 (MoS Home, Shri Nityanand Rai)",https://www.scribd.com/document/500156210/Foreign-Contribution-List-MHA,"Annexure-II: Country of Donors Foreign Contribution (in Rupees), Year: 2018-19",2026-09-23,"Excludes donor details < Rs 20,000 per Form FC-4. Scribd copy of the official annexure. Annexure-I: state-wise FC received in Rupees. Annexure-II: donor-country-wise FC in Rupees (excludes donor details < Rs 20,000 per FC-4). 2019-20 tables are PARTIAL: ARs filed as on 16.03.2021; filing deadline extended to 30.06.2021."
Luxembourg,2018-19,210608041.09,"21,06,08,041.09",rupee,"Rajya Sabha Starred Question No. 304, 'Foreign Funds Received by NGOs', answered 24.03.2021 (MoS Home, Shri Nityanand Rai)",https://www.scribd.com/document/500156210/Foreign-Contribution-List-MHA,"Annexure-II: Country of Donors Foreign Contribution (in Rupees), Year: 2018-19",2026-09-23,"Excludes donor details < Rs 20,000 per Form FC-4. Scribd copy of the official annexure. Annexure-I: state-wise FC received in Rupees. Annexure-II: donor-country-wise FC in Rupees (excludes donor details < Rs 20,000 per FC-4). 2019-20 tables are PARTIAL: ARs filed as on 16.03.2021; filing deadline extended to 30.06.2021."
Thailand,2018-19,199331260.13,"19,93,31,260.13",rupee,"Rajya Sabha Starred Question No. 304, 'Foreign Funds Received by NGOs', answered 24.03.2021 (MoS Home, Shri Nityanand Rai)",https://www.scribd.com/document/500156210/Foreign-Contribution-List-MHA,"Annexure-II: Country of Donors Foreign Contribution (in Rupees), Year: 2018-19",2026-09-23,"Excludes donor details < Rs 20,000 per Form FC-4. Scribd copy of the official annexure. Annexure-I: state-wise FC received in Rupees. Annexure-II: donor-country-wise FC in Rupees (excludes donor details < Rs 20,000 per FC-4). 2019-20 tables are PARTIAL: ARs filed as on 16.03.2021; filing deadline extended to 30.06.2021."
Czech Republic,2018-19,162098790.05,"16,20,98,790.05",rupee,"Rajya Sabha Starred Question No. 304, 'Foreign Funds Received by NGOs', answered 24.03.2021 (MoS Home, Shri Nityanand Rai)",https://www.scribd.com/document/500156210/Foreign-Contribution-List-MHA,"Annexure-II: Country of Donors Foreign Contribution (in Rupees), Year: 2018-19",2026-09-23,"Excludes donor details < Rs 20,000 per Form FC-4. Scribd copy of the official annexure. Annexure-I: state-wise FC received in Rupees. Annexure-II: donor-country-wise FC in Rupees (excludes donor details < Rs 20,000 per FC-4). 2019-20 tables are PARTIAL: ARs filed as on 16.03.2021; filing deadline extended to 30.06.2021."
Bahamas,2018-19,153863430.00,"15,38,63,430.00",rupee,"Rajya Sabha Starred Question No. 304, 'Foreign Funds Received by NGOs', answered 24.03.2021 (MoS Home, Shri Nityanand Rai)",https://www.scribd.com/document/500156210/Foreign-Contribution-List-MHA,"Annexure-II: Country of Donors Foreign Contribution (in Rupees), Year: 2018-19",2026-09-23,"Excludes donor details < Rs 20,000 per Form FC-4. Scribd copy of the official annexure. Annexure-I: state-wise FC received in Rupees. Annexure-II: donor-country-wise FC in Rupees (excludes donor details < Rs 20,000 per FC-4). 2019-20 tables are PARTIAL: ARs filed as on 16.03.2021; filing deadline extended to 30.06.2021."
Liechtenstein,2018-19,137943428.96,"13,79,43,428.96",rupee,"Rajya Sabha Starred Question No. 304, 'Foreign Funds Received by NGOs', answered 24.03.2021 (MoS Home, Shri Nityanand Rai)",https://www.scribd.com/document/500156210/Foreign-Contribution-List-MHA,"Annexure-II: Country of Donors Foreign Contribution (in Rupees), Year: 2018-19",2026-09-23,"Excludes donor details < Rs 20,000 per Form FC-4. Scribd copy of the official annexure. Annexure-I: state-wise FC received in Rupees. Annexure-II: donor-country-wise FC in Rupees (excludes donor details < Rs 20,000 per FC-4). 2019-20 tables are PARTIAL: ARs filed as on 16.03.2021; filing deadline extended to 30.06.2021."
Nepal,2018-19,134476387.80,"13,44,76,387.80",rupee,"Rajya Sabha Starred Question No. 304, 'Foreign Funds Received by NGOs', answered 24.03.2021 (MoS Home, Shri Nityanand Rai)",https://www.scribd.com/document/500156210/Foreign-Contribution-List-MHA,"Annexure-II: Country of Donors Foreign Contribution (in Rupees), Year: 2018-19",2026-09-23,"Excludes donor details < Rs 20,000 per Form FC-4. Scribd copy of the official annexure. Annexure-I: state-wise FC received in Rupees. Annexure-II: donor-country-wise FC in Rupees (excludes donor details < Rs 20,000 per FC-4). 2019-20 tables are PARTIAL: ARs filed as on 16.03.2021; filing deadline extended to 30.06.2021."
China,2018-19,117675698.04,"11,76,75,698.04",rupee,"Rajya Sabha Starred Question No. 304, 'Foreign Funds Received by NGOs', answered 24.03.2021 (MoS Home, Shri Nityanand Rai)",https://www.scribd.com/document/500156210/Foreign-Contribution-List-MHA,"Annexure-II: Country of Donors Foreign Contribution (in Rupees), Year: 2018-19",2026-09-23,"Excludes donor details < Rs 20,000 per Form FC-4. Scribd copy of the official annexure. Annexure-I: state-wise FC received in Rupees. Annexure-II: donor-country-wise FC in Rupees (excludes donor details < Rs 20,000 per FC-4). 2019-20 tables are PARTIAL: ARs filed as on 16.03.2021; filing deadline extended to 30.06.2021."
Iceland,2018-19,97142435.14,"9,71,42,435.14",rupee,"Rajya Sabha Starred Question No. 304, 'Foreign Funds Received by NGOs', answered 24.03.2021 (MoS Home, Shri Nityanand Rai)",https://www.scribd.com/document/500156210/Foreign-Contribution-List-MHA,"Annexure-II: Country of Donors Foreign Contribution (in Rupees), Year: 2018-19",2026-09-23,"Excludes donor details < Rs 20,000 per Form FC-4. Scribd copy of the official annexure. Annexure-I: state-wise FC received in Rupees. Annexure-II: donor-country-wise FC in Rupees (excludes donor details < Rs 20,000 per FC-4). 2019-20 tables are PARTIAL: ARs filed as on 16.03.2021; filing deadline extended to 30.06.2021."
Indonesia,2018-19,88293714.99,"8,82,93,714.99",rupee,"Rajya Sabha Starred Question No. 304, 'Foreign Funds Received by NGOs', answered 24.03.2021 (MoS Home, Shri Nityanand Rai)",https://www.scribd.com/document/500156210/Foreign-Contribution-List-MHA,"Annexure-II: Country of Donors Foreign Contribution (in Rupees), Year: 2018-19",2026-09-23,"Excludes donor details < Rs 20,000 per Form FC-4. Scribd copy of the official annexure. Annexure-I: state-wise FC received in Rupees. Annexure-II: donor-country-wise FC in Rupees (excludes donor details < Rs 20,000 per FC-4). 2019-20 tables are PARTIAL: ARs filed as on 16.03.2021; filing deadline extended to 30.06.2021."
Panama,2018-19,84365007.00,"8,43,65,007.00",rupee,"Rajya Sabha Starred Question No. 304, 'Foreign Funds Received by NGOs', answered 24.03.2021 (MoS Home, Shri Nityanand Rai)",https://www.scribd.com/document/500156210/Foreign-Contribution-List-MHA,"Annexure-II: Country of Donors Foreign Contribution (in Rupees), Year: 2018-19",2026-09-23,"Excludes donor details < Rs 20,000 per Form FC-4. Scribd copy of the official annexure. Annexure-I: state-wise FC received in Rupees. Annexure-II: donor-country-wise FC in Rupees (excludes donor details < Rs 20,000 per FC-4). 2019-20 tables are PARTIAL: ARs filed as on 16.03.2021; filing deadline extended to 30.06.2021."
Turkey,2018-19,84095125.50,"8,40,95,125.50",rupee,"Rajya Sabha Starred Question No. 304, 'Foreign Funds Received by NGOs', answered 24.03.2021 (MoS Home, Shri Nityanand Rai)",https://www.scribd.com/document/500156210/Foreign-Contribution-List-MHA,"Annexure-II: Country of Donors Foreign Contribution (in Rupees), Year: 2018-19",2026-09-23,"Excludes donor details < Rs 20,000 per Form FC-4. Scribd copy of the official annexure. Annexure-I: state-wise FC received in Rupees. Annexure-II: donor-country-wise FC in Rupees (excludes donor details < Rs 20,000 per FC-4). 2019-20 tables are PARTIAL: ARs filed as on 16.03.2021; filing deadline extended to 30.06.2021."
Sri Lanka,2018-19,81483139.20,"8,14,83,139.20",rupee,"Rajya Sabha Starred Question No. 304, 'Foreign Funds Received by NGOs', answered 24.03.2021 (MoS Home, Shri Nityanand Rai)",https://www.scribd.com/document/500156210/Foreign-Contribution-List-MHA,"Annexure-II: Country of Donors Foreign Contribution (in Rupees), Year: 2018-19",2026-09-23,"Excludes donor details < Rs 20,000 per Form FC-4. Scribd copy of the official annexure. Annexure-I: state-wise FC received in Rupees. Annexure-II: donor-country-wise FC in Rupees (excludes donor details < Rs 20,000 per FC-4). 2019-20 tables are PARTIAL: ARs filed as on 16.03.2021; filing deadline extended to 30.06.2021."
Oman,2018-19,78452455.87,"7,84,52,455.87",rupee,"Rajya Sabha Starred Question No. 304, 'Foreign Funds Received by NGOs', answered 24.03.2021 (MoS Home, Shri Nityanand Rai)",https://www.scribd.com/document/500156210/Foreign-Contribution-List-MHA,"Annexure-II: Country of Donors Foreign Contribution (in Rupees), Year: 2018-19",2026-09-23,"Excludes donor details < Rs 20,000 per Form FC-4. Scribd copy of the official annexure. Annexure-I: state-wise FC received in Rupees. Annexure-II: donor-country-wise FC in Rupees (excludes donor details < Rs 20,000 per FC-4). 2019-20 tables are PARTIAL: ARs filed as on 16.03.2021; filing deadline extended to 30.06.2021."
Vatican City,2018-19,62195482.50,"6,21,95,482.50",rupee,"Rajya Sabha Starred Question No. 304, 'Foreign Funds Received by NGOs', answered 24.03.2021 (MoS Home, Shri Nityanand Rai)",https://www.scribd.com/document/500156210/Foreign-Contribution-List-MHA,"Annexure-II: Country of Donors Foreign Contribution (in Rupees), Year: 2018-19",2026-09-23,"Excludes donor details < Rs 20,000 per Form FC-4. Scribd copy of the official annexure. Annexure-I: state-wise FC received in Rupees. Annexure-II: donor-country-wise FC in Rupees (excludes donor details < Rs 20,000 per FC-4). 2019-20 tables are PARTIAL: ARs filed as on 16.03.2021; filing deadline extended to 30.06.2021."
Kenya,2018-19,61545031.66,"6,15,45,031.66",rupee,"Rajya Sabha Starred Question No. 304, 'Foreign Funds Received by NGOs', answered 24.03.2021 (MoS Home, Shri Nityanand Rai)",https://www.scribd.com/document/500156210/Foreign-Contribution-List-MHA,"Annexure-II: Country of Donors Foreign Contribution (in Rupees), Year: 2018-19",2026-09-23,"Excludes donor details < Rs 20,000 per Form FC-4. Scribd copy of the official annexure. Annexure-I: state-wise FC received in Rupees. Annexure-II: donor-country-wise FC in Rupees (excludes donor details < Rs 20,000 per FC-4). 2019-20 tables are PARTIAL: ARs filed as on 16.03.2021; filing deadline extended to 30.06.2021."
Vietnam,2018-19,52890053.51,"5,28,90,053.51",rupee,"Rajya Sabha Starred Question No. 304, 'Foreign Funds Received by NGOs', answered 24.03.2021 (MoS Home, Shri Nityanand Rai)",https://www.scribd.com/document/500156210/Foreign-Contribution-List-MHA,"Annexure-II: Country of Donors Foreign Contribution (in Rupees), Year: 2018-19",2026-09-23,"Excludes donor details < Rs 20,000 per Form FC-4. Scribd copy of the official annexure. Annexure-I: state-wise FC received in Rupees. Annexure-II: donor-country-wise FC in Rupees (excludes donor details < Rs 20,000 per FC-4). 2019-20 tables are PARTIAL: ARs filed as on 16.03.2021; filing deadline extended to 30.06.2021."
Monaco,2018-19,43884378.26,"4,38,84,378.26",rupee,"Rajya Sabha Starred Question No. 304, 'Foreign Funds Received by NGOs', answered 24.03.2021 (MoS Home, Shri Nityanand Rai)",https://www.scribd.com/document/500156210/Foreign-Contribution-List-MHA,"Annexure-II: Country of Donors Foreign Contribution (in Rupees), Year: 2018-19",2026-09-23,"Excludes donor details < Rs 20,000 per Form FC-4. Scribd copy of the official annexure. Annexure-I: state-wise FC received in Rupees. Annexure-II: donor-country-wise FC in Rupees (excludes donor details < Rs 20,000 per FC-4). 2019-20 tables are PARTIAL: ARs filed as on 16.03.2021; filing deadline extended to 30.06.2021."
Slovakia,2018-19,39256547.86,"3,92,56,547.86",rupee,"Rajya Sabha Starred Question No. 304, 'Foreign Funds Received by NGOs', answered 24.03.2021 (MoS Home, Shri Nityanand Rai)",https://www.scribd.com/document/500156210/Foreign-Contribution-List-MHA,"Annexure-II: Country of Donors Foreign Contribution (in Rupees), Year: 2018-19",2026-09-23,"Excludes donor details < Rs 20,000 per Form FC-4. Scribd copy of the official annexure. Annexure-I: state-wise FC received in Rupees. Annexure-II: donor-country-wise FC in Rupees (excludes donor details < Rs 20,000 per FC-4). 2019-20 tables are PARTIAL: ARs filed as on 16.03.2021; filing deadline extended to 30.06.2021."
Poland,2018-19,30513069.65,"3,05,13,069.65",rupee,"Rajya Sabha Starred Question No. 304, 'Foreign Funds Received by NGOs', answered 24.03.2021 (MoS Home, Shri Nityanand Rai)",https://www.scribd.com/document/500156210/Foreign-Contribution-List-MHA,"Annexure-II: Country of Donors Foreign Contribution (in Rupees), Year: 2018-19",2026-09-23,"Excludes donor details < Rs 20,000 per Form FC-4. Scribd copy of the official annexure. Annexure-I: state-wise FC received in Rupees. Annexure-II: donor-country-wise FC in Rupees (excludes donor details < Rs 20,000 per FC-4). 2019-20 tables are PARTIAL: ARs filed as on 16.03.2021; filing deadline extended to 30.06.2021."
Tanzania,2018-19,30360243.14,"3,03,60,243.14",rupee,"Rajya Sabha Starred Question No. 304, 'Foreign Funds Received by NGOs', answered 24.03.2021 (MoS Home, Shri Nityanand Rai)",https://www.scribd.com/document/500156210/Foreign-Contribution-List-MHA,"Annexure-II: Country of Donors Foreign Contribution (in Rupees), Year: 2018-19",2026-09-23,"Excludes donor details < Rs 20,000 per Form FC-4. Scribd copy of the official annexure. Annexure-I: state-wise FC received in Rupees. Annexure-II: donor-country-wise FC in Rupees (excludes donor details < Rs 20,000 per FC-4). 2019-20 tables are PARTIAL: ARs filed as on 16.03.2021; filing deadline extended to 30.06.2021."
Malta,2018-19,29576499.01,"2,95,76,499.01",rupee,"Rajya Sabha Starred Question No. 304, 'Foreign Funds Received by NGOs', answered 24.03.2021 (MoS Home, Shri Nityanand Rai)",https://www.scribd.com/document/500156210/Foreign-Contribution-List-MHA,"Annexure-II: Country of Donors Foreign Contribution (in Rupees), Year: 2018-19",2026-09-23,"Excludes donor details < Rs 20,000 per Form FC-4. Scribd copy of the official annexure. Annexure-I: state-wise FC received in Rupees. Annexure-II: donor-country-wise FC in Rupees (excludes donor details < Rs 20,000 per FC-4). 2019-20 tables are PARTIAL: ARs filed as on 16.03.2021; filing deadline extended to 30.06.2021."
Others (Tibet),2018-19,27121794.52,"2,71,21,794.52",rupee,"Rajya Sabha Starred Question No. 304, 'Foreign Funds Received by NGOs', answered 24.03.2021 (MoS Home, Shri Nityanand Rai)",https://www.scribd.com/document/500156210/Foreign-Contribution-List-MHA,"Annexure-II: Country of Donors Foreign Contribution (in Rupees), Year: 2018-19",2026-09-23,"Excludes donor details < Rs 20,000 per Form FC-4. Scribd copy of the official annexure. Annexure-I: state-wise FC received in Rupees. Annexure-II: donor-country-wise FC in Rupees (excludes donor details < Rs 20,000 per FC-4). 2019-20 tables are PARTIAL: ARs filed as on 16.03.2021; filing deadline extended to 30.06.2021."
Hungary,2018-19,25758672.27,"2,57,58,672.27",rupee,"Rajya Sabha Starred Question No. 304, 'Foreign Funds Received by NGOs', answered 24.03.2021 (MoS Home, Shri Nityanand Rai)",https://www.scribd.com/document/500156210/Foreign-Contribution-List-MHA,"Annexure-II: Country of Donors Foreign Contribution (in Rupees), Year: 2018-19",2026-09-23,"Excludes donor details < Rs 20,000 per Form FC-4. Scribd copy of the official annexure. Annexure-I: state-wise FC received in Rupees. Annexure-II: donor-country-wise FC in Rupees (excludes donor details < Rs 20,000 per FC-4). 2019-20 tables are PARTIAL: ARs filed as on 16.03.2021; filing deadline extended to 30.06.2021."
Chile,2018-19,22464436.57,"2,24,64,436.57",rupee,"Rajya Sabha Starred Question No. 304, 'Foreign Funds Received by NGOs', answered 24.03.2021 (MoS Home, Shri Nityanand Rai)",https://www.scribd.com/document/500156210/Foreign-Contribution-List-MHA,"Annexure-II: Country of Donors Foreign Contribution (in Rupees), Year: 2018-19",2026-09-23,"Excludes donor details < Rs 20,000 per Form FC-4. Scribd copy of the official annexure. Annexure-I: state-wise FC received in Rupees. Annexure-II: donor-country-wise FC in Rupees (excludes donor details < Rs 20,000 per FC-4). 2019-20 tables are PARTIAL: ARs filed as on 16.03.2021; filing deadline extended to 30.06.2021."
Morocco,2018-19,20650397.88,"2,06,50,397.88",rupee,"Rajya Sabha Starred Question No. 304, 'Foreign Funds Received by NGOs', answered 24.03.2021 (MoS Home, Shri Nityanand Rai)",https://www.scribd.com/document/500156210/Foreign-Contribution-List-MHA,"Annexure-II: Country of Donors Foreign Contribution (in Rupees), Year: 2018-19",2026-09-23,"Excludes donor details < Rs 20,000 per Form FC-4. Scribd copy of the official annexure. Annexure-I: state-wise FC received in Rupees. Annexure-II: donor-country-wise FC in Rupees (excludes donor details < Rs 20,000 per FC-4). 2019-20 tables are PARTIAL: ARs filed as on 16.03.2021; filing deadline extended to 30.06.2021."
Jamaica,2018-19,20573468.00,"2,05,73,468.00",rupee,"Rajya Sabha Starred Question No. 304, 'Foreign Funds Received by NGOs', answered 24.03.2021 (MoS Home, Shri Nityanand Rai)",https://www.scribd.com/document/500156210/Foreign-Contribution-List-MHA,"Annexure-II: Country of Donors Foreign Contribution (in Rupees), Year: 2018-19",2026-09-23,"Excludes donor details < Rs 20,000 per Form FC-4. Scribd copy of the official annexure. Annexure-I: state-wise FC received in Rupees. Annexure-II: donor-country-wise FC in Rupees (excludes donor details < Rs 20,000 per FC-4). 2019-20 tables are PARTIAL: ARs filed as on 16.03.2021; filing deadline extended to 30.06.2021."
Portugal,2018-19,17748283.34,"1,77,48,283.34",rupee,"Rajya Sabha Starred Question No. 304, 'Foreign Funds Received by NGOs', answered 24.03.2021 (MoS Home, Shri Nityanand Rai)",https://www.scribd.com/document/500156210/Foreign-Contribution-List-MHA,"Annexure-II: Country of Donors Foreign Contribution (in Rupees), Year: 2018-19",2026-09-23,"Excludes donor details < Rs 20,000 per Form FC-4. Scribd copy of the official annexure. Annexure-I: state-wise FC received in Rupees. Annexure-II: donor-country-wise FC in Rupees (excludes donor details < Rs 20,000 per FC-4). 2019-20 tables are PARTIAL: ARs filed as on 16.03.2021; filing deadline extended to 30.06.2021."
Afghanistan,2018-19,17433452.58,"1,74,33,452.58",rupee,"Rajya Sabha Starred Question No. 304, 'Foreign Funds Received by NGOs', answered 24.03.2021 (MoS Home, Shri Nityanand Rai)",https://www.scribd.com/document/500156210/Foreign-Contribution-List-MHA,"Annexure-II: Country of Donors Foreign Contribution (in Rupees), Year: 2018-19",2026-09-23,"Excludes donor details < Rs 20,000 per Form FC-4. Scribd copy of the official annexure. Annexure-I: state-wise FC received in Rupees. Annexure-II: donor-country-wise FC in Rupees (excludes donor details < Rs 20,000 per FC-4). 2019-20 tables are PARTIAL: ARs filed as on 16.03.2021; filing deadline extended to 30.06.2021."
Slovenia,2018-19,15961437.01,"1,59,61,437.01",rupee,"Rajya Sabha Starred Question No. 304, 'Foreign Funds Received by NGOs', answered 24.03.2021 (MoS Home, Shri Nityanand Rai)",https://www.scribd.com/document/500156210/Foreign-Contribution-List-MHA,"Annexure-II: Country of Donors Foreign Contribution (in Rupees), Year: 2018-19",2026-09-23,"Excludes donor details < Rs 20,000 per Form FC-4. Scribd copy of the official annexure. Annexure-I: state-wise FC received in Rupees. Annexure-II: donor-country-wise FC in Rupees (excludes donor details < Rs 20,000 per FC-4). 2019-20 tables are PARTIAL: ARs filed as on 16.03.2021; filing deadline extended to 30.06.2021."
Bahrain,2018-19,14181489.86,"1,41,81,489.86",rupee,"Rajya Sabha Starred Question No. 304, 'Foreign Funds Received by NGOs', answered 24.03.2021 (MoS Home, Shri Nityanand Rai)",https://www.scribd.com/document/500156210/Foreign-Contribution-List-MHA,"Annexure-II: Country of Donors Foreign Contribution (in Rupees), Year: 2018-19",2026-09-23,"Excludes donor details < Rs 20,000 per Form FC-4. Scribd copy of the official annexure. Annexure-I: state-wise FC received in Rupees. Annexure-II: donor-country-wise FC in Rupees (excludes donor details < Rs 20,000 per FC-4). 2019-20 tables are PARTIAL: ARs filed as on 16.03.2021; filing deadline extended to 30.06.2021."
Netherlands Antilles,2018-19,13116217.00,"1,31,16,217.00",rupee,"Rajya Sabha Starred Question No. 304, 'Foreign Funds Received by NGOs', answered 24.03.2021 (MoS Home, Shri Nityanand Rai)",https://www.scribd.com/document/500156210/Foreign-Contribution-List-MHA,"Annexure-II: Country of Donors Foreign Contribution (in Rupees), Year: 2018-19",2026-09-23,"Excludes donor details < Rs 20,000 per Form FC-4. Scribd copy of the official annexure. Annexure-I: state-wise FC received in Rupees. Annexure-II: donor-country-wise FC in Rupees (excludes donor details < Rs 20,000 per FC-4). 2019-20 tables are PARTIAL: ARs filed as on 16.03.2021; filing deadline extended to 30.06.2021."
Mexico,2018-19,12906412.63,"1,29,06,412.63",rupee,"Rajya Sabha Starred Question No. 304, 'Foreign Funds Received by NGOs', answered 24.03.2021 (MoS Home, Shri Nityanand Rai)",https://www.scribd.com/document/500156210/Foreign-Contribution-List-MHA,"Annexure-II: Country of Donors Foreign Contribution (in Rupees), Year: 2018-19",2026-09-23,"Excludes donor details < Rs 20,000 per Form FC-4. Scribd copy of the official annexure. Annexure-I: state-wise FC received in Rupees. Annexure-II: donor-country-wise FC in Rupees (excludes donor details < Rs 20,000 per FC-4). 2019-20 tables are PARTIAL: ARs filed as on 16.03.2021; filing deadline extended to 30.06.2021."
Georgia,2018-19,12665342.60,"1,26,65,342.60",rupee,"Rajya Sabha Starred Question No. 304, 'Foreign Funds Received by NGOs', answered 24.03.2021 (MoS Home, Shri Nityanand Rai)",https://www.scribd.com/document/500156210/Foreign-Contribution-List-MHA,"Annexure-II: Country of Donors Foreign Contribution (in Rupees), Year: 2018-19",2026-09-23,"Excludes donor details < Rs 20,000 per Form FC-4. Scribd copy of the official annexure. Annexure-I: state-wise FC received in Rupees. Annexure-II: donor-country-wise FC in Rupees (excludes donor details < Rs 20,000 per FC-4). 2019-20 tables are PARTIAL: ARs filed as on 16.03.2021; filing deadline extended to 30.06.2021."
Liberia,2018-19,10755049.00,"1,07,55,049.00",rupee,"Rajya Sabha Starred Question No. 304, 'Foreign Funds Received by NGOs', answered 24.03.2021 (MoS Home, Shri Nityanand Rai)",https://www.scribd.com/document/500156210/Foreign-Contribution-List-MHA,"Annexure-II: Country of Donors Foreign Contribution (in Rupees), Year: 2018-19",2026-09-23,"Excludes donor details < Rs 20,000 per Form FC-4. Scribd copy of the official annexure. Annexure-I: state-wise FC received in Rupees. Annexure-II: donor-country-wise FC in Rupees (excludes donor details < Rs 20,000 per FC-4). 2019-20 tables are PARTIAL: ARs filed as on 16.03.2021; filing deadline extended to 30.06.2021."
Lebanon,2018-19,10712018.50,"1,07,12,018.50",rupee,"Rajya Sabha Starred Question No. 304, 'Foreign Funds Received by NGOs', answered 24.03.2021 (MoS Home, Shri Nityanand Rai)",https://www.scribd.com/document/500156210/Foreign-Contribution-List-MHA,"Annexure-II: Country of Donors Foreign Contribution (in Rupees), Year: 2018-19",2026-09-23,"Excludes donor details < Rs 20,000 per Form FC-4. Scribd copy of the official annexure. Annexure-I: state-wise FC received in Rupees. Annexure-II: donor-country-wise FC in Rupees (excludes donor details < Rs 20,000 per FC-4). 2019-20 tables are PARTIAL: ARs filed as on 16.03.2021; filing deadline extended to 30.06.2021."
Uganda,2018-19,10445266.78,"1,04,45,266.78",rupee,"Rajya Sabha Starred Question No. 304, 'Foreign Funds Received by NGOs', answered 24.03.2021 (MoS Home, Shri Nityanand Rai)",https://www.scribd.com/document/500156210/Foreign-Contribution-List-MHA,"Annexure-II: Country of Donors Foreign Contribution (in Rupees), Year: 2018-19",2026-09-23,"Excludes donor details < Rs 20,000 per Form FC-4. Scribd copy of the official annexure. Annexure-I: state-wise FC received in Rupees. Annexure-II: donor-country-wise FC in Rupees (excludes donor details < Rs 20,000 per FC-4). 2019-20 tables are PARTIAL: ARs filed as on 16.03.2021; filing deadline extended to 30.06.2021."
Romania,2018-19,10363047.93,"1,03,63,047.93",rupee,"Rajya Sabha Starred Question No. 304, 'Foreign Funds Received by NGOs', answered 24.03.2021 (MoS Home, Shri Nityanand Rai)",https://www.scribd.com/document/500156210/Foreign-Contribution-List-MHA,"Annexure-II: Country of Donors Foreign Contribution (in Rupees), Year: 2018-19",2026-09-23,"Excludes donor details < Rs 20,000 per Form FC-4. Scribd copy of the official annexure. Annexure-I: state-wise FC received in Rupees. Annexure-II: donor-country-wise FC in Rupees (excludes donor details < Rs 20,000 per FC-4). 2019-20 tables are PARTIAL: ARs filed as on 16.03.2021; filing deadline extended to 30.06.2021."
Bangladesh,2018-19,10079811.00,"1,00,79,811.00",rupee,"Rajya Sabha Starred Question No. 304, 'Foreign Funds Received by NGOs', answered 24.03.2021 (MoS Home, Shri Nityanand Rai)",https://www.scribd.com/document/500156210/Foreign-Contribution-List-MHA,"Annexure-II: Country of Donors Foreign Contribution (in Rupees), Year: 2018-19",2026-09-23,"Excludes donor details < Rs 20,000 per Form FC-4. Scribd copy of the official annexure. Annexure-I: state-wise FC received in Rupees. Annexure-II: donor-country-wise FC in Rupees (excludes donor details < Rs 20,000 per FC-4). 2019-20 tables are PARTIAL: ARs filed as on 16.03.2021; filing deadline extended to 30.06.2021."
Greece,2018-19,9049457.21,"90,49,457.21",rupee,"Rajya Sabha Starred Question No. 304, 'Foreign Funds Received by NGOs', answered 24.03.2021 (MoS Home, Shri Nityanand Rai)",https://www.scribd.com/document/500156210/Foreign-Contribution-List-MHA,"Annexure-II: Country of Donors Foreign Contribution (in Rupees), Year: 2018-19",2026-09-23,"Excludes donor details < Rs 20,000 per Form FC-4. Scribd copy of the official annexure. Annexure-I: state-wise FC received in Rupees. Annexure-II: donor-country-wise FC in Rupees (excludes donor details < Rs 20,000 per FC-4). 2019-20 tables are PARTIAL: ARs filed as on 16.03.2021; filing deadline extended to 30.06.2021."
Columbia,2018-19,8750817.46,"87,50,817.46",rupee,"Rajya Sabha Starred Question No. 304, 'Foreign Funds Received by NGOs', answered 24.03.2021 (MoS Home, Shri Nityanand Rai)",https://www.scribd.com/document/500156210/Foreign-Contribution-List-MHA,"Annexure-II: Country of Donors Foreign Contribution (in Rupees), Year: 2018-19",2026-09-23,"Excludes donor details < Rs 20,000 per Form FC-4. Scribd copy of the official annexure. Annexure-I: state-wise FC received in Rupees. Annexure-II: donor-country-wise FC in Rupees (excludes donor details < Rs 20,000 per FC-4). 2019-20 tables are PARTIAL: ARs filed as on 16.03.2021; filing deadline extended to 30.06.2021."
Israel,2018-19,8646891.80,"86,46,891.80",rupee,"Rajya Sabha Starred Question No. 304, 'Foreign Funds Received by NGOs', answered 24.03.2021 (MoS Home, Shri Nityanand Rai)",https://www.scribd.com/document/500156210/Foreign-Contribution-List-MHA,"Annexure-II: Country of Donors Foreign Contribution (in Rupees), Year: 2018-19",2026-09-23,"Excludes donor details < Rs 20,000 per Form FC-4. Scribd copy of the official annexure. Annexure-I: state-wise FC received in Rupees. Annexure-II: donor-country-wise FC in Rupees (excludes donor details < Rs 20,000 per FC-4). 2019-20 tables are PARTIAL: ARs filed as on 16.03.2021; filing deadline extended to 30.06.2021."
Trinidad and Tobago,2018-19,8518701.32,"85,18,701.32",rupee,"Rajya Sabha Starred Question No. 304, 'Foreign Funds Received by NGOs', answered 24.03.2021 (MoS Home, Shri Nityanand Rai)",https://www.scribd.com/document/500156210/Foreign-Contribution-List-MHA,"Annexure-II: Country of Donors Foreign Contribution (in Rupees), Year: 2018-19",2026-09-23,"Excludes donor details < Rs 20,000 per Form FC-4. Scribd copy of the official annexure. Annexure-I: state-wise FC received in Rupees. Annexure-II: donor-country-wise FC in Rupees (excludes donor details < Rs 20,000 per FC-4). 2019-20 tables are PARTIAL: ARs filed as on 16.03.2021; filing deadline extended to 30.06.2021."
Bhutan,2018-19,7728673.03,"77,28,673.03",rupee,"Rajya Sabha Starred Question No. 304, 'Foreign Funds Received by NGOs', answered 24.03.2021 (MoS Home, Shri Nityanand Rai)",https://www.scribd.com/document/500156210/Foreign-Contribution-List-MHA,"Annexure-II: Country of Donors Foreign Contribution (in Rupees), Year: 2018-19",2026-09-23,"Excludes donor details < Rs 20,000 per Form FC-4. Scribd copy of the official annexure. Annexure-I: state-wise FC received in Rupees. Annexure-II: donor-country-wise FC in Rupees (excludes donor details < Rs 20,000 per FC-4). 2019-20 tables are PARTIAL: ARs filed as on 16.03.2021; filing deadline extended to 30.06.2021."
Nigeria,2018-19,7028930.62,"70,28,930.62",rupee,"Rajya Sabha Starred Question No. 304, 'Foreign Funds Received by NGOs', answered 24.03.2021 (MoS Home, Shri Nityanand Rai)",https://www.scribd.com/document/500156210/Foreign-Contribution-List-MHA,"Annexure-II: Country of Donors Foreign Contribution (in Rupees), Year: 2018-19",2026-09-23,"Excludes donor details < Rs 20,000 per Form FC-4. Scribd copy of the official annexure. Annexure-I: state-wise FC received in Rupees. Annexure-II: donor-country-wise FC in Rupees (excludes donor details < Rs 20,000 per FC-4). 2019-20 tables are PARTIAL: ARs filed as on 16.03.2021; filing deadline extended to 30.06.2021."
Seychelles,2018-19,6910070.00,"69,10,070.00",rupee,"Rajya Sabha Starred Question No. 304, 'Foreign Funds Received by NGOs', answered 24.03.2021 (MoS Home, Shri Nityanand Rai)",https://www.scribd.com/document/500156210/Foreign-Contribution-List-MHA,"Annexure-II: Country of Donors Foreign Contribution (in Rupees), Year: 2018-19",2026-09-23,"Excludes donor details < Rs 20,000 per Form FC-4. Scribd copy of the official annexure. Annexure-I: state-wise FC received in Rupees. Annexure-II: donor-country-wise FC in Rupees (excludes donor details < Rs 20,000 per FC-4). 2019-20 tables are PARTIAL: ARs filed as on 16.03.2021; filing deadline extended to 30.06.2021."
Bosnia,2018-19,6904580.00,"69,04,580.00",rupee,"Rajya Sabha Starred Question No. 304, 'Foreign Funds Received by NGOs', answered 24.03.2021 (MoS Home, Shri Nityanand Rai)",https://www.scribd.com/document/500156210/Foreign-Contribution-List-MHA,"Annexure-II: Country of Donors Foreign Contribution (in Rupees), Year: 2018-19",2026-09-23,"Excludes donor details < Rs 20,000 per Form FC-4. Scribd copy of the official annexure. Annexure-I: state-wise FC received in Rupees. Annexure-II: donor-country-wise FC in Rupees (excludes donor details < Rs 20,000 per FC-4). 2019-20 tables are PARTIAL: ARs filed as on 16.03.2021; filing deadline extended to 30.06.2021."
Cyprus,2018-19,6848816.00,"68,48,816.00",rupee,"Rajya Sabha Starred Question No. 304, 'Foreign Funds Received by NGOs', answered 24.03.2021 (MoS Home, Shri Nityanand Rai)",https://www.scribd.com/document/500156210/Foreign-Contribution-List-MHA,"Annexure-II: Country of Donors Foreign Contribution (in Rupees), Year: 2018-19",2026-09-23,"Excludes donor details < Rs 20,000 per Form FC-4. Scribd copy of the official annexure. Annexure-I: state-wise FC received in Rupees. Annexure-II: donor-country-wise FC in Rupees (excludes donor details < Rs 20,000 per FC-4). 2019-20 tables are PARTIAL: ARs filed as on 16.03.2021; filing deadline extended to 30.06.2021."
Barbados,2018-19,6315239.18,"63,15,239.18",rupee,"Rajya Sabha Starred Question No. 304, 'Foreign Funds Received by NGOs', answered 24.03.2021 (MoS Home, Shri Nityanand Rai)",https://www.scribd.com/document/500156210/Foreign-Contribution-List-MHA,"Annexure-II: Country of Donors Foreign Contribution (in Rupees), Year: 2018-19",2026-09-23,"Excludes donor details < Rs 20,000 per Form FC-4. Scribd copy of the official annexure. Annexure-I: state-wise FC received in Rupees. Annexure-II: donor-country-wise FC in Rupees (excludes donor details < Rs 20,000 per FC-4). 2019-20 tables are PARTIAL: ARs filed as on 16.03.2021; filing deadline extended to 30.06.2021."
Botswana,2018-19,6274702.00,"62,74,702.00",rupee,"Rajya Sabha Starred Question No. 304, 'Foreign Funds Received by NGOs', answered 24.03.2021 (MoS Home, Shri Nityanand Rai)",https://www.scribd.com/document/500156210/Foreign-Contribution-List-MHA,"Annexure-II: Country of Donors Foreign Contribution (in Rupees), Year: 2018-19",2026-09-23,"Excludes donor details < Rs 20,000 per Form FC-4. Scribd copy of the official annexure. Annexure-I: state-wise FC received in Rupees. Annexure-II: donor-country-wise FC in Rupees (excludes donor details < Rs 20,000 per FC-4). 2019-20 tables are PARTIAL: ARs filed as on 16.03.2021; filing deadline extended to 30.06.2021."
Peru,2018-19,5762779.86,"57,62,779.86",rupee,"Rajya Sabha Starred Question No. 304, 'Foreign Funds Received by NGOs', answered 24.03.2021 (MoS Home, Shri Nityanand Rai)",https://www.scribd.com/document/500156210/Foreign-Contribution-List-MHA,"Annexure-II: Country of Donors Foreign Contribution (in Rupees), Year: 2018-19",2026-09-23,"Excludes donor details < Rs 20,000 per Form FC-4. Scribd copy of the official annexure. Annexure-I: state-wise FC received in Rupees. Annexure-II: donor-country-wise FC in Rupees (excludes donor details < Rs 20,000 per FC-4). 2019-20 tables are PARTIAL: ARs filed as on 16.03.2021; filing deadline extended to 30.06.2021."
Sudan,2018-19,5326583.00,"53,26,583.00",rupee,"Rajya Sabha Starred Question No. 304, 'Foreign Funds Received by NGOs', answered 24.03.2021 (MoS Home, Shri Nityanand Rai)",https://www.scribd.com/document/500156210/Foreign-Contribution-List-MHA,"Annexure-II: Country of Donors Foreign Contribution (in Rupees), Year: 2018-19",2026-09-23,"Excludes donor details < Rs 20,000 per Form FC-4. Scribd copy of the official annexure. Annexure-I: state-wise FC received in Rupees. Annexure-II: donor-country-wise FC in Rupees (excludes donor details < Rs 20,000 per FC-4). 2019-20 tables are PARTIAL: ARs filed as on 16.03.2021; filing deadline extended to 30.06.2021."
Lithuania,2018-19,5215223.90,"52,15,223.90",rupee,"Rajya Sabha Starred Question No. 304, 'Foreign Funds Received by NGOs', answered 24.03.2021 (MoS Home, Shri Nityanand Rai)",https://www.scribd.com/document/500156210/Foreign-Contribution-List-MHA,"Annexure-II: Country of Donors Foreign Contribution (in Rupees), Year: 2018-19",2026-09-23,"Excludes donor details < Rs 20,000 per Form FC-4. Scribd copy of the official annexure. Annexure-I: state-wise FC received in Rupees. Annexure-II: donor-country-wise FC in Rupees (excludes donor details < Rs 20,000 per FC-4). 2019-20 tables are PARTIAL: ARs filed as on 16.03.2021; filing deadline extended to 30.06.2021."
Reunion Island,2018-19,3733104.00,"37,33,104.00",rupee,"Rajya Sabha Starred Question No. 304, 'Foreign Funds Received by NGOs', answered 24.03.2021 (MoS Home, Shri Nityanand Rai)",https://www.scribd.com/document/500156210/Foreign-Contribution-List-MHA,"Annexure-II: Country of Donors Foreign Contribution (in Rupees), Year: 2018-19",2026-09-23,"Excludes donor details < Rs 20,000 per Form FC-4. Scribd copy of the official annexure. Annexure-I: state-wise FC received in Rupees. Annexure-II: donor-country-wise FC in Rupees (excludes donor details < Rs 20,000 per FC-4). 2019-20 tables are PARTIAL: ARs filed as on 16.03.2021; filing deadline extended to 30.06.2021."
Costa Rica,2018-19,3373691.71,"33,73,691.71",rupee,"Rajya Sabha Starred Question No. 304, 'Foreign Funds Received by NGOs', answered 24.03.2021 (MoS Home, Shri Nityanand Rai)",https://www.scribd.com/document/500156210/Foreign-Contribution-List-MHA,"Annexure-II: Country of Donors Foreign Contribution (in Rupees), Year: 2018-19",2026-09-23,"Excludes donor details < Rs 20,000 per Form FC-4. Scribd copy of the official annexure. Annexure-I: state-wise FC received in Rupees. Annexure-II: donor-country-wise FC in Rupees (excludes donor details < Rs 20,000 per FC-4). 2019-20 tables are PARTIAL: ARs filed as on 16.03.2021; filing deadline extended to 30.06.2021."
Gabon,2018-19,3299426.00,"32,99,426.00",rupee,"Rajya Sabha Starred Question No. 304, 'Foreign Funds Received by NGOs', answered 24.03.2021 (MoS Home, Shri Nityanand Rai)",https://www.scribd.com/document/500156210/Foreign-Contribution-List-MHA,"Annexure-II: Country of Donors Foreign Contribution (in Rupees), Year: 2018-19",2026-09-23,"Excludes donor details < Rs 20,000 per Form FC-4. Scribd copy of the official annexure. Annexure-I: state-wise FC received in Rupees. Annexure-II: donor-country-wise FC in Rupees (excludes donor details < Rs 20,000 per FC-4). 2019-20 tables are PARTIAL: ARs filed as on 16.03.2021; filing deadline extended to 30.06.2021."
Dominican Republic,2018-19,3086784.00,"30,86,784.00",rupee,"Rajya Sabha Starred Question No. 304, 'Foreign Funds Received by NGOs', answered 24.03.2021 (MoS Home, Shri Nityanand Rai)",https://www.scribd.com/document/500156210/Foreign-Contribution-List-MHA,"Annexure-II: Country of Donors Foreign Contribution (in Rupees), Year: 2018-19",2026-09-23,"Excludes donor details < Rs 20,000 per Form FC-4. Scribd copy of the official annexure. Annexure-I: state-wise FC received in Rupees. Annexure-II: donor-country-wise FC in Rupees (excludes donor details < Rs 20,000 per FC-4). 2019-20 tables are PARTIAL: ARs filed as on 16.03.2021; filing deadline extended to 30.06.2021."
Bulgaria,2018-19,3076669.00,"30,76,669.00",rupee,"Rajya Sabha Starred Question No. 304, 'Foreign Funds Received by NGOs', answered 24.03.2021 (MoS Home, Shri Nityanand Rai)",https://www.scribd.com/document/500156210/Foreign-Contribution-List-MHA,"Annexure-II: Country of Donors Foreign Contribution (in Rupees), Year: 2018-19",2026-09-23,"Excludes donor details < Rs 20,000 per Form FC-4. Scribd copy of the official annexure. Annexure-I: state-wise FC received in Rupees. Annexure-II: donor-country-wise FC in Rupees (excludes donor details < Rs 20,000 per FC-4). 2019-20 tables are PARTIAL: ARs filed as on 16.03.2021; filing deadline extended to 30.06.2021."
Brazil,2018-19,2986070.58,"29,86,070.58",rupee,"Rajya Sabha Starred Question No. 304, 'Foreign Funds Received by NGOs', answered 24.03.2021 (MoS Home, Shri Nityanand Rai)",https://www.scribd.com/document/500156210/Foreign-Contribution-List-MHA,"Annexure-II: Country of Donors Foreign Contribution (in Rupees), Year: 2018-19",2026-09-23,"Excludes donor details < Rs 20,000 per Form FC-4. Scribd copy of the official annexure. Annexure-I: state-wise FC received in Rupees. Annexure-II: donor-country-wise FC in Rupees (excludes donor details < Rs 20,000 per FC-4). 2019-20 tables are PARTIAL: ARs filed as on 16.03.2021; filing deadline extended to 30.06.2021."
Croatia,2018-19,2946946.03,"29,46,946.03",rupee,"Rajya Sabha Starred Question No. 304, 'Foreign Funds Received by NGOs', answered 24.03.2021 (MoS Home, Shri Nityanand Rai)",https://www.scribd.com/document/500156210/Foreign-Contribution-List-MHA,"Annexure-II: Country of Donors Foreign Contribution (in Rupees), Year: 2018-19",2026-09-23,"Excludes donor details < Rs 20,000 per Form FC-4. Scribd copy of the official annexure. Annexure-I: state-wise FC received in Rupees. Annexure-II: donor-country-wise FC in Rupees (excludes donor details < Rs 20,000 per FC-4). 2019-20 tables are PARTIAL: ARs filed as on 16.03.2021; filing deadline extended to 30.06.2021."
St. Vincent and the Grenadines,2018-19,2924671.00,"29,24,671.00",rupee,"Rajya Sabha Starred Question No. 304, 'Foreign Funds Received by NGOs', answered 24.03.2021 (MoS Home, Shri Nityanand Rai)",https://www.scribd.com/document/500156210/Foreign-Contribution-List-MHA,"Annexure-II: Country of Donors Foreign Contribution (in Rupees), Year: 2018-19",2026-09-23,"Excludes donor details < Rs 20,000 per Form FC-4. Scribd copy of the official annexure. Annexure-I: state-wise FC received in Rupees. Annexure-II: donor-country-wise FC in Rupees (excludes donor details < Rs 20,000 per FC-4). 2019-20 tables are PARTIAL: ARs filed as on 16.03.2021; filing deadline extended to 30.06.2021."
Cayman Islands,2018-19,2508731.00,"25,08,731.00",rupee,"Rajya Sabha Starred Question No. 304, 'Foreign Funds Received by NGOs', answered 24.03.2021 (MoS Home, Shri Nityanand Rai)",https://www.scribd.com/document/500156210/Foreign-Contribution-List-MHA,"Annexure-II: Country of Donors Foreign Contribution (in Rupees), Year: 2018-19",2026-09-23,"Excludes donor details < Rs 20,000 per Form FC-4. Scribd copy of the official annexure. Annexure-I: state-wise FC received in Rupees. Annexure-II: donor-country-wise FC in Rupees (excludes donor details < Rs 20,000 per FC-4). 2019-20 tables are PARTIAL: ARs filed as on 16.03.2021; filing deadline extended to 30.06.2021."
North Korea,2018-19,2341901.00,"23,41,901.00",rupee,"Rajya Sabha Starred Question No. 304, 'Foreign Funds Received by NGOs', answered 24.03.2021 (MoS Home, Shri Nityanand Rai)",https://www.scribd.com/document/500156210/Foreign-Contribution-List-MHA,"Annexure-II: Country of Donors Foreign Contribution (in Rupees), Year: 2018-19",2026-09-23,"Excludes donor details < Rs 20,000 per Form FC-4. Scribd copy of the official annexure. Annexure-I: state-wise FC received in Rupees. Annexure-II: donor-country-wise FC in Rupees (excludes donor details < Rs 20,000 per FC-4). 2019-20 tables are PARTIAL: ARs filed as on 16.03.2021; filing deadline extended to 30.06.2021."
Cambodia,2018-19,2247047.39,"22,47,047.39",rupee,"Rajya Sabha Starred Question No. 304, 'Foreign Funds Received by NGOs', answered 24.03.2021 (MoS Home, Shri Nityanand Rai)",https://www.scribd.com/document/500156210/Foreign-Contribution-List-MHA,"Annexure-II: Country of Donors Foreign Contribution (in Rupees), Year: 2018-19",2026-09-23,"Excludes donor details < Rs 20,000 per Form FC-4. Scribd copy of the official annexure. Annexure-I: state-wise FC received in Rupees. Annexure-II: donor-country-wise FC in Rupees (excludes donor details < Rs 20,000 per FC-4). 2019-20 tables are PARTIAL: ARs filed as on 16.03.2021; filing deadline extended to 30.06.2021."
Ghana,2018-19,2226372.00,"22,26,372.00",rupee,"Rajya Sabha Starred Question No. 304, 'Foreign Funds Received by NGOs', answered 24.03.2021 (MoS Home, Shri Nityanand Rai)",https://www.scribd.com/document/500156210/Foreign-Contribution-List-MHA,"Annexure-II: Country of Donors Foreign Contribution (in Rupees), Year: 2018-19",2026-09-23,"Excludes donor details < Rs 20,000 per Form FC-4. Scribd copy of the official annexure. Annexure-I: state-wise FC received in Rupees. Annexure-II: donor-country-wise FC in Rupees (excludes donor details < Rs 20,000 per FC-4). 2019-20 tables are PARTIAL: ARs filed as on 16.03.2021; filing deadline extended to 30.06.2021."
Cape Verde Islands,2018-19,2140314.00,"21,40,314.00",rupee,"Rajya Sabha Starred Question No. 304, 'Foreign Funds Received by NGOs', answered 24.03.2021 (MoS Home, Shri Nityanand Rai)",https://www.scribd.com/document/500156210/Foreign-Contribution-List-MHA,"Annexure-II: Country of Donors Foreign Contribution (in Rupees), Year: 2018-19",2026-09-23,"Excludes donor details < Rs 20,000 per Form FC-4. Scribd copy of the official annexure. Annexure-I: state-wise FC received in Rupees. Annexure-II: donor-country-wise FC in Rupees (excludes donor details < Rs 20,000 per FC-4). 2019-20 tables are PARTIAL: ARs filed as on 16.03.2021; filing deadline extended to 30.06.2021."
Mongolia,2018-19,2060696.75,"20,60,696.75",rupee,"Rajya Sabha Starred Question No. 304, 'Foreign Funds Received by NGOs', answered 24.03.2021 (MoS Home, Shri Nityanand Rai)",https://www.scribd.com/document/500156210/Foreign-Contribution-List-MHA,"Annexure-II: Country of Donors Foreign Contribution (in Rupees), Year: 2018-19",2026-09-23,"Excludes donor details < Rs 20,000 per Form FC-4. Scribd copy of the official annexure. Annexure-I: state-wise FC received in Rupees. Annexure-II: donor-country-wise FC in Rupees (excludes donor details < Rs 20,000 per FC-4). 2019-20 tables are PARTIAL: ARs filed as on 16.03.2021; filing deadline extended to 30.06.2021."
Armenia,2018-19,2030401.33,"20,30,401.33",rupee,"Rajya Sabha Starred Question No. 304, 'Foreign Funds Received by NGOs', answered 24.03.2021 (MoS Home, Shri Nityanand Rai)",https://www.scribd.com/document/500156210/Foreign-Contribution-List-MHA,"Annexure-II: Country of Donors Foreign Contribution (in Rupees), Year: 2018-19",2026-09-23,"Excludes donor details < Rs 20,000 per Form FC-4. Scribd copy of the official annexure. Annexure-I: state-wise FC received in Rupees. Annexure-II: donor-country-wise FC in Rupees (excludes donor details < Rs 20,000 per FC-4). 2019-20 tables are PARTIAL: ARs filed as on 16.03.2021; filing deadline extended to 30.06.2021."
Guyana,2018-19,1988111.00,"19,88,111.00",rupee,"Rajya Sabha Starred Question No. 304, 'Foreign Funds Received by NGOs', answered 24.03.2021 (MoS Home, Shri Nityanand Rai)",https://www.scribd.com/document/500156210/Foreign-Contribution-List-MHA,"Annexure-II: Country of Donors Foreign Contribution (in Rupees), Year: 2018-19",2026-09-23,"Excludes donor details < Rs 20,000 per Form FC-4. Scribd copy of the official annexure. Annexure-I: state-wise FC received in Rupees. Annexure-II: donor-country-wise FC in Rupees (excludes donor details < Rs 20,000 per FC-4). 2019-20 tables are PARTIAL: ARs filed as on 16.03.2021; filing deadline extended to 30.06.2021."
Pakistan,2018-19,1916368.00,"19,16,368.00",rupee,"Rajya Sabha Starred Question No. 304, 'Foreign Funds Received by NGOs', answered 24.03.2021 (MoS Home, Shri Nityanand Rai)",https://www.scribd.com/document/500156210/Foreign-Contribution-List-MHA,"Annexure-II: Country of Donors Foreign Contribution (in Rupees), Year: 2018-19",2026-09-23,"Excludes donor details < Rs 20,000 per Form FC-4. Scribd copy of the official annexure. Annexure-I: state-wise FC received in Rupees. Annexure-II: donor-country-wise FC in Rupees (excludes donor details < Rs 20,000 per FC-4). 2019-20 tables are PARTIAL: ARs filed as on 16.03.2021; filing deadline extended to 30.06.2021."
Cuba,2018-19,1716530.82,"17,16,530.82",rupee,"Rajya Sabha Starred Question No. 304, 'Foreign Funds Received by NGOs', answered 24.03.2021 (MoS Home, Shri Nityanand Rai)",https://www.scribd.com/document/500156210/Foreign-Contribution-List-MHA,"Annexure-II: Country of Donors Foreign Contribution (in Rupees), Year: 2018-19",2026-09-23,"Excludes donor details < Rs 20,000 per Form FC-4. Scribd copy of the official annexure. Annexure-I: state-wise FC received in Rupees. Annexure-II: donor-country-wise FC in Rupees (excludes donor details < Rs 20,000 per FC-4). 2019-20 tables are PARTIAL: ARs filed as on 16.03.2021; filing deadline extended to 30.06.2021."
Mali,2018-19,1603800.00,"16,03,800.00",rupee,"Rajya Sabha Starred Question No. 304, 'Foreign Funds Received by NGOs', answered 24.03.2021 (MoS Home, Shri Nityanand Rai)",https://www.scribd.com/document/500156210/Foreign-Contribution-List-MHA,"Annexure-II: Country of Donors Foreign Contribution (in Rupees), Year: 2018-19",2026-09-23,"Excludes donor details < Rs 20,000 per Form FC-4. Scribd copy of the official annexure. Annexure-I: state-wise FC received in Rupees. Annexure-II: donor-country-wise FC in Rupees (excludes donor details < Rs 20,000 per FC-4). 2019-20 tables are PARTIAL: ARs filed as on 16.03.2021; filing deadline extended to 30.06.2021."
Papua New Guinea,2018-19,1589822.00,"15,89,822.00",rupee,"Rajya Sabha Starred Question No. 304, 'Foreign Funds Received by NGOs', answered 24.03.2021 (MoS Home, Shri Nityanand Rai)",https://www.scribd.com/document/500156210/Foreign-Contribution-List-MHA,"Annexure-II: Country of Donors Foreign Contribution (in Rupees), Year: 2018-19",2026-09-23,"Excludes donor details < Rs 20,000 per Form FC-4. Scribd copy of the official annexure. Annexure-I: state-wise FC received in Rupees. Annexure-II: donor-country-wise FC in Rupees (excludes donor details < Rs 20,000 per FC-4). 2019-20 tables are PARTIAL: ARs filed as on 16.03.2021; filing deadline extended to 30.06.2021."
Maldives,2018-19,1493061.20,"14,93,061.20",rupee,"Rajya Sabha Starred Question No. 304, 'Foreign Funds Received by NGOs', answered 24.03.2021 (MoS Home, Shri Nityanand Rai)",https://www.scribd.com/document/500156210/Foreign-Contribution-List-MHA,"Annexure-II: Country of Donors Foreign Contribution (in Rupees), Year: 2018-19",2026-09-23,"Excludes donor details < Rs 20,000 per Form FC-4. Scribd copy of the official annexure. Annexure-I: state-wise FC received in Rupees. Annexure-II: donor-country-wise FC in Rupees (excludes donor details < Rs 20,000 per FC-4). 2019-20 tables are PARTIAL: ARs filed as on 16.03.2021; filing deadline extended to 30.06.2021."
Ukraine,2018-19,1423201.11,"14,23,201.11",rupee,"Rajya Sabha Starred Question No. 304, 'Foreign Funds Received by NGOs', answered 24.03.2021 (MoS Home, Shri Nityanand Rai)",https://www.scribd.com/document/500156210/Foreign-Contribution-List-MHA,"Annexure-II: Country of Donors Foreign Contribution (in Rupees), Year: 2018-19",2026-09-23,"Excludes donor details < Rs 20,000 per Form FC-4. Scribd copy of the official annexure. Annexure-I: state-wise FC received in Rupees. Annexure-II: donor-country-wise FC in Rupees (excludes donor details < Rs 20,000 per FC-4). 2019-20 tables are PARTIAL: ARs filed as on 16.03.2021; filing deadline extended to 30.06.2021."
Uruguay,2018-19,1410386.08,"14,10,386.08",rupee,"Rajya Sabha Starred Question No. 304, 'Foreign Funds Received by NGOs', answered 24.03.2021 (MoS Home, Shri Nityanand Rai)",https://www.scribd.com/document/500156210/Foreign-Contribution-List-MHA,"Annexure-II: Country of Donors Foreign Contribution (in Rupees), Year: 2018-19",2026-09-23,"Excludes donor details < Rs 20,000 per Form FC-4. Scribd copy of the official annexure. Annexure-I: state-wise FC received in Rupees. Annexure-II: donor-country-wise FC in Rupees (excludes donor details < Rs 20,000 per FC-4). 2019-20 tables are PARTIAL: ARs filed as on 16.03.2021; filing deadline extended to 30.06.2021."
Albania,2018-19,1259645.00,"12,59,645.00",rupee,"Rajya Sabha Starred Question No. 304, 'Foreign Funds Received by NGOs', answered 24.03.2021 (MoS Home, Shri Nityanand Rai)",https://www.scribd.com/document/500156210/Foreign-Contribution-List-MHA,"Annexure-II: Country of Donors Foreign Contribution (in Rupees), Year: 2018-19",2026-09-23,"Excludes donor details < Rs 20,000 per Form FC-4. Scribd copy of the official annexure. Annexure-I: state-wise FC received in Rupees. Annexure-II: donor-country-wise FC in Rupees (excludes donor details < Rs 20,000 per FC-4). 2019-20 tables are PARTIAL: ARs filed as on 16.03.2021; filing deadline extended to 30.06.2021."
Cameroon,2018-19,1052573.90,"10,52,573.90",rupee,"Rajya Sabha Starred Question No. 304, 'Foreign Funds Received by NGOs', answered 24.03.2021 (MoS Home, Shri Nityanand Rai)",https://www.scribd.com/document/500156210/Foreign-Contribution-List-MHA,"Annexure-II: Country of Donors Foreign Contribution (in Rupees), Year: 2018-19",2026-09-23,"Excludes donor details < Rs 20,000 per Form FC-4. Scribd copy of the official annexure. Annexure-I: state-wise FC received in Rupees. Annexure-II: donor-country-wise FC in Rupees (excludes donor details < Rs 20,000 per FC-4). 2019-20 tables are PARTIAL: ARs filed as on 16.03.2021; filing deadline extended to 30.06.2021."
Mongolia (Peoples Rep),2018-19,958986.37,"9,58,986.37",rupee,"Rajya Sabha Starred Question No. 304, 'Foreign Funds Received by NGOs', answered 24.03.2021 (MoS Home, Shri Nityanand Rai)",https://www.scribd.com/document/500156210/Foreign-Contribution-List-MHA,"Annexure-II: Country of Donors Foreign Contribution (in Rupees), Year: 2018-19",2026-09-23,"Excludes donor details < Rs 20,000 per Form FC-4. Scribd copy of the official annexure. Annexure-I: state-wise FC received in Rupees. Annexure-II: donor-country-wise FC in Rupees (excludes donor details < Rs 20,000 per FC-4). 2019-20 tables are PARTIAL: ARs filed as on 16.03.2021; filing deadline extended to 30.06.2021."
Latvia,2018-19,915173.50,"9,15,173.50",rupee,"Rajya Sabha Starred Question No. 304, 'Foreign Funds Received by NGOs', answered 24.03.2021 (MoS Home, Shri Nityanand Rai)",https://www.scribd.com/document/500156210/Foreign-Contribution-List-MHA,"Annexure-II: Country of Donors Foreign Contribution (in Rupees), Year: 2018-19",2026-09-23,"Excludes donor details < Rs 20,000 per Form FC-4. Scribd copy of the official annexure. Annexure-I: state-wise FC received in Rupees. Annexure-II: donor-country-wise FC in Rupees (excludes donor details < Rs 20,000 per FC-4). 2019-20 tables are PARTIAL: ARs filed as on 16.03.2021; filing deadline extended to 30.06.2021."
Russia,2018-19,777567.90,"7,77,567.90",rupee,"Rajya Sabha Starred Question No. 304, 'Foreign Funds Received by NGOs', answered 24.03.2021 (MoS Home, Shri Nityanand Rai)",https://www.scribd.com/document/500156210/Foreign-Contribution-List-MHA,"Annexure-II: Country of Donors Foreign Contribution (in Rupees), Year: 2018-19",2026-09-23,"Excludes donor details < Rs 20,000 per Form FC-4. Scribd copy of the official annexure. Annexure-I: state-wise FC received in Rupees. Annexure-II: donor-country-wise FC in Rupees (excludes donor details < Rs 20,000 per FC-4). 2019-20 tables are PARTIAL: ARs filed as on 16.03.2021; filing deadline extended to 30.06.2021."
Argentina,2018-19,771117.32,"7,71,117.32",rupee,"Rajya Sabha Starred Question No. 304, 'Foreign Funds Received by NGOs', answered 24.03.2021 (MoS Home, Shri Nityanand Rai)",https://www.scribd.com/document/500156210/Foreign-Contribution-List-MHA,"Annexure-II: Country of Donors Foreign Contribution (in Rupees), Year: 2018-19",2026-09-23,"Excludes donor details < Rs 20,000 per Form FC-4. Scribd copy of the official annexure. Annexure-I: state-wise FC received in Rupees. Annexure-II: donor-country-wise FC in Rupees (excludes donor details < Rs 20,000 per FC-4). 2019-20 tables are PARTIAL: ARs filed as on 16.03.2021; filing deadline extended to 30.06.2021."
Central African Republic,2018-19,651688.00,"6,51,688.00",rupee,"Rajya Sabha Starred Question No. 304, 'Foreign Funds Received by NGOs', answered 24.03.2021 (MoS Home, Shri Nityanand Rai)",https://www.scribd.com/document/500156210/Foreign-Contribution-List-MHA,"Annexure-II: Country of Donors Foreign Contribution (in Rupees), Year: 2018-19",2026-09-23,"Excludes donor details < Rs 20,000 per Form FC-4. Scribd copy of the official annexure. Annexure-I: state-wise FC received in Rupees. Annexure-II: donor-country-wise FC in Rupees (excludes donor details < Rs 20,000 per FC-4). 2019-20 tables are PARTIAL: ARs filed as on 16.03.2021; filing deadline extended to 30.06.2021."
Solomon Islands,2018-19,610301.00,"6,10,301.00",rupee,"Rajya Sabha Starred Question No. 304, 'Foreign Funds Received by NGOs', answered 24.03.2021 (MoS Home, Shri Nityanand Rai)",https://www.scribd.com/document/500156210/Foreign-Contribution-List-MHA,"Annexure-II: Country of Donors Foreign Contribution (in Rupees), Year: 2018-19",2026-09-23,"Excludes donor details < Rs 20,000 per Form FC-4. Scribd copy of the official annexure. Annexure-I: state-wise FC received in Rupees. Annexure-II: donor-country-wise FC in Rupees (excludes donor details < Rs 20,000 per FC-4). 2019-20 tables are PARTIAL: ARs filed as on 16.03.2021; filing deadline extended to 30.06.2021."
Estonia,2018-19,588904.51,"5,88,904.51",rupee,"Rajya Sabha Starred Question No. 304, 'Foreign Funds Received by NGOs', answered 24.03.2021 (MoS Home, Shri Nityanand Rai)",https://www.scribd.com/document/500156210/Foreign-Contribution-List-MHA,"Annexure-II: Country of Donors Foreign Contribution (in Rupees), Year: 2018-19",2026-09-23,"Excludes donor details < Rs 20,000 per Form FC-4. Scribd copy of the official annexure. Annexure-I: state-wise FC received in Rupees. Annexure-II: donor-country-wise FC in Rupees (excludes donor details < Rs 20,000 per FC-4). 2019-20 tables are PARTIAL: ARs filed as on 16.03.2021; filing deadline extended to 30.06.2021."
Namibia,2018-19,466890.00,"4,66,890.00",rupee,"Rajya Sabha Starred Question No. 304, 'Foreign Funds Received by NGOs', answered 24.03.2021 (MoS Home, Shri Nityanand Rai)",https://www.scribd.com/document/500156210/Foreign-Contribution-List-MHA,"Annexure-II: Country of Donors Foreign Contribution (in Rupees), Year: 2018-19",2026-09-23,"Excludes donor details < Rs 20,000 per Form FC-4. Scribd copy of the official annexure. Annexure-I: state-wise FC received in Rupees. Annexure-II: donor-country-wise FC in Rupees (excludes donor details < Rs 20,000 per FC-4). 2019-20 tables are PARTIAL: ARs filed as on 16.03.2021; filing deadline extended to 30.06.2021."
Fiji,2018-19,419807.00,"4,19,807.00",rupee,"Rajya Sabha Starred Question No. 304, 'Foreign Funds Received by NGOs', answered 24.03.2021 (MoS Home, Shri Nityanand Rai)",https://www.scribd.com/document/500156210/Foreign-Contribution-List-MHA,"Annexure-II: Country of Donors Foreign Contribution (in Rupees), Year: 2018-19",2026-09-23,"Excludes donor details < Rs 20,000 per Form FC-4. Scribd copy of the official annexure. Annexure-I: state-wise FC received in Rupees. Annexure-II: donor-country-wise FC in Rupees (excludes donor details < Rs 20,000 per FC-4). 2019-20 tables are PARTIAL: ARs filed as on 16.03.2021; filing deadline extended to 30.06.2021."
St. Christopher and Nevis,2018-19,412789.00,"4,12,789.00",rupee,"Rajya Sabha Starred Question No. 304, 'Foreign Funds Received by NGOs', answered 24.03.2021 (MoS Home, Shri Nityanand Rai)",https://www.scribd.com/document/500156210/Foreign-Contribution-List-MHA,"Annexure-II: Country of Donors Foreign Contribution (in Rupees), Year: 2018-19",2026-09-23,"Excludes donor details < Rs 20,000 per Form FC-4. Scribd copy of the official annexure. Annexure-I: state-wise FC received in Rupees. Annexure-II: donor-country-wise FC in Rupees (excludes donor details < Rs 20,000 per FC-4). 2019-20 tables are PARTIAL: ARs filed as on 16.03.2021; filing deadline extended to 30.06.2021."
Macedonia,2018-19,403195.00,"4,03,195.00",rupee,"Rajya Sabha Starred Question No. 304, 'Foreign Funds Received by NGOs', answered 24.03.2021 (MoS Home, Shri Nityanand Rai)",https://www.scribd.com/document/500156210/Foreign-Contribution-List-MHA,"Annexure-II: Country of Donors Foreign Contribution (in Rupees), Year: 2018-19",2026-09-23,"Excludes donor details < Rs 20,000 per Form FC-4. Scribd copy of the official annexure. Annexure-I: state-wise FC received in Rupees. Annexure-II: donor-country-wise FC in Rupees (excludes donor details < Rs 20,000 per FC-4). 2019-20 tables are PARTIAL: ARs filed as on 16.03.2021; filing deadline extended to 30.06.2021."
Senegal,2018-19,399503.00,"3,99,503.00",rupee,"Rajya Sabha Starred Question No. 304, 'Foreign Funds Received by NGOs', answered 24.03.2021 (MoS Home, Shri Nityanand Rai)",https://www.scribd.com/document/500156210/Foreign-Contribution-List-MHA,"Annexure-II: Country of Donors Foreign Contribution (in Rupees), Year: 2018-19",2026-09-23,"Excludes donor details < Rs 20,000 per Form FC-4. Scribd copy of the official annexure. Annexure-I: state-wise FC received in Rupees. Annexure-II: donor-country-wise FC in Rupees (excludes donor details < Rs 20,000 per FC-4). 2019-20 tables are PARTIAL: ARs filed as on 16.03.2021; filing deadline extended to 30.06.2021."
Nicaragua,2018-19,384803.00,"3,84,803.00",rupee,"Rajya Sabha Starred Question No. 304, 'Foreign Funds Received by NGOs', answered 24.03.2021 (MoS Home, Shri Nityanand Rai)",https://www.scribd.com/document/500156210/Foreign-Contribution-List-MHA,"Annexure-II: Country of Donors Foreign Contribution (in Rupees), Year: 2018-19",2026-09-23,"Excludes donor details < Rs 20,000 per Form FC-4. Scribd copy of the official annexure. Annexure-I: state-wise FC received in Rupees. Annexure-II: donor-country-wise FC in Rupees (excludes donor details < Rs 20,000 per FC-4). 2019-20 tables are PARTIAL: ARs filed as on 16.03.2021; filing deadline extended to 30.06.2021."
Myanmar,2018-19,379812.50,"3,79,812.50",rupee,"Rajya Sabha Starred Question No. 304, 'Foreign Funds Received by NGOs', answered 24.03.2021 (MoS Home, Shri Nityanand Rai)",https://www.scribd.com/document/500156210/Foreign-Contribution-List-MHA,"Annexure-II: Country of Donors Foreign Contribution (in Rupees), Year: 2018-19",2026-09-23,"Excludes donor details < Rs 20,000 per Form FC-4. Scribd copy of the official annexure. Annexure-I: state-wise FC received in Rupees. Annexure-II: donor-country-wise FC in Rupees (excludes donor details < Rs 20,000 per FC-4). 2019-20 tables are PARTIAL: ARs filed as on 16.03.2021; filing deadline extended to 30.06.2021."
Kazakhstan,2018-19,286963.00,"2,86,963.00",rupee,"Rajya Sabha Starred Question No. 304, 'Foreign Funds Received by NGOs', answered 24.03.2021 (MoS Home, Shri Nityanand Rai)",https://www.scribd.com/document/500156210/Foreign-Contribution-List-MHA,"Annexure-II: Country of Donors Foreign Contribution (in Rupees), Year: 2018-19",2026-09-23,"Excludes donor details < Rs 20,000 per Form FC-4. Scribd copy of the official annexure. Annexure-I: state-wise FC received in Rupees. Annexure-II: donor-country-wise FC in Rupees (excludes donor details < Rs 20,000 per FC-4). 2019-20 tables are PARTIAL: ARs filed as on 16.03.2021; filing deadline extended to 30.06.2021."
Laos,2018-19,232150.00,"2,32,150.00",rupee,"Rajya Sabha Starred Question No. 304, 'Foreign Funds Received by NGOs', answered 24.03.2021 (MoS Home, Shri Nityanand Rai)",https://www.scribd.com/document/500156210/Foreign-Contribution-List-MHA,"Annexure-II: Country of Donors Foreign Contribution (in Rupees), Year: 2018-19",2026-09-23,"Excludes donor details < Rs 20,000 per Form FC-4. Scribd copy of the official annexure. Annexure-I: state-wise FC received in Rupees. Annexure-II: donor-country-wise FC in Rupees (excludes donor details < Rs 20,000 per FC-4). 2019-20 tables are PARTIAL: ARs filed as on 16.03.2021; filing deadline extended to 30.06.2021."
Iran,2018-19,213151.86,"2,13,151.86",rupee,"Rajya Sabha Starred Question No. 304, 'Foreign Funds Received by NGOs', answered 24.03.2021 (MoS Home, Shri Nityanand Rai)",https://www.scribd.com/document/500156210/Foreign-Contribution-List-MHA,"Annexure-II: Country of Donors Foreign Contribution (in Rupees), Year: 2018-19",2026-09-23,"Excludes donor details < Rs 20,000 per Form FC-4. Scribd copy of the official annexure. Annexure-I: state-wise FC received in Rupees. Annexure-II: donor-country-wise FC in Rupees (excludes donor details < Rs 20,000 per FC-4). 2019-20 tables are PARTIAL: ARs filed as on 16.03.2021; filing deadline extended to 30.06.2021."
Jordan,2018-19,94355.46,"94,355.46",rupee,"Rajya Sabha Starred Question No. 304, 'Foreign Funds Received by NGOs', answered 24.03.2021 (MoS Home, Shri Nityanand Rai)",https://www.scribd.com/document/500156210/Foreign-Contribution-List-MHA,"Annexure-II: Country of Donors Foreign Contribution (in Rupees), Year: 2018-19",2026-09-23,"Excludes donor details < Rs 20,000 per Form FC-4. Scribd copy of the official annexure. Annexure-I: state-wise FC received in Rupees. Annexure-II: donor-country-wise FC in Rupees (excludes donor details < Rs 20,000 per FC-4). 2019-20 tables are PARTIAL: ARs filed as on 16.03.2021; filing deadline extended to 30.06.2021."
Ethiopia,2018-19,92652.00,"92,652.00",rupee,"Rajya Sabha Starred Question No. 304, 'Foreign Funds Received by NGOs', answered 24.03.2021 (MoS Home, Shri Nityanand Rai)",https://www.scribd.com/document/500156210/Foreign-Contribution-List-MHA,"Annexure-II: Country of Donors Foreign Contribution (in Rupees), Year: 2018-19",2026-09-23,"Excludes donor details < Rs 20,000 per Form FC-4. Scribd copy of the official annexure. Annexure-I: state-wise FC received in Rupees. Annexure-II: donor-country-wise FC in Rupees (excludes donor details < Rs 20,000 per FC-4). 2019-20 tables are PARTIAL: ARs filed as on 16.03.2021; filing deadline extended to 30.06.2021."
Serbia,2018-19,91828.25,"91,828.25",rupee,"Rajya Sabha Starred Question No. 304, 'Foreign Funds Received by NGOs', answered 24.03.2021 (MoS Home, Shri Nityanand Rai)",https://www.scribd.com/document/500156210/Foreign-Contribution-List-MHA,"Annexure-II: Country of Donors Foreign Contribution (in Rupees), Year: 2018-19",2026-09-23,"Excludes donor details < Rs 20,000 per Form FC-4. Scribd copy of the official annexure. Annexure-I: state-wise FC received in Rupees. Annexure-II: donor-country-wise FC in Rupees (excludes donor details < Rs 20,000 per FC-4). 2019-20 tables are PARTIAL: ARs filed as on 16.03.2021; filing deadline extended to 30.06.2021."
Mozambique,2018-19,68633.00,"68,633.00",rupee,"Rajya Sabha Starred Question No. 304, 'Foreign Funds Received by NGOs', answered 24.03.2021 (MoS Home, Shri Nityanand Rai)",https://www.scribd.com/document/500156210/Foreign-Contribution-List-MHA,"Annexure-II: Country of Donors Foreign Contribution (in Rupees), Year: 2018-19",2026-09-23,"Excludes donor details < Rs 20,000 per Form FC-4. Scribd copy of the official annexure. Annexure-I: state-wise FC received in Rupees. Annexure-II: donor-country-wise FC in Rupees (excludes donor details < Rs 20,000 per FC-4). 2019-20 tables are PARTIAL: ARs filed as on 16.03.2021; filing deadline extended to 30.06.2021."
Malagasy (Madagascar),2018-19,35122.55,"35,122.55",rupee,"Rajya Sabha Starred Question No. 304, 'Foreign Funds Received by NGOs', answered 24.03.2021 (MoS Home, Shri Nityanand Rai)",https://www.scribd.com/document/500156210/Foreign-Contribution-List-MHA,"Annexure-II: Country of Donors Foreign Contribution (in Rupees), Year: 2018-19",2026-09-23,"Excludes donor details < Rs 20,000 per Form FC-4. Scribd copy of the official annexure. Annexure-I: state-wise FC received in Rupees. Annexure-II: donor-country-wise FC in Rupees (excludes donor details < Rs 20,000 per FC-4). 2019-20 tables are PARTIAL: ARs filed as on 16.03.2021; filing deadline extended to 30.06.2021."
Rwanda,2018-19,33650.00,"33,650.00",rupee,"Rajya Sabha Starred Question No. 304, 'Foreign Funds Received by NGOs', answered 24.03.2021 (MoS Home, Shri Nityanand Rai)",https://www.scribd.com/document/500156210/Foreign-Contribution-List-MHA,"Annexure-II: Country of Donors Foreign Contribution (in Rupees), Year: 2018-19",2026-09-23,"Excludes donor details < Rs 20,000 per Form FC-4. Scribd copy of the official annexure. Annexure-I: state-wise FC received in Rupees. Annexure-II: donor-country-wise FC in Rupees (excludes donor details < Rs 20,000 per FC-4). 2019-20 tables are PARTIAL: ARs filed as on 16.03.2021; filing deadline extended to 30.06.2021."
Guinea,2018-19,29410.00,"29,410.00",rupee,"Rajya Sabha Starred Question No. 304, 'Foreign Funds Received by NGOs', answered 24.03.2021 (MoS Home, Shri Nityanand Rai)",https://www.scribd.com/document/500156210/Foreign-Contribution-List-MHA,"Annexure-II: Country of Donors Foreign Contribution (in Rupees), Year: 2018-19",2026-09-23,"Excludes donor details < Rs 20,000 per Form FC-4. Scribd copy of the official annexure. Annexure-I: state-wise FC received in Rupees. Annexure-II: donor-country-wise FC in Rupees (excludes donor details < Rs 20,000 per FC-4). 2019-20 tables are PARTIAL: ARs filed as on 16.03.2021; filing deadline extended to 30.06.2021."
Lesotho,2018-19,19700.00,"19,700.00",rupee,"Rajya Sabha Starred Question No. 304, 'Foreign Funds Received by NGOs', answered 24.03.2021 (MoS Home, Shri Nityanand Rai)",https://www.scribd.com/document/500156210/Foreign-Contribution-List-MHA,"Annexure-II: Country of Donors Foreign Contribution (in Rupees), Year: 2018-19",2026-09-23,"Excludes donor details < Rs 20,000 per Form FC-4. Scribd copy of the official annexure. Annexure-I: state-wise FC received in Rupees. Annexure-II: donor-country-wise FC in Rupees (excludes donor details < Rs 20,000 per FC-4). 2019-20 tables are PARTIAL: ARs filed as on 16.03.2021; filing deadline extended to 30.06.2021."
Zimbabwe,2018-19,16000.00,"16,000.00",rupee,"Rajya Sabha Starred Question No. 304, 'Foreign Funds Received by NGOs', answered 24.03.2021 (MoS Home, Shri Nityanand Rai)",https://www.scribd.com/document/500156210/Foreign-Contribution-List-MHA,"Annexure-II: Country of Donors Foreign Contribution (in Rupees), Year: 2018-19",2026-09-23,"Excludes donor details < Rs 20,000 per Form FC-4. Scribd copy of the official annexure. Annexure-I: state-wise FC received in Rupees. Annexure-II: donor-country-wise FC in Rupees (excludes donor details < Rs 20,000 per FC-4). 2019-20 tables are PARTIAL: ARs filed as on 16.03.2021; filing deadline extended to 30.06.2021."
ALL-COUNTRIES-TOTAL,2018-19,173982283458.77,"1,73,98,22,83,458.77",rupee,"Rajya Sabha Starred Question No. 304, 'Foreign Funds Received by NGOs', answered 24.03.2021 (MoS Home, Shri Nityanand Rai)",https://www.scribd.com/document/500156210/Foreign-Contribution-List-MHA,"Annexure-II total row, Year: 2018-19",2026-09-23,"Stated total in source; excludes donor details < Rs 20,000. Scribd copy of the official annexure. Annexure-I: state-wise FC received in Rupees. Annexure-II: donor-country-wise FC in Rupees (excludes donor details < Rs 20,000 per FC-4). 2019-20 tables are PARTIAL: ARs filed as on 16.03.2021; filing deadline extended to 30.06.2021."
United States of America,2019-20,9664727390.68,"9,66,47,27,390.68",rupee,"Rajya Sabha Starred Question No. 304, 'Foreign Funds Received by NGOs', answered 24.03.2021 (MoS Home, Shri Nityanand Rai)",https://www.scribd.com/document/500156210/Foreign-Contribution-List-MHA,"Annexure-II: Country of Donors Foreign Contribution (in Rupees), Year: 2019-20",2026-09-23,"PARTIAL YEAR: ARs as on 16.03.2021; deadline extended to 30.06.2021. Scribd copy of the official annexure. Annexure-I: state-wise FC received in Rupees. Annexure-II: donor-country-wise FC in Rupees (excludes donor details < Rs 20,000 per FC-4). 2019-20 tables are PARTIAL: ARs filed as on 16.03.2021; filing deadline extended to 30.06.2021."
India,2019-20,3194947224.47,"3,19,49,47,224.47",rupee,"Rajya Sabha Starred Question No. 304, 'Foreign Funds Received by NGOs', answered 24.03.2021 (MoS Home, Shri Nityanand Rai)",https://www.scribd.com/document/500156210/Foreign-Contribution-List-MHA,"Annexure-II: Country of Donors Foreign Contribution (in Rupees), Year: 2019-20",2026-09-23,"PARTIAL YEAR: ARs as on 16.03.2021; deadline extended to 30.06.2021. Scribd copy of the official annexure. Annexure-I: state-wise FC received in Rupees. Annexure-II: donor-country-wise FC in Rupees (excludes donor details < Rs 20,000 per FC-4). 2019-20 tables are PARTIAL: ARs filed as on 16.03.2021; filing deadline extended to 30.06.2021."
United Kingdom,2019-20,2855794815.73,"2,85,57,94,815.73",rupee,"Rajya Sabha Starred Question No. 304, 'Foreign Funds Received by NGOs', answered 24.03.2021 (MoS Home, Shri Nityanand Rai)",https://www.scribd.com/document/500156210/Foreign-Contribution-List-MHA,"Annexure-II: Country of Donors Foreign Contribution (in Rupees), Year: 2019-20",2026-09-23,"PARTIAL YEAR: ARs as on 16.03.2021; deadline extended to 30.06.2021. Scribd copy of the official annexure. Annexure-I: state-wise FC received in Rupees. Annexure-II: donor-country-wise FC in Rupees (excludes donor details < Rs 20,000 per FC-4). 2019-20 tables are PARTIAL: ARs filed as on 16.03.2021; filing deadline extended to 30.06.2021."
Germany,2019-20,2340831119.27,"2,34,08,31,119.27",rupee,"Rajya Sabha Starred Question No. 304, 'Foreign Funds Received by NGOs', answered 24.03.2021 (MoS Home, Shri Nityanand Rai)",https://www.scribd.com/document/500156210/Foreign-Contribution-List-MHA,"Annexure-II: Country of Donors Foreign Contribution (in Rupees), Year: 2019-20",2026-09-23,"PARTIAL YEAR: ARs as on 16.03.2021; deadline extended to 30.06.2021. Scribd copy of the official annexure. Annexure-I: state-wise FC received in Rupees. Annexure-II: donor-country-wise FC in Rupees (excludes donor details < Rs 20,000 per FC-4). 2019-20 tables are PARTIAL: ARs filed as on 16.03.2021; filing deadline extended to 30.06.2021."
Italy,2019-20,730983200.48,"73,09,83,200.48",rupee,"Rajya Sabha Starred Question No. 304, 'Foreign Funds Received by NGOs', answered 24.03.2021 (MoS Home, Shri Nityanand Rai)",https://www.scribd.com/document/500156210/Foreign-Contribution-List-MHA,"Annexure-II: Country of Donors Foreign Contribution (in Rupees), Year: 2019-20",2026-09-23,"PARTIAL YEAR: ARs as on 16.03.2021; deadline extended to 30.06.2021. Scribd copy of the official annexure. Annexure-I: state-wise FC received in Rupees. Annexure-II: donor-country-wise FC in Rupees (excludes donor details < Rs 20,000 per FC-4). 2019-20 tables are PARTIAL: ARs filed as on 16.03.2021; filing deadline extended to 30.06.2021."
Switzerland,2019-20,668257086.64,"66,82,57,086.64",rupee,"Rajya Sabha Starred Question No. 304, 'Foreign Funds Received by NGOs', answered 24.03.2021 (MoS Home, Shri Nityanand Rai)",https://www.scribd.com/document/500156210/Foreign-Contribution-List-MHA,"Annexure-II: Country of Donors Foreign Contribution (in Rupees), Year: 2019-20",2026-09-23,"PARTIAL YEAR: ARs as on 16.03.2021; deadline extended to 30.06.2021. Scribd copy of the official annexure. Annexure-I: state-wise FC received in Rupees. Annexure-II: donor-country-wise FC in Rupees (excludes donor details < Rs 20,000 per FC-4). 2019-20 tables are PARTIAL: ARs filed as on 16.03.2021; filing deadline extended to 30.06.2021."
Netherlands,2019-20,663121878.19,"66,31,21,878.19",rupee,"Rajya Sabha Starred Question No. 304, 'Foreign Funds Received by NGOs', answered 24.03.2021 (MoS Home, Shri Nityanand Rai)",https://www.scribd.com/document/500156210/Foreign-Contribution-List-MHA,"Annexure-II: Country of Donors Foreign Contribution (in Rupees), Year: 2019-20",2026-09-23,"PARTIAL YEAR: ARs as on 16.03.2021; deadline extended to 30.06.2021. Scribd copy of the official annexure. Annexure-I: state-wise FC received in Rupees. Annexure-II: donor-country-wise FC in Rupees (excludes donor details < Rs 20,000 per FC-4). 2019-20 tables are PARTIAL: ARs filed as on 16.03.2021; filing deadline extended to 30.06.2021."
Canada,2019-20,442917957.26,"44,29,17,957.26",rupee,"Rajya Sabha Starred Question No. 304, 'Foreign Funds Received by NGOs', answered 24.03.2021 (MoS Home, Shri Nityanand Rai)",https://www.scribd.com/document/500156210/Foreign-Contribution-List-MHA,"Annexure-II: Country of Donors Foreign Contribution (in Rupees), Year: 2019-20",2026-09-23,"PARTIAL YEAR: ARs as on 16.03.2021; deadline extended to 30.06.2021. Scribd copy of the official annexure. Annexure-I: state-wise FC received in Rupees. Annexure-II: donor-country-wise FC in Rupees (excludes donor details < Rs 20,000 per FC-4). 2019-20 tables are PARTIAL: ARs filed as on 16.03.2021; filing deadline extended to 30.06.2021."
Australia,2019-20,366866980.65,"36,68,66,980.65",rupee,"Rajya Sabha Starred Question No. 304, 'Foreign Funds Received by NGOs', answered 24.03.2021 (MoS Home, Shri Nityanand Rai)",https://www.scribd.com/document/500156210/Foreign-Contribution-List-MHA,"Annexure-II: Country of Donors Foreign Contribution (in Rupees), Year: 2019-20",2026-09-23,"PARTIAL YEAR: ARs as on 16.03.2021; deadline extended to 30.06.2021. Scribd copy of the official annexure. Annexure-I: state-wise FC received in Rupees. Annexure-II: donor-country-wise FC in Rupees (excludes donor details < Rs 20,000 per FC-4). 2019-20 tables are PARTIAL: ARs filed as on 16.03.2021; filing deadline extended to 30.06.2021."
France,2019-20,302882880.18,"30,28,82,880.18",rupee,"Rajya Sabha Starred Question No. 304, 'Foreign Funds Received by NGOs', answered 24.03.2021 (MoS Home, Shri Nityanand Rai)",https://www.scribd.com/document/500156210/Foreign-Contribution-List-MHA,"Annexure-II: Country of Donors Foreign Contribution (in Rupees), Year: 2019-20",2026-09-23,"PARTIAL YEAR: ARs as on 16.03.2021; deadline extended to 30.06.2021. Scribd copy of the official annexure. Annexure-I: state-wise FC received in Rupees. Annexure-II: donor-country-wise FC in Rupees (excludes donor details < Rs 20,000 per FC-4). 2019-20 tables are PARTIAL: ARs filed as on 16.03.2021; filing deadline extended to 30.06.2021."
Belgium,2019-20,249320104.89,"24,93,20,104.89",rupee,"Rajya Sabha Starred Question No. 304, 'Foreign Funds Received by NGOs', answered 24.03.2021 (MoS Home, Shri Nityanand Rai)",https://www.scribd.com/document/500156210/Foreign-Contribution-List-MHA,"Annexure-II: Country of Donors Foreign Contribution (in Rupees), Year: 2019-20",2026-09-23,"PARTIAL YEAR: ARs as on 16.03.2021; deadline extended to 30.06.2021. Scribd copy of the official annexure. Annexure-I: state-wise FC received in Rupees. Annexure-II: donor-country-wise FC in Rupees (excludes donor details < Rs 20,000 per FC-4). 2019-20 tables are PARTIAL: ARs filed as on 16.03.2021; filing deadline extended to 30.06.2021."
Sweden,2019-20,248901886.60,"24,89,01,886.60",rupee,"Rajya Sabha Starred Question No. 304, 'Foreign Funds Received by NGOs', answered 24.03.2021 (MoS Home, Shri Nityanand Rai)",https://www.scribd.com/document/500156210/Foreign-Contribution-List-MHA,"Annexure-II: Country of Donors Foreign Contribution (in Rupees), Year: 2019-20",2026-09-23,"PARTIAL YEAR: ARs as on 16.03.2021; deadline extended to 30.06.2021. Scribd copy of the official annexure. Annexure-I: state-wise FC received in Rupees. Annexure-II: donor-country-wise FC in Rupees (excludes donor details < Rs 20,000 per FC-4). 2019-20 tables are PARTIAL: ARs filed as on 16.03.2021; filing deadline extended to 30.06.2021."
Hong Kong,2019-20,211766063.42,"21,17,66,063.42",rupee,"Rajya Sabha Starred Question No. 304, 'Foreign Funds Received by NGOs', answered 24.03.2021 (MoS Home, Shri Nityanand Rai)",https://www.scribd.com/document/500156210/Foreign-Contribution-List-MHA,"Annexure-II: Country of Donors Foreign Contribution (in Rupees), Year: 2019-20",2026-09-23,"PARTIAL YEAR: ARs as on 16.03.2021; deadline extended to 30.06.2021. Scribd copy of the official annexure. Annexure-I: state-wise FC received in Rupees. Annexure-II: donor-country-wise FC in Rupees (excludes donor details < Rs 20,000 per FC-4). 2019-20 tables are PARTIAL: ARs filed as on 16.03.2021; filing deadline extended to 30.06.2021."
Kuwait,2019-20,207127124.17,"20,71,27,124.17",rupee,"Rajya Sabha Starred Question No. 304, 'Foreign Funds Received by NGOs', answered 24.03.2021 (MoS Home, Shri Nityanand Rai)",https://www.scribd.com/document/500156210/Foreign-Contribution-List-MHA,"Annexure-II: Country of Donors Foreign Contribution (in Rupees), Year: 2019-20",2026-09-23,"PARTIAL YEAR: ARs as on 16.03.2021; deadline extended to 30.06.2021. Scribd copy of the official annexure. Annexure-I: state-wise FC received in Rupees. Annexure-II: donor-country-wise FC in Rupees (excludes donor details < Rs 20,000 per FC-4). 2019-20 tables are PARTIAL: ARs filed as on 16.03.2021; filing deadline extended to 30.06.2021."
Austria,2019-20,206143927.11,"20,61,43,927.11",rupee,"Rajya Sabha Starred Question No. 304, 'Foreign Funds Received by NGOs', answered 24.03.2021 (MoS Home, Shri Nityanand Rai)",https://www.scribd.com/document/500156210/Foreign-Contribution-List-MHA,"Annexure-II: Country of Donors Foreign Contribution (in Rupees), Year: 2019-20",2026-09-23,"PARTIAL YEAR: ARs as on 16.03.2021; deadline extended to 30.06.2021. Scribd copy of the official annexure. Annexure-I: state-wise FC received in Rupees. Annexure-II: donor-country-wise FC in Rupees (excludes donor details < Rs 20,000 per FC-4). 2019-20 tables are PARTIAL: ARs filed as on 16.03.2021; filing deadline extended to 30.06.2021."
Spain,2019-20,200806230.20,"20,08,06,230.20",rupee,"Rajya Sabha Starred Question No. 304, 'Foreign Funds Received by NGOs', answered 24.03.2021 (MoS Home, Shri Nityanand Rai)",https://www.scribd.com/document/500156210/Foreign-Contribution-List-MHA,"Annexure-II: Country of Donors Foreign Contribution (in Rupees), Year: 2019-20",2026-09-23,"PARTIAL YEAR: ARs as on 16.03.2021; deadline extended to 30.06.2021. Scribd copy of the official annexure. Annexure-I: state-wise FC received in Rupees. Annexure-II: donor-country-wise FC in Rupees (excludes donor details < Rs 20,000 per FC-4). 2019-20 tables are PARTIAL: ARs filed as on 16.03.2021; filing deadline extended to 30.06.2021."
Singapore,2019-20,89242591.80,"8,92,42,591.80",rupee,"Rajya Sabha Starred Question No. 304, 'Foreign Funds Received by NGOs', answered 24.03.2021 (MoS Home, Shri Nityanand Rai)",https://www.scribd.com/document/500156210/Foreign-Contribution-List-MHA,"Annexure-II: Country of Donors Foreign Contribution (in Rupees), Year: 2019-20",2026-09-23,"PARTIAL YEAR: ARs as on 16.03.2021; deadline extended to 30.06.2021. Scribd copy of the official annexure. Annexure-I: state-wise FC received in Rupees. Annexure-II: donor-country-wise FC in Rupees (excludes donor details < Rs 20,000 per FC-4). 2019-20 tables are PARTIAL: ARs filed as on 16.03.2021; filing deadline extended to 30.06.2021."
Denmark,2019-20,87944655.31,"8,79,44,655.31",rupee,"Rajya Sabha Starred Question No. 304, 'Foreign Funds Received by NGOs', answered 24.03.2021 (MoS Home, Shri Nityanand Rai)",https://www.scribd.com/document/500156210/Foreign-Contribution-List-MHA,"Annexure-II: Country of Donors Foreign Contribution (in Rupees), Year: 2019-20",2026-09-23,"PARTIAL YEAR: ARs as on 16.03.2021; deadline extended to 30.06.2021. Scribd copy of the official annexure. Annexure-I: state-wise FC received in Rupees. Annexure-II: donor-country-wise FC in Rupees (excludes donor details < Rs 20,000 per FC-4). 2019-20 tables are PARTIAL: ARs filed as on 16.03.2021; filing deadline extended to 30.06.2021."
New Zealand,2019-20,73655682.53,"7,36,55,682.53",rupee,"Rajya Sabha Starred Question No. 304, 'Foreign Funds Received by NGOs', answered 24.03.2021 (MoS Home, Shri Nityanand Rai)",https://www.scribd.com/document/500156210/Foreign-Contribution-List-MHA,"Annexure-II: Country of Donors Foreign Contribution (in Rupees), Year: 2019-20",2026-09-23,"PARTIAL YEAR: ARs as on 16.03.2021; deadline extended to 30.06.2021. Scribd copy of the official annexure. Annexure-I: state-wise FC received in Rupees. Annexure-II: donor-country-wise FC in Rupees (excludes donor details < Rs 20,000 per FC-4). 2019-20 tables are PARTIAL: ARs filed as on 16.03.2021; filing deadline extended to 30.06.2021."
Norway,2019-20,73617543.22,"7,36,17,543.22",rupee,"Rajya Sabha Starred Question No. 304, 'Foreign Funds Received by NGOs', answered 24.03.2021 (MoS Home, Shri Nityanand Rai)",https://www.scribd.com/document/500156210/Foreign-Contribution-List-MHA,"Annexure-II: Country of Donors Foreign Contribution (in Rupees), Year: 2019-20",2026-09-23,"PARTIAL YEAR: ARs as on 16.03.2021; deadline extended to 30.06.2021. Scribd copy of the official annexure. Annexure-I: state-wise FC received in Rupees. Annexure-II: donor-country-wise FC in Rupees (excludes donor details < Rs 20,000 per FC-4). 2019-20 tables are PARTIAL: ARs filed as on 16.03.2021; filing deadline extended to 30.06.2021."
Thailand,2019-20,67464417.10,"6,74,64,417.10",rupee,"Rajya Sabha Starred Question No. 304, 'Foreign Funds Received by NGOs', answered 24.03.2021 (MoS Home, Shri Nityanand Rai)",https://www.scribd.com/document/500156210/Foreign-Contribution-List-MHA,"Annexure-II: Country of Donors Foreign Contribution (in Rupees), Year: 2019-20",2026-09-23,"PARTIAL YEAR: ARs as on 16.03.2021; deadline extended to 30.06.2021. Scribd copy of the official annexure. Annexure-I: state-wise FC received in Rupees. Annexure-II: donor-country-wise FC in Rupees (excludes donor details < Rs 20,000 per FC-4). 2019-20 tables are PARTIAL: ARs filed as on 16.03.2021; filing deadline extended to 30.06.2021."
Japan,2019-20,58263115.02,"5,82,63,115.02",rupee,"Rajya Sabha Starred Question No. 304, 'Foreign Funds Received by NGOs', answered 24.03.2021 (MoS Home, Shri Nityanand Rai)",https://www.scribd.com/document/500156210/Foreign-Contribution-List-MHA,"Annexure-II: Country of Donors Foreign Contribution (in Rupees), Year: 2019-20",2026-09-23,"PARTIAL YEAR: ARs as on 16.03.2021; deadline extended to 30.06.2021. Scribd copy of the official annexure. Annexure-I: state-wise FC received in Rupees. Annexure-II: donor-country-wise FC in Rupees (excludes donor details < Rs 20,000 per FC-4). 2019-20 tables are PARTIAL: ARs filed as on 16.03.2021; filing deadline extended to 30.06.2021."
Panama,2019-20,53694212.00,"5,36,94,212.00",rupee,"Rajya Sabha Starred Question No. 304, 'Foreign Funds Received by NGOs', answered 24.03.2021 (MoS Home, Shri Nityanand Rai)",https://www.scribd.com/document/500156210/Foreign-Contribution-List-MHA,"Annexure-II: Country of Donors Foreign Contribution (in Rupees), Year: 2019-20",2026-09-23,"PARTIAL YEAR: ARs as on 16.03.2021; deadline extended to 30.06.2021. Scribd copy of the official annexure. Annexure-I: state-wise FC received in Rupees. Annexure-II: donor-country-wise FC in Rupees (excludes donor details < Rs 20,000 per FC-4). 2019-20 tables are PARTIAL: ARs filed as on 16.03.2021; filing deadline extended to 30.06.2021."
Luxembourg,2019-20,44165037.98,"4,41,65,037.98",rupee,"Rajya Sabha Starred Question No. 304, 'Foreign Funds Received by NGOs', answered 24.03.2021 (MoS Home, Shri Nityanand Rai)",https://www.scribd.com/document/500156210/Foreign-Contribution-List-MHA,"Annexure-II: Country of Donors Foreign Contribution (in Rupees), Year: 2019-20",2026-09-23,"PARTIAL YEAR: ARs as on 16.03.2021; deadline extended to 30.06.2021. Scribd copy of the official annexure. Annexure-I: state-wise FC received in Rupees. Annexure-II: donor-country-wise FC in Rupees (excludes donor details < Rs 20,000 per FC-4). 2019-20 tables are PARTIAL: ARs filed as on 16.03.2021; filing deadline extended to 30.06.2021."
Swaziland,2019-20,41531474.00,"4,15,31,474.00",rupee,"Rajya Sabha Starred Question No. 304, 'Foreign Funds Received by NGOs', answered 24.03.2021 (MoS Home, Shri Nityanand Rai)",https://www.scribd.com/document/500156210/Foreign-Contribution-List-MHA,"Annexure-II: Country of Donors Foreign Contribution (in Rupees), Year: 2019-20",2026-09-23,"PARTIAL YEAR: ARs as on 16.03.2021; deadline extended to 30.06.2021. Scribd copy of the official annexure. Annexure-I: state-wise FC received in Rupees. Annexure-II: donor-country-wise FC in Rupees (excludes donor details < Rs 20,000 per FC-4). 2019-20 tables are PARTIAL: ARs filed as on 16.03.2021; filing deadline extended to 30.06.2021."
United Arab Emirates,2019-20,39109875.95,"3,91,09,875.95",rupee,"Rajya Sabha Starred Question No. 304, 'Foreign Funds Received by NGOs', answered 24.03.2021 (MoS Home, Shri Nityanand Rai)",https://www.scribd.com/document/500156210/Foreign-Contribution-List-MHA,"Annexure-II: Country of Donors Foreign Contribution (in Rupees), Year: 2019-20",2026-09-23,"PARTIAL YEAR: ARs as on 16.03.2021; deadline extended to 30.06.2021. Scribd copy of the official annexure. Annexure-I: state-wise FC received in Rupees. Annexure-II: donor-country-wise FC in Rupees (excludes donor details < Rs 20,000 per FC-4). 2019-20 tables are PARTIAL: ARs filed as on 16.03.2021; filing deadline extended to 30.06.2021."
Taiwan,2019-20,38361367.38,"3,83,61,367.38",rupee,"Rajya Sabha Starred Question No. 304, 'Foreign Funds Received by NGOs', answered 24.03.2021 (MoS Home, Shri Nityanand Rai)",https://www.scribd.com/document/500156210/Foreign-Contribution-List-MHA,"Annexure-II: Country of Donors Foreign Contribution (in Rupees), Year: 2019-20",2026-09-23,"PARTIAL YEAR: ARs as on 16.03.2021; deadline extended to 30.06.2021. Scribd copy of the official annexure. Annexure-I: state-wise FC received in Rupees. Annexure-II: donor-country-wise FC in Rupees (excludes donor details < Rs 20,000 per FC-4). 2019-20 tables are PARTIAL: ARs filed as on 16.03.2021; filing deadline extended to 30.06.2021."
Ireland,2019-20,37481002.30,"3,74,81,002.30",rupee,"Rajya Sabha Starred Question No. 304, 'Foreign Funds Received by NGOs', answered 24.03.2021 (MoS Home, Shri Nityanand Rai)",https://www.scribd.com/document/500156210/Foreign-Contribution-List-MHA,"Annexure-II: Country of Donors Foreign Contribution (in Rupees), Year: 2019-20",2026-09-23,"PARTIAL YEAR: ARs as on 16.03.2021; deadline extended to 30.06.2021. Scribd copy of the official annexure. Annexure-I: state-wise FC received in Rupees. Annexure-II: donor-country-wise FC in Rupees (excludes donor details < Rs 20,000 per FC-4). 2019-20 tables are PARTIAL: ARs filed as on 16.03.2021; filing deadline extended to 30.06.2021."
Finland,2019-20,27034273.25,"2,70,34,273.25",rupee,"Rajya Sabha Starred Question No. 304, 'Foreign Funds Received by NGOs', answered 24.03.2021 (MoS Home, Shri Nityanand Rai)",https://www.scribd.com/document/500156210/Foreign-Contribution-List-MHA,"Annexure-II: Country of Donors Foreign Contribution (in Rupees), Year: 2019-20",2026-09-23,"PARTIAL YEAR: ARs as on 16.03.2021; deadline extended to 30.06.2021. Scribd copy of the official annexure. Annexure-I: state-wise FC received in Rupees. Annexure-II: donor-country-wise FC in Rupees (excludes donor details < Rs 20,000 per FC-4). 2019-20 tables are PARTIAL: ARs filed as on 16.03.2021; filing deadline extended to 30.06.2021."
Malaysia,2019-20,24627472.84,"2,46,27,472.84",rupee,"Rajya Sabha Starred Question No. 304, 'Foreign Funds Received by NGOs', answered 24.03.2021 (MoS Home, Shri Nityanand Rai)",https://www.scribd.com/document/500156210/Foreign-Contribution-List-MHA,"Annexure-II: Country of Donors Foreign Contribution (in Rupees), Year: 2019-20",2026-09-23,"PARTIAL YEAR: ARs as on 16.03.2021; deadline extended to 30.06.2021. Scribd copy of the official annexure. Annexure-I: state-wise FC received in Rupees. Annexure-II: donor-country-wise FC in Rupees (excludes donor details < Rs 20,000 per FC-4). 2019-20 tables are PARTIAL: ARs filed as on 16.03.2021; filing deadline extended to 30.06.2021."
Philippines,2019-20,21519743.30,"2,15,19,743.30",rupee,"Rajya Sabha Starred Question No. 304, 'Foreign Funds Received by NGOs', answered 24.03.2021 (MoS Home, Shri Nityanand Rai)",https://www.scribd.com/document/500156210/Foreign-Contribution-List-MHA,"Annexure-II: Country of Donors Foreign Contribution (in Rupees), Year: 2019-20",2026-09-23,"PARTIAL YEAR: ARs as on 16.03.2021; deadline extended to 30.06.2021. Scribd copy of the official annexure. Annexure-I: state-wise FC received in Rupees. Annexure-II: donor-country-wise FC in Rupees (excludes donor details < Rs 20,000 per FC-4). 2019-20 tables are PARTIAL: ARs filed as on 16.03.2021; filing deadline extended to 30.06.2021."
Hungary,2019-20,16396428.00,"1,63,96,428.00",rupee,"Rajya Sabha Starred Question No. 304, 'Foreign Funds Received by NGOs', answered 24.03.2021 (MoS Home, Shri Nityanand Rai)",https://www.scribd.com/document/500156210/Foreign-Contribution-List-MHA,"Annexure-II: Country of Donors Foreign Contribution (in Rupees), Year: 2019-20",2026-09-23,"PARTIAL YEAR: ARs as on 16.03.2021; deadline extended to 30.06.2021. Scribd copy of the official annexure. Annexure-I: state-wise FC received in Rupees. Annexure-II: donor-country-wise FC in Rupees (excludes donor details < Rs 20,000 per FC-4). 2019-20 tables are PARTIAL: ARs filed as on 16.03.2021; filing deadline extended to 30.06.2021."
Suriname,2019-20,13254294.00,"1,32,54,294.00",rupee,"Rajya Sabha Starred Question No. 304, 'Foreign Funds Received by NGOs', answered 24.03.2021 (MoS Home, Shri Nityanand Rai)",https://www.scribd.com/document/500156210/Foreign-Contribution-List-MHA,"Annexure-II: Country of Donors Foreign Contribution (in Rupees), Year: 2019-20",2026-09-23,"PARTIAL YEAR: ARs as on 16.03.2021; deadline extended to 30.06.2021. Scribd copy of the official annexure. Annexure-I: state-wise FC received in Rupees. Annexure-II: donor-country-wise FC in Rupees (excludes donor details < Rs 20,000 per FC-4). 2019-20 tables are PARTIAL: ARs filed as on 16.03.2021; filing deadline extended to 30.06.2021."
Czech Republic,2019-20,11515950.10,"1,15,15,950.10",rupee,"Rajya Sabha Starred Question No. 304, 'Foreign Funds Received by NGOs', answered 24.03.2021 (MoS Home, Shri Nityanand Rai)",https://www.scribd.com/document/500156210/Foreign-Contribution-List-MHA,"Annexure-II: Country of Donors Foreign Contribution (in Rupees), Year: 2019-20",2026-09-23,"PARTIAL YEAR: ARs as on 16.03.2021; deadline extended to 30.06.2021. Scribd copy of the official annexure. Annexure-I: state-wise FC received in Rupees. Annexure-II: donor-country-wise FC in Rupees (excludes donor details < Rs 20,000 per FC-4). 2019-20 tables are PARTIAL: ARs filed as on 16.03.2021; filing deadline extended to 30.06.2021."
South Africa,2019-20,8036296.98,"80,36,296.98",rupee,"Rajya Sabha Starred Question No. 304, 'Foreign Funds Received by NGOs', answered 24.03.2021 (MoS Home, Shri Nityanand Rai)",https://www.scribd.com/document/500156210/Foreign-Contribution-List-MHA,"Annexure-II: Country of Donors Foreign Contribution (in Rupees), Year: 2019-20",2026-09-23,"PARTIAL YEAR: ARs as on 16.03.2021; deadline extended to 30.06.2021. Scribd copy of the official annexure. Annexure-I: state-wise FC received in Rupees. Annexure-II: donor-country-wise FC in Rupees (excludes donor details < Rs 20,000 per FC-4). 2019-20 tables are PARTIAL: ARs filed as on 16.03.2021; filing deadline extended to 30.06.2021."
Portugal,2019-20,6227839.64,"62,27,839.64",rupee,"Rajya Sabha Starred Question No. 304, 'Foreign Funds Received by NGOs', answered 24.03.2021 (MoS Home, Shri Nityanand Rai)",https://www.scribd.com/document/500156210/Foreign-Contribution-List-MHA,"Annexure-II: Country of Donors Foreign Contribution (in Rupees), Year: 2019-20",2026-09-23,"PARTIAL YEAR: ARs as on 16.03.2021; deadline extended to 30.06.2021. Scribd copy of the official annexure. Annexure-I: state-wise FC received in Rupees. Annexure-II: donor-country-wise FC in Rupees (excludes donor details < Rs 20,000 per FC-4). 2019-20 tables are PARTIAL: ARs filed as on 16.03.2021; filing deadline extended to 30.06.2021."
Turkey,2019-20,6199243.00,"61,99,243.00",rupee,"Rajya Sabha Starred Question No. 304, 'Foreign Funds Received by NGOs', answered 24.03.2021 (MoS Home, Shri Nityanand Rai)",https://www.scribd.com/document/500156210/Foreign-Contribution-List-MHA,"Annexure-II: Country of Donors Foreign Contribution (in Rupees), Year: 2019-20",2026-09-23,"PARTIAL YEAR: ARs as on 16.03.2021; deadline extended to 30.06.2021. Scribd copy of the official annexure. Annexure-I: state-wise FC received in Rupees. Annexure-II: donor-country-wise FC in Rupees (excludes donor details < Rs 20,000 per FC-4). 2019-20 tables are PARTIAL: ARs filed as on 16.03.2021; filing deadline extended to 30.06.2021."
Bangladesh,2019-20,6003580.00,"60,03,580.00",rupee,"Rajya Sabha Starred Question No. 304, 'Foreign Funds Received by NGOs', answered 24.03.2021 (MoS Home, Shri Nityanand Rai)",https://www.scribd.com/document/500156210/Foreign-Contribution-List-MHA,"Annexure-II: Country of Donors Foreign Contribution (in Rupees), Year: 2019-20",2026-09-23,"PARTIAL YEAR: ARs as on 16.03.2021; deadline extended to 30.06.2021. Scribd copy of the official annexure. Annexure-I: state-wise FC received in Rupees. Annexure-II: donor-country-wise FC in Rupees (excludes donor details < Rs 20,000 per FC-4). 2019-20 tables are PARTIAL: ARs filed as on 16.03.2021; filing deadline extended to 30.06.2021."
Chile,2019-20,5700763.00,"57,00,763.00",rupee,"Rajya Sabha Starred Question No. 304, 'Foreign Funds Received by NGOs', answered 24.03.2021 (MoS Home, Shri Nityanand Rai)",https://www.scribd.com/document/500156210/Foreign-Contribution-List-MHA,"Annexure-II: Country of Donors Foreign Contribution (in Rupees), Year: 2019-20",2026-09-23,"PARTIAL YEAR: ARs as on 16.03.2021; deadline extended to 30.06.2021. Scribd copy of the official annexure. Annexure-I: state-wise FC received in Rupees. Annexure-II: donor-country-wise FC in Rupees (excludes donor details < Rs 20,000 per FC-4). 2019-20 tables are PARTIAL: ARs filed as on 16.03.2021; filing deadline extended to 30.06.2021."
Iceland,2019-20,5177636.00,"51,77,636.00",rupee,"Rajya Sabha Starred Question No. 304, 'Foreign Funds Received by NGOs', answered 24.03.2021 (MoS Home, Shri Nityanand Rai)",https://www.scribd.com/document/500156210/Foreign-Contribution-List-MHA,"Annexure-II: Country of Donors Foreign Contribution (in Rupees), Year: 2019-20",2026-09-23,"PARTIAL YEAR: ARs as on 16.03.2021; deadline extended to 30.06.2021. Scribd copy of the official annexure. Annexure-I: state-wise FC received in Rupees. Annexure-II: donor-country-wise FC in Rupees (excludes donor details < Rs 20,000 per FC-4). 2019-20 tables are PARTIAL: ARs filed as on 16.03.2021; filing deadline extended to 30.06.2021."
South Korea,2019-20,5073323.00,"50,73,323.00",rupee,"Rajya Sabha Starred Question No. 304, 'Foreign Funds Received by NGOs', answered 24.03.2021 (MoS Home, Shri Nityanand Rai)",https://www.scribd.com/document/500156210/Foreign-Contribution-List-MHA,"Annexure-II: Country of Donors Foreign Contribution (in Rupees), Year: 2019-20",2026-09-23,"PARTIAL YEAR: ARs as on 16.03.2021; deadline extended to 30.06.2021. Scribd copy of the official annexure. Annexure-I: state-wise FC received in Rupees. Annexure-II: donor-country-wise FC in Rupees (excludes donor details < Rs 20,000 per FC-4). 2019-20 tables are PARTIAL: ARs filed as on 16.03.2021; filing deadline extended to 30.06.2021."
Kenya,2019-20,4750995.00,"47,50,995.00",rupee,"Rajya Sabha Starred Question No. 304, 'Foreign Funds Received by NGOs', answered 24.03.2021 (MoS Home, Shri Nityanand Rai)",https://www.scribd.com/document/500156210/Foreign-Contribution-List-MHA,"Annexure-II: Country of Donors Foreign Contribution (in Rupees), Year: 2019-20",2026-09-23,"PARTIAL YEAR: ARs as on 16.03.2021; deadline extended to 30.06.2021. Scribd copy of the official annexure. Annexure-I: state-wise FC received in Rupees. Annexure-II: donor-country-wise FC in Rupees (excludes donor details < Rs 20,000 per FC-4). 2019-20 tables are PARTIAL: ARs filed as on 16.03.2021; filing deadline extended to 30.06.2021."
Malta,2019-20,4672560.76,"46,72,560.76",rupee,"Rajya Sabha Starred Question No. 304, 'Foreign Funds Received by NGOs', answered 24.03.2021 (MoS Home, Shri Nityanand Rai)",https://www.scribd.com/document/500156210/Foreign-Contribution-List-MHA,"Annexure-II: Country of Donors Foreign Contribution (in Rupees), Year: 2019-20",2026-09-23,"PARTIAL YEAR: ARs as on 16.03.2021; deadline extended to 30.06.2021. Scribd copy of the official annexure. Annexure-I: state-wise FC received in Rupees. Annexure-II: donor-country-wise FC in Rupees (excludes donor details < Rs 20,000 per FC-4). 2019-20 tables are PARTIAL: ARs filed as on 16.03.2021; filing deadline extended to 30.06.2021."
Afghanistan,2019-20,3865464.00,"38,65,464.00",rupee,"Rajya Sabha Starred Question No. 304, 'Foreign Funds Received by NGOs', answered 24.03.2021 (MoS Home, Shri Nityanand Rai)",https://www.scribd.com/document/500156210/Foreign-Contribution-List-MHA,"Annexure-II: Country of Donors Foreign Contribution (in Rupees), Year: 2019-20",2026-09-23,"PARTIAL YEAR: ARs as on 16.03.2021; deadline extended to 30.06.2021. Scribd copy of the official annexure. Annexure-I: state-wise FC received in Rupees. Annexure-II: donor-country-wise FC in Rupees (excludes donor details < Rs 20,000 per FC-4). 2019-20 tables are PARTIAL: ARs filed as on 16.03.2021; filing deadline extended to 30.06.2021."
Nepal,2019-20,3438488.23,"34,38,488.23",rupee,"Rajya Sabha Starred Question No. 304, 'Foreign Funds Received by NGOs', answered 24.03.2021 (MoS Home, Shri Nityanand Rai)",https://www.scribd.com/document/500156210/Foreign-Contribution-List-MHA,"Annexure-II: Country of Donors Foreign Contribution (in Rupees), Year: 2019-20",2026-09-23,"PARTIAL YEAR: ARs as on 16.03.2021; deadline extended to 30.06.2021. Scribd copy of the official annexure. Annexure-I: state-wise FC received in Rupees. Annexure-II: donor-country-wise FC in Rupees (excludes donor details < Rs 20,000 per FC-4). 2019-20 tables are PARTIAL: ARs filed as on 16.03.2021; filing deadline extended to 30.06.2021."
Mongolia,2019-20,3019109.00,"30,19,109.00",rupee,"Rajya Sabha Starred Question No. 304, 'Foreign Funds Received by NGOs', answered 24.03.2021 (MoS Home, Shri Nityanand Rai)",https://www.scribd.com/document/500156210/Foreign-Contribution-List-MHA,"Annexure-II: Country of Donors Foreign Contribution (in Rupees), Year: 2019-20",2026-09-23,"PARTIAL YEAR: ARs as on 16.03.2021; deadline extended to 30.06.2021. Scribd copy of the official annexure. Annexure-I: state-wise FC received in Rupees. Annexure-II: donor-country-wise FC in Rupees (excludes donor details < Rs 20,000 per FC-4). 2019-20 tables are PARTIAL: ARs filed as on 16.03.2021; filing deadline extended to 30.06.2021."
Egypt,2019-20,2394127.28,"23,94,127.28",rupee,"Rajya Sabha Starred Question No. 304, 'Foreign Funds Received by NGOs', answered 24.03.2021 (MoS Home, Shri Nityanand Rai)",https://www.scribd.com/document/500156210/Foreign-Contribution-List-MHA,"Annexure-II: Country of Donors Foreign Contribution (in Rupees), Year: 2019-20",2026-09-23,"PARTIAL YEAR: ARs as on 16.03.2021; deadline extended to 30.06.2021. Scribd copy of the official annexure. Annexure-I: state-wise FC received in Rupees. Annexure-II: donor-country-wise FC in Rupees (excludes donor details < Rs 20,000 per FC-4). 2019-20 tables are PARTIAL: ARs filed as on 16.03.2021; filing deadline extended to 30.06.2021."
Sri Lanka,2019-20,2320878.00,"23,20,878.00",rupee,"Rajya Sabha Starred Question No. 304, 'Foreign Funds Received by NGOs', answered 24.03.2021 (MoS Home, Shri Nityanand Rai)",https://www.scribd.com/document/500156210/Foreign-Contribution-List-MHA,"Annexure-II: Country of Donors Foreign Contribution (in Rupees), Year: 2019-20",2026-09-23,"PARTIAL YEAR: ARs as on 16.03.2021; deadline extended to 30.06.2021. Scribd copy of the official annexure. Annexure-I: state-wise FC received in Rupees. Annexure-II: donor-country-wise FC in Rupees (excludes donor details < Rs 20,000 per FC-4). 2019-20 tables are PARTIAL: ARs filed as on 16.03.2021; filing deadline extended to 30.06.2021."
Saudi Arabia,2019-20,2307050.00,"23,07,050.00",rupee,"Rajya Sabha Starred Question No. 304, 'Foreign Funds Received by NGOs', answered 24.03.2021 (MoS Home, Shri Nityanand Rai)",https://www.scribd.com/document/500156210/Foreign-Contribution-List-MHA,"Annexure-II: Country of Donors Foreign Contribution (in Rupees), Year: 2019-20",2026-09-23,"PARTIAL YEAR: ARs as on 16.03.2021; deadline extended to 30.06.2021. Scribd copy of the official annexure. Annexure-I: state-wise FC received in Rupees. Annexure-II: donor-country-wise FC in Rupees (excludes donor details < Rs 20,000 per FC-4). 2019-20 tables are PARTIAL: ARs filed as on 16.03.2021; filing deadline extended to 30.06.2021."
Poland,2019-20,1855657.20,"18,55,657.20",rupee,"Rajya Sabha Starred Question No. 304, 'Foreign Funds Received by NGOs', answered 24.03.2021 (MoS Home, Shri Nityanand Rai)",https://www.scribd.com/document/500156210/Foreign-Contribution-List-MHA,"Annexure-II: Country of Donors Foreign Contribution (in Rupees), Year: 2019-20",2026-09-23,"PARTIAL YEAR: ARs as on 16.03.2021; deadline extended to 30.06.2021. Scribd copy of the official annexure. Annexure-I: state-wise FC received in Rupees. Annexure-II: donor-country-wise FC in Rupees (excludes donor details < Rs 20,000 per FC-4). 2019-20 tables are PARTIAL: ARs filed as on 16.03.2021; filing deadline extended to 30.06.2021."
Zambia,2019-20,1530077.56,"15,30,077.56",rupee,"Rajya Sabha Starred Question No. 304, 'Foreign Funds Received by NGOs', answered 24.03.2021 (MoS Home, Shri Nityanand Rai)",https://www.scribd.com/document/500156210/Foreign-Contribution-List-MHA,"Annexure-II: Country of Donors Foreign Contribution (in Rupees), Year: 2019-20",2026-09-23,"PARTIAL YEAR: ARs as on 16.03.2021; deadline extended to 30.06.2021. Scribd copy of the official annexure. Annexure-I: state-wise FC received in Rupees. Annexure-II: donor-country-wise FC in Rupees (excludes donor details < Rs 20,000 per FC-4). 2019-20 tables are PARTIAL: ARs filed as on 16.03.2021; filing deadline extended to 30.06.2021."
Tanzania,2019-20,1499975.00,"14,99,975.00",rupee,"Rajya Sabha Starred Question No. 304, 'Foreign Funds Received by NGOs', answered 24.03.2021 (MoS Home, Shri Nityanand Rai)",https://www.scribd.com/document/500156210/Foreign-Contribution-List-MHA,"Annexure-II: Country of Donors Foreign Contribution (in Rupees), Year: 2019-20",2026-09-23,"PARTIAL YEAR: ARs as on 16.03.2021; deadline extended to 30.06.2021. Scribd copy of the official annexure. Annexure-I: state-wise FC received in Rupees. Annexure-II: donor-country-wise FC in Rupees (excludes donor details < Rs 20,000 per FC-4). 2019-20 tables are PARTIAL: ARs filed as on 16.03.2021; filing deadline extended to 30.06.2021."
Mexico,2019-20,1415160.00,"14,15,160.00",rupee,"Rajya Sabha Starred Question No. 304, 'Foreign Funds Received by NGOs', answered 24.03.2021 (MoS Home, Shri Nityanand Rai)",https://www.scribd.com/document/500156210/Foreign-Contribution-List-MHA,"Annexure-II: Country of Donors Foreign Contribution (in Rupees), Year: 2019-20",2026-09-23,"PARTIAL YEAR: ARs as on 16.03.2021; deadline extended to 30.06.2021. Scribd copy of the official annexure. Annexure-I: state-wise FC received in Rupees. Annexure-II: donor-country-wise FC in Rupees (excludes donor details < Rs 20,000 per FC-4). 2019-20 tables are PARTIAL: ARs filed as on 16.03.2021; filing deadline extended to 30.06.2021."
Mauritius,2019-20,1357615.00,"13,57,615.00",rupee,"Rajya Sabha Starred Question No. 304, 'Foreign Funds Received by NGOs', answered 24.03.2021 (MoS Home, Shri Nityanand Rai)",https://www.scribd.com/document/500156210/Foreign-Contribution-List-MHA,"Annexure-II: Country of Donors Foreign Contribution (in Rupees), Year: 2019-20",2026-09-23,"PARTIAL YEAR: ARs as on 16.03.2021; deadline extended to 30.06.2021. Scribd copy of the official annexure. Annexure-I: state-wise FC received in Rupees. Annexure-II: donor-country-wise FC in Rupees (excludes donor details < Rs 20,000 per FC-4). 2019-20 tables are PARTIAL: ARs filed as on 16.03.2021; filing deadline extended to 30.06.2021."
Brazil,2019-20,1299793.00,"12,99,793.00",rupee,"Rajya Sabha Starred Question No. 304, 'Foreign Funds Received by NGOs', answered 24.03.2021 (MoS Home, Shri Nityanand Rai)",https://www.scribd.com/document/500156210/Foreign-Contribution-List-MHA,"Annexure-II: Country of Donors Foreign Contribution (in Rupees), Year: 2019-20",2026-09-23,"PARTIAL YEAR: ARs as on 16.03.2021; deadline extended to 30.06.2021. Scribd copy of the official annexure. Annexure-I: state-wise FC received in Rupees. Annexure-II: donor-country-wise FC in Rupees (excludes donor details < Rs 20,000 per FC-4). 2019-20 tables are PARTIAL: ARs filed as on 16.03.2021; filing deadline extended to 30.06.2021."
Uruguay,2019-20,1094133.36,"10,94,133.36",rupee,"Rajya Sabha Starred Question No. 304, 'Foreign Funds Received by NGOs', answered 24.03.2021 (MoS Home, Shri Nityanand Rai)",https://www.scribd.com/document/500156210/Foreign-Contribution-List-MHA,"Annexure-II: Country of Donors Foreign Contribution (in Rupees), Year: 2019-20",2026-09-23,"PARTIAL YEAR: ARs as on 16.03.2021; deadline extended to 30.06.2021. Scribd copy of the official annexure. Annexure-I: state-wise FC received in Rupees. Annexure-II: donor-country-wise FC in Rupees (excludes donor details < Rs 20,000 per FC-4). 2019-20 tables are PARTIAL: ARs filed as on 16.03.2021; filing deadline extended to 30.06.2021."
Greece,2019-20,1042652.00,"10,42,652.00",rupee,"Rajya Sabha Starred Question No. 304, 'Foreign Funds Received by NGOs', answered 24.03.2021 (MoS Home, Shri Nityanand Rai)",https://www.scribd.com/document/500156210/Foreign-Contribution-List-MHA,"Annexure-II: Country of Donors Foreign Contribution (in Rupees), Year: 2019-20",2026-09-23,"PARTIAL YEAR: ARs as on 16.03.2021; deadline extended to 30.06.2021. Scribd copy of the official annexure. Annexure-I: state-wise FC received in Rupees. Annexure-II: donor-country-wise FC in Rupees (excludes donor details < Rs 20,000 per FC-4). 2019-20 tables are PARTIAL: ARs filed as on 16.03.2021; filing deadline extended to 30.06.2021."
Uganda,2019-20,933896.00,"9,33,896.00",rupee,"Rajya Sabha Starred Question No. 304, 'Foreign Funds Received by NGOs', answered 24.03.2021 (MoS Home, Shri Nityanand Rai)",https://www.scribd.com/document/500156210/Foreign-Contribution-List-MHA,"Annexure-II: Country of Donors Foreign Contribution (in Rupees), Year: 2019-20",2026-09-23,"PARTIAL YEAR: ARs as on 16.03.2021; deadline extended to 30.06.2021. Scribd copy of the official annexure. Annexure-I: state-wise FC received in Rupees. Annexure-II: donor-country-wise FC in Rupees (excludes donor details < Rs 20,000 per FC-4). 2019-20 tables are PARTIAL: ARs filed as on 16.03.2021; filing deadline extended to 30.06.2021."
Liechtenstein,2019-20,766320.00,"7,66,320.00",rupee,"Rajya Sabha Starred Question No. 304, 'Foreign Funds Received by NGOs', answered 24.03.2021 (MoS Home, Shri Nityanand Rai)",https://www.scribd.com/document/500156210/Foreign-Contribution-List-MHA,"Annexure-II: Country of Donors Foreign Contribution (in Rupees), Year: 2019-20",2026-09-23,"PARTIAL YEAR: ARs as on 16.03.2021; deadline extended to 30.06.2021. Scribd copy of the official annexure. Annexure-I: state-wise FC received in Rupees. Annexure-II: donor-country-wise FC in Rupees (excludes donor details < Rs 20,000 per FC-4). 2019-20 tables are PARTIAL: ARs filed as on 16.03.2021; filing deadline extended to 30.06.2021."
Bhutan,2019-20,642116.00,"6,42,116.00",rupee,"Rajya Sabha Starred Question No. 304, 'Foreign Funds Received by NGOs', answered 24.03.2021 (MoS Home, Shri Nityanand Rai)",https://www.scribd.com/document/500156210/Foreign-Contribution-List-MHA,"Annexure-II: Country of Donors Foreign Contribution (in Rupees), Year: 2019-20",2026-09-23,"PARTIAL YEAR: ARs as on 16.03.2021; deadline extended to 30.06.2021. Scribd copy of the official annexure. Annexure-I: state-wise FC received in Rupees. Annexure-II: donor-country-wise FC in Rupees (excludes donor details < Rs 20,000 per FC-4). 2019-20 tables are PARTIAL: ARs filed as on 16.03.2021; filing deadline extended to 30.06.2021."
New Caledonia,2019-20,607769.00,"6,07,769.00",rupee,"Rajya Sabha Starred Question No. 304, 'Foreign Funds Received by NGOs', answered 24.03.2021 (MoS Home, Shri Nityanand Rai)",https://www.scribd.com/document/500156210/Foreign-Contribution-List-MHA,"Annexure-II: Country of Donors Foreign Contribution (in Rupees), Year: 2019-20",2026-09-23,"PARTIAL YEAR: ARs as on 16.03.2021; deadline extended to 30.06.2021. Scribd copy of the official annexure. Annexure-I: state-wise FC received in Rupees. Annexure-II: donor-country-wise FC in Rupees (excludes donor details < Rs 20,000 per FC-4). 2019-20 tables are PARTIAL: ARs filed as on 16.03.2021; filing deadline extended to 30.06.2021."
Somalia,2019-20,512026.00,"5,12,026.00",rupee,"Rajya Sabha Starred Question No. 304, 'Foreign Funds Received by NGOs', answered 24.03.2021 (MoS Home, Shri Nityanand Rai)",https://www.scribd.com/document/500156210/Foreign-Contribution-List-MHA,"Annexure-II: Country of Donors Foreign Contribution (in Rupees), Year: 2019-20",2026-09-23,"PARTIAL YEAR: ARs as on 16.03.2021; deadline extended to 30.06.2021. Scribd copy of the official annexure. Annexure-I: state-wise FC received in Rupees. Annexure-II: donor-country-wise FC in Rupees (excludes donor details < Rs 20,000 per FC-4). 2019-20 tables are PARTIAL: ARs filed as on 16.03.2021; filing deadline extended to 30.06.2021."
Indonesia,2019-20,456381.00,"4,56,381.00",rupee,"Rajya Sabha Starred Question No. 304, 'Foreign Funds Received by NGOs', answered 24.03.2021 (MoS Home, Shri Nityanand Rai)",https://www.scribd.com/document/500156210/Foreign-Contribution-List-MHA,"Annexure-II: Country of Donors Foreign Contribution (in Rupees), Year: 2019-20",2026-09-23,"PARTIAL YEAR: ARs as on 16.03.2021; deadline extended to 30.06.2021. Scribd copy of the official annexure. Annexure-I: state-wise FC received in Rupees. Annexure-II: donor-country-wise FC in Rupees (excludes donor details < Rs 20,000 per FC-4). 2019-20 tables are PARTIAL: ARs filed as on 16.03.2021; filing deadline extended to 30.06.2021."
Monaco,2019-20,400250.00,"4,00,250.00",rupee,"Rajya Sabha Starred Question No. 304, 'Foreign Funds Received by NGOs', answered 24.03.2021 (MoS Home, Shri Nityanand Rai)",https://www.scribd.com/document/500156210/Foreign-Contribution-List-MHA,"Annexure-II: Country of Donors Foreign Contribution (in Rupees), Year: 2019-20",2026-09-23,"PARTIAL YEAR: ARs as on 16.03.2021; deadline extended to 30.06.2021. Scribd copy of the official annexure. Annexure-I: state-wise FC received in Rupees. Annexure-II: donor-country-wise FC in Rupees (excludes donor details < Rs 20,000 per FC-4). 2019-20 tables are PARTIAL: ARs filed as on 16.03.2021; filing deadline extended to 30.06.2021."
Reunion Island,2019-20,394450.00,"3,94,450.00",rupee,"Rajya Sabha Starred Question No. 304, 'Foreign Funds Received by NGOs', answered 24.03.2021 (MoS Home, Shri Nityanand Rai)",https://www.scribd.com/document/500156210/Foreign-Contribution-List-MHA,"Annexure-II: Country of Donors Foreign Contribution (in Rupees), Year: 2019-20",2026-09-23,"PARTIAL YEAR: ARs as on 16.03.2021; deadline extended to 30.06.2021. Scribd copy of the official annexure. Annexure-I: state-wise FC received in Rupees. Annexure-II: donor-country-wise FC in Rupees (excludes donor details < Rs 20,000 per FC-4). 2019-20 tables are PARTIAL: ARs filed as on 16.03.2021; filing deadline extended to 30.06.2021."
Oman,2019-20,384546.92,"3,84,546.92",rupee,"Rajya Sabha Starred Question No. 304, 'Foreign Funds Received by NGOs', answered 24.03.2021 (MoS Home, Shri Nityanand Rai)",https://www.scribd.com/document/500156210/Foreign-Contribution-List-MHA,"Annexure-II: Country of Donors Foreign Contribution (in Rupees), Year: 2019-20",2026-09-23,"PARTIAL YEAR: ARs as on 16.03.2021; deadline extended to 30.06.2021. Scribd copy of the official annexure. Annexure-I: state-wise FC received in Rupees. Annexure-II: donor-country-wise FC in Rupees (excludes donor details < Rs 20,000 per FC-4). 2019-20 tables are PARTIAL: ARs filed as on 16.03.2021; filing deadline extended to 30.06.2021."
Bahrain,2019-20,330000.00,"3,30,000.00",rupee,"Rajya Sabha Starred Question No. 304, 'Foreign Funds Received by NGOs', answered 24.03.2021 (MoS Home, Shri Nityanand Rai)",https://www.scribd.com/document/500156210/Foreign-Contribution-List-MHA,"Annexure-II: Country of Donors Foreign Contribution (in Rupees), Year: 2019-20",2026-09-23,"PARTIAL YEAR: ARs as on 16.03.2021; deadline extended to 30.06.2021. Scribd copy of the official annexure. Annexure-I: state-wise FC received in Rupees. Annexure-II: donor-country-wise FC in Rupees (excludes donor details < Rs 20,000 per FC-4). 2019-20 tables are PARTIAL: ARs filed as on 16.03.2021; filing deadline extended to 30.06.2021."
Armenia,2019-20,309500.00,"3,09,500.00",rupee,"Rajya Sabha Starred Question No. 304, 'Foreign Funds Received by NGOs', answered 24.03.2021 (MoS Home, Shri Nityanand Rai)",https://www.scribd.com/document/500156210/Foreign-Contribution-List-MHA,"Annexure-II: Country of Donors Foreign Contribution (in Rupees), Year: 2019-20",2026-09-23,"PARTIAL YEAR: ARs as on 16.03.2021; deadline extended to 30.06.2021. Scribd copy of the official annexure. Annexure-I: state-wise FC received in Rupees. Annexure-II: donor-country-wise FC in Rupees (excludes donor details < Rs 20,000 per FC-4). 2019-20 tables are PARTIAL: ARs filed as on 16.03.2021; filing deadline extended to 30.06.2021."
Barbados,2019-20,277100.00,"2,77,100.00",rupee,"Rajya Sabha Starred Question No. 304, 'Foreign Funds Received by NGOs', answered 24.03.2021 (MoS Home, Shri Nityanand Rai)",https://www.scribd.com/document/500156210/Foreign-Contribution-List-MHA,"Annexure-II: Country of Donors Foreign Contribution (in Rupees), Year: 2019-20",2026-09-23,"PARTIAL YEAR: ARs as on 16.03.2021; deadline extended to 30.06.2021. Scribd copy of the official annexure. Annexure-I: state-wise FC received in Rupees. Annexure-II: donor-country-wise FC in Rupees (excludes donor details < Rs 20,000 per FC-4). 2019-20 tables are PARTIAL: ARs filed as on 16.03.2021; filing deadline extended to 30.06.2021."
Trinidad and Tobago,2019-20,264742.00,"2,64,742.00",rupee,"Rajya Sabha Starred Question No. 304, 'Foreign Funds Received by NGOs', answered 24.03.2021 (MoS Home, Shri Nityanand Rai)",https://www.scribd.com/document/500156210/Foreign-Contribution-List-MHA,"Annexure-II: Country of Donors Foreign Contribution (in Rupees), Year: 2019-20",2026-09-23,"PARTIAL YEAR: ARs as on 16.03.2021; deadline extended to 30.06.2021. Scribd copy of the official annexure. Annexure-I: state-wise FC received in Rupees. Annexure-II: donor-country-wise FC in Rupees (excludes donor details < Rs 20,000 per FC-4). 2019-20 tables are PARTIAL: ARs filed as on 16.03.2021; filing deadline extended to 30.06.2021."
China,2019-20,264146.00,"2,64,146.00",rupee,"Rajya Sabha Starred Question No. 304, 'Foreign Funds Received by NGOs', answered 24.03.2021 (MoS Home, Shri Nityanand Rai)",https://www.scribd.com/document/500156210/Foreign-Contribution-List-MHA,"Annexure-II: Country of Donors Foreign Contribution (in Rupees), Year: 2019-20",2026-09-23,"PARTIAL YEAR: ARs as on 16.03.2021; deadline extended to 30.06.2021. Scribd copy of the official annexure. Annexure-I: state-wise FC received in Rupees. Annexure-II: donor-country-wise FC in Rupees (excludes donor details < Rs 20,000 per FC-4). 2019-20 tables are PARTIAL: ARs filed as on 16.03.2021; filing deadline extended to 30.06.2021."
Myanmar,2019-20,244055.00,"2,44,055.00",rupee,"Rajya Sabha Starred Question No. 304, 'Foreign Funds Received by NGOs', answered 24.03.2021 (MoS Home, Shri Nityanand Rai)",https://www.scribd.com/document/500156210/Foreign-Contribution-List-MHA,"Annexure-II: Country of Donors Foreign Contribution (in Rupees), Year: 2019-20",2026-09-23,"PARTIAL YEAR: ARs as on 16.03.2021; deadline extended to 30.06.2021. Scribd copy of the official annexure. Annexure-I: state-wise FC received in Rupees. Annexure-II: donor-country-wise FC in Rupees (excludes donor details < Rs 20,000 per FC-4). 2019-20 tables are PARTIAL: ARs filed as on 16.03.2021; filing deadline extended to 30.06.2021."
Vietnam,2019-20,154002.00,"1,54,002.00",rupee,"Rajya Sabha Starred Question No. 304, 'Foreign Funds Received by NGOs', answered 24.03.2021 (MoS Home, Shri Nityanand Rai)",https://www.scribd.com/document/500156210/Foreign-Contribution-List-MHA,"Annexure-II: Country of Donors Foreign Contribution (in Rupees), Year: 2019-20",2026-09-23,"PARTIAL YEAR: ARs as on 16.03.2021; deadline extended to 30.06.2021. Scribd copy of the official annexure. Annexure-I: state-wise FC received in Rupees. Annexure-II: donor-country-wise FC in Rupees (excludes donor details < Rs 20,000 per FC-4). 2019-20 tables are PARTIAL: ARs filed as on 16.03.2021; filing deadline extended to 30.06.2021."
Slovenia,2019-20,76484.50,"76,484.50",rupee,"Rajya Sabha Starred Question No. 304, 'Foreign Funds Received by NGOs', answered 24.03.2021 (MoS Home, Shri Nityanand Rai)",https://www.scribd.com/document/500156210/Foreign-Contribution-List-MHA,"Annexure-II: Country of Donors Foreign Contribution (in Rupees), Year: 2019-20",2026-09-23,"PARTIAL YEAR: ARs as on 16.03.2021; deadline extended to 30.06.2021. Scribd copy of the official annexure. Annexure-I: state-wise FC received in Rupees. Annexure-II: donor-country-wise FC in Rupees (excludes donor details < Rs 20,000 per FC-4). 2019-20 tables are PARTIAL: ARs filed as on 16.03.2021; filing deadline extended to 30.06.2021."
Slovakia,2019-20,45097.65,"45,097.65",rupee,"Rajya Sabha Starred Question No. 304, 'Foreign Funds Received by NGOs', answered 24.03.2021 (MoS Home, Shri Nityanand Rai)",https://www.scribd.com/document/500156210/Foreign-Contribution-List-MHA,"Annexure-II: Country of Donors Foreign Contribution (in Rupees), Year: 2019-20",2026-09-23,"PARTIAL YEAR: ARs as on 16.03.2021; deadline extended to 30.06.2021. Scribd copy of the official annexure. Annexure-I: state-wise FC received in Rupees. Annexure-II: donor-country-wise FC in Rupees (excludes donor details < Rs 20,000 per FC-4). 2019-20 tables are PARTIAL: ARs filed as on 16.03.2021; filing deadline extended to 30.06.2021."
Russia,2019-20,31795.00,"31,795.00",rupee,"Rajya Sabha Starred Question No. 304, 'Foreign Funds Received by NGOs', answered 24.03.2021 (MoS Home, Shri Nityanand Rai)",https://www.scribd.com/document/500156210/Foreign-Contribution-List-MHA,"Annexure-II: Country of Donors Foreign Contribution (in Rupees), Year: 2019-20",2026-09-23,"PARTIAL YEAR: ARs as on 16.03.2021; deadline extended to 30.06.2021. Scribd copy of the official annexure. Annexure-I: state-wise FC received in Rupees. Annexure-II: donor-country-wise FC in Rupees (excludes donor details < Rs 20,000 per FC-4). 2019-20 tables are PARTIAL: ARs filed as on 16.03.2021; filing deadline extended to 30.06.2021."
ALL-COUNTRIES-TOTAL,2019-20,23461652100.10,"23,46,16,52,100.10",rupee,"Rajya Sabha Starred Question No. 304, 'Foreign Funds Received by NGOs', answered 24.03.2021 (MoS Home, Shri Nityanand Rai)",https://www.scribd.com/document/500156210/Foreign-Contribution-List-MHA,"Annexure-II total row, Year: 2019-20",2026-09-23,"Stated total in source; excludes donor details < Rs 20,000. PARTIAL YEAR. Scribd copy of the official annexure. Annexure-I: state-wise FC received in Rupees. Annexure-II: donor-country-wise FC in Rupees (excludes donor details < Rs 20,000 per FC-4). 2019-20 tables are PARTIAL: ARs filed as on 16.03.2021; filing deadline extended to 30.06.2021."
United States of America,2024-25,121130000000.00,12113,crore,"The Hindu BusinessLine, 'FCRA registered NGOs down by half in last 10 years; contribution rises from Rs 17,832 cr to Rs 22,974 cr', published 19.09.2026 (MHA briefing to the Joint Parliamentary Committee on the FCRA Amendment Bill)",https://www.thehindubusinessline.com/news/fcra-registered-ngos-down-by-half-in-last-10-years-contribution-rises-from-17832-cr-to-22974-cr/article71483639.ece/amp/,Article text: top donor countries 2024-25,2026-09-23,Secondary reporting of MHA JPC briefing; top-5 only. Press report of an official MHA briefing (Home Secretary Govind Mohan to JPC). Figures are as reported by the outlet.
United Kingdom,2024-25,24140000000.00,2414,crore,"The Hindu BusinessLine, 'FCRA registered NGOs down by half in last 10 years; contribution rises from Rs 17,832 cr to Rs 22,974 cr', published 19.09.2026 (MHA briefing to the Joint Parliamentary Committee on the FCRA Amendment Bill)",https://www.thehindubusinessline.com/news/fcra-registered-ngos-down-by-half-in-last-10-years-contribution-rises-from-17832-cr-to-22974-cr/article71483639.ece/amp/,Article text: top donor countries 2024-25,2026-09-23,Secondary reporting of MHA JPC briefing; top-5 only. Press report of an official MHA briefing (Home Secretary Govind Mohan to JPC). Figures are as reported by the outlet.
Germany,2024-25,17820000000.00,1782,crore,"The Hindu BusinessLine, 'FCRA registered NGOs down by half in last 10 years; contribution rises from Rs 17,832 cr to Rs 22,974 cr', published 19.09.2026 (MHA briefing to the Joint Parliamentary Committee on the FCRA Amendment Bill)",https://www.thehindubusinessline.com/news/fcra-registered-ngos-down-by-half-in-last-10-years-contribution-rises-from-17832-cr-to-22974-cr/article71483639.ece/amp/,Article text: top donor countries 2024-25,2026-09-23,Secondary reporting of MHA JPC briefing; top-5 only. Press report of an official MHA briefing (Home Secretary Govind Mohan to JPC). Figures are as reported by the outlet.
Switzerland,2024-25,7330000000.00,733,crore,"The Hindu BusinessLine, 'FCRA registered NGOs down by half in last 10 years; contribution rises from Rs 17,832 cr to Rs 22,974 cr', published 19.09.2026 (MHA briefing to the Joint Parliamentary Committee on the FCRA Amendment Bill)",https://www.thehindubusinessline.com/news/fcra-registered-ngos-down-by-half-in-last-10-years-contribution-rises-from-17832-cr-to-22974-cr/article71483639.ece/amp/,Article text: top donor countries 2024-25,2026-09-23,Secondary reporting of MHA JPC briefing; top-5 only. Press report of an official MHA briefing (Home Secretary Govind Mohan to JPC). Figures are as reported by the outlet.
Singapore,2024-25,6690000000.00,669,crore,"The Hindu BusinessLine, 'FCRA registered NGOs down by half in last 10 years; contribution rises from Rs 17,832 cr to Rs 22,974 cr', published 19.09.2026 (MHA briefing to the Joint Parliamentary Committee on the FCRA Amendment Bill)",https://www.thehindubusinessline.com/news/fcra-registered-ngos-down-by-half-in-last-10-years-contribution-rises-from-17832-cr-to-22974-cr/article71483639.ece/amp/,Article text: top donor countries 2024-25,2026-09-23,Secondary reporting of MHA JPC briefing; top-5 only. Press report of an official MHA briefing (Home Secretary Govind Mohan to JPC). Figures are as reported by the outlet.
