state,financial_year,metric,total_fc_inr,total_fc_original,original_unit,reporting_associations,source_document,source_url,table_ref,retrieved_date,notes
Delhi,2009-10,received,18187846000.00,181878.46,lakh,1426,"Lok Sabha Unstarred Question No. 328, 'Funds to NGOs', answered 06.08.2013 (Ministry of Home Affairs, Shri Mullappally Ramachandran)",https://xn--i1b5bzbybhfo5c8b4bxh.xn--11b7cb3a6a.xn--h2brj9c/MHA1/Par2017/pdfs/par2013-pdfs/ls-060813/328.pdf,Annexure-I: Statewise FC received during 2009-10,2026-09-23,"State-wise FC received, Rs in Lakhs. 2011-12 flagged in the document itself as 'some more data is still under compilation'. Source-arithmetic note: the document's stated totals differ from the sum of its state rows by 0.01 lakh (Rs 1,000) in 2009-10 and 2010-11 -- a rounding artifact in the source. In 2011-12 the stated total exceeds the sum of included state rows by Rs 489.15 lakh, which per the document's own arithmetic is the excluded Andaman & Nicobar row."
Tamil Nadu,2009-10,received,16679968000.00,166799.68,lakh,3337,"Lok Sabha Unstarred Question No. 328, 'Funds to NGOs', answered 06.08.2013 (Ministry of Home Affairs, Shri Mullappally Ramachandran)",https://xn--i1b5bzbybhfo5c8b4bxh.xn--11b7cb3a6a.xn--h2brj9c/MHA1/Par2017/pdfs/par2013-pdfs/ls-060813/328.pdf,Annexure-I: Statewise FC received during 2009-10,2026-09-23,"State-wise FC received, Rs in Lakhs. 2011-12 flagged in the document itself as 'some more data is still under compilation'. Source-arithmetic note: the document's stated totals differ from the sum of its state rows by 0.01 lakh (Rs 1,000) in 2009-10 and 2010-11 -- a rounding artifact in the source. In 2011-12 the stated total exceeds the sum of included state rows by Rs 489.15 lakh, which per the document's own arithmetic is the excluded Andaman & Nicobar row."
Andhra Pradesh,2009-10,received,13284741000.00,132847.41,lakh,2629,"Lok Sabha Unstarred Question No. 328, 'Funds to NGOs', answered 06.08.2013 (Ministry of Home Affairs, Shri Mullappally Ramachandran)",https://xn--i1b5bzbybhfo5c8b4bxh.xn--11b7cb3a6a.xn--h2brj9c/MHA1/Par2017/pdfs/par2013-pdfs/ls-060813/328.pdf,Annexure-I: Statewise FC received during 2009-10,2026-09-23,"State-wise FC received, Rs in Lakhs. 2011-12 flagged in the document itself as 'some more data is still under compilation'. Source-arithmetic note: the document's stated totals differ from the sum of its state rows by 0.01 lakh (Rs 1,000) in 2009-10 and 2010-11 -- a rounding artifact in the source. In 2011-12 the stated total exceeds the sum of included state rows by Rs 489.15 lakh, which per the document's own arithmetic is the excluded Andaman & Nicobar row."
Karnataka,2009-10,received,10504620000.00,105046.20,lakh,1613,"Lok Sabha Unstarred Question No. 328, 'Funds to NGOs', answered 06.08.2013 (Ministry of Home Affairs, Shri Mullappally Ramachandran)",https://xn--i1b5bzbybhfo5c8b4bxh.xn--11b7cb3a6a.xn--h2brj9c/MHA1/Par2017/pdfs/par2013-pdfs/ls-060813/328.pdf,Annexure-I: Statewise FC received during 2009-10,2026-09-23,"State-wise FC received, Rs in Lakhs. 2011-12 flagged in the document itself as 'some more data is still under compilation'. Source-arithmetic note: the document's stated totals differ from the sum of its state rows by 0.01 lakh (Rs 1,000) in 2009-10 and 2010-11 -- a rounding artifact in the source. In 2011-12 the stated total exceeds the sum of included state rows by Rs 489.15 lakh, which per the document's own arithmetic is the excluded Andaman & Nicobar row."
Maharashtra,2009-10,received,9267717000.00,92677.17,lakh,1852,"Lok Sabha Unstarred Question No. 328, 'Funds to NGOs', answered 06.08.2013 (Ministry of Home Affairs, Shri Mullappally Ramachandran)",https://xn--i1b5bzbybhfo5c8b4bxh.xn--11b7cb3a6a.xn--h2brj9c/MHA1/Par2017/pdfs/par2013-pdfs/ls-060813/328.pdf,Annexure-I: Statewise FC received during 2009-10,2026-09-23,"State-wise FC received, Rs in Lakhs. 2011-12 flagged in the document itself as 'some more data is still under compilation'. Source-arithmetic note: the document's stated totals differ from the sum of its state rows by 0.01 lakh (Rs 1,000) in 2009-10 and 2010-11 -- a rounding artifact in the source. In 2011-12 the stated total exceeds the sum of included state rows by Rs 489.15 lakh, which per the document's own arithmetic is the excluded Andaman & Nicobar row."
Kerala,2009-10,received,8929850000.00,89298.50,lakh,1687,"Lok Sabha Unstarred Question No. 328, 'Funds to NGOs', answered 06.08.2013 (Ministry of Home Affairs, Shri Mullappally Ramachandran)",https://xn--i1b5bzbybhfo5c8b4bxh.xn--11b7cb3a6a.xn--h2brj9c/MHA1/Par2017/pdfs/par2013-pdfs/ls-060813/328.pdf,Annexure-I: Statewise FC received during 2009-10,2026-09-23,"State-wise FC received, Rs in Lakhs. 2011-12 flagged in the document itself as 'some more data is still under compilation'. Source-arithmetic note: the document's stated totals differ from the sum of its state rows by 0.01 lakh (Rs 1,000) in 2009-10 and 2010-11 -- a rounding artifact in the source. In 2011-12 the stated total exceeds the sum of included state rows by Rs 489.15 lakh, which per the document's own arithmetic is the excluded Andaman & Nicobar row."
West Bengal,2009-10,received,5606398000.00,56063.98,lakh,1935,"Lok Sabha Unstarred Question No. 328, 'Funds to NGOs', answered 06.08.2013 (Ministry of Home Affairs, Shri Mullappally Ramachandran)",https://xn--i1b5bzbybhfo5c8b4bxh.xn--11b7cb3a6a.xn--h2brj9c/MHA1/Par2017/pdfs/par2013-pdfs/ls-060813/328.pdf,Annexure-I: Statewise FC received during 2009-10,2026-09-23,"State-wise FC received, Rs in Lakhs. 2011-12 flagged in the document itself as 'some more data is still under compilation'. Source-arithmetic note: the document's stated totals differ from the sum of its state rows by 0.01 lakh (Rs 1,000) in 2009-10 and 2010-11 -- a rounding artifact in the source. In 2011-12 the stated total exceeds the sum of included state rows by Rs 489.15 lakh, which per the document's own arithmetic is the excluded Andaman & Nicobar row."
Gujarat,2009-10,received,3942892000.00,39428.92,lakh,1064,"Lok Sabha Unstarred Question No. 328, 'Funds to NGOs', answered 06.08.2013 (Ministry of Home Affairs, Shri Mullappally Ramachandran)",https://xn--i1b5bzbybhfo5c8b4bxh.xn--11b7cb3a6a.xn--h2brj9c/MHA1/Par2017/pdfs/par2013-pdfs/ls-060813/328.pdf,Annexure-I: Statewise FC received during 2009-10,2026-09-23,"State-wise FC received, Rs in Lakhs. 2011-12 flagged in the document itself as 'some more data is still under compilation'. Source-arithmetic note: the document's stated totals differ from the sum of its state rows by 0.01 lakh (Rs 1,000) in 2009-10 and 2010-11 -- a rounding artifact in the source. In 2011-12 the stated total exceeds the sum of included state rows by Rs 489.15 lakh, which per the document's own arithmetic is the excluded Andaman & Nicobar row."
Uttar Pradesh,2009-10,received,2183747000.00,21837.47,lakh,1348,"Lok Sabha Unstarred Question No. 328, 'Funds to NGOs', answered 06.08.2013 (Ministry of Home Affairs, Shri Mullappally Ramachandran)",https://xn--i1b5bzbybhfo5c8b4bxh.xn--11b7cb3a6a.xn--h2brj9c/MHA1/Par2017/pdfs/par2013-pdfs/ls-060813/328.pdf,Annexure-I: Statewise FC received during 2009-10,2026-09-23,"State-wise FC received, Rs in Lakhs. 2011-12 flagged in the document itself as 'some more data is still under compilation'. Source-arithmetic note: the document's stated totals differ from the sum of its state rows by 0.01 lakh (Rs 1,000) in 2009-10 and 2010-11 -- a rounding artifact in the source. In 2011-12 the stated total exceeds the sum of included state rows by Rs 489.15 lakh, which per the document's own arithmetic is the excluded Andaman & Nicobar row."
Orissa,2009-10,received,2146414000.00,21464.14,lakh,1260,"Lok Sabha Unstarred Question No. 328, 'Funds to NGOs', answered 06.08.2013 (Ministry of Home Affairs, Shri Mullappally Ramachandran)",https://xn--i1b5bzbybhfo5c8b4bxh.xn--11b7cb3a6a.xn--h2brj9c/MHA1/Par2017/pdfs/par2013-pdfs/ls-060813/328.pdf,Annexure-I: Statewise FC received during 2009-10,2026-09-23,"State-wise FC received, Rs in Lakhs. 2011-12 flagged in the document itself as 'some more data is still under compilation'. Source-arithmetic note: the document's stated totals differ from the sum of its state rows by 0.01 lakh (Rs 1,000) in 2009-10 and 2010-11 -- a rounding artifact in the source. In 2011-12 the stated total exceeds the sum of included state rows by Rs 489.15 lakh, which per the document's own arithmetic is the excluded Andaman & Nicobar row."
Jharkhand,2009-10,received,1596502000.00,15965.02,lakh,469,"Lok Sabha Unstarred Question No. 328, 'Funds to NGOs', answered 06.08.2013 (Ministry of Home Affairs, Shri Mullappally Ramachandran)",https://xn--i1b5bzbybhfo5c8b4bxh.xn--11b7cb3a6a.xn--h2brj9c/MHA1/Par2017/pdfs/par2013-pdfs/ls-060813/328.pdf,Annexure-I: Statewise FC received during 2009-10,2026-09-23,"State-wise FC received, Rs in Lakhs. 2011-12 flagged in the document itself as 'some more data is still under compilation'. Source-arithmetic note: the document's stated totals differ from the sum of its state rows by 0.01 lakh (Rs 1,000) in 2009-10 and 2010-11 -- a rounding artifact in the source. In 2011-12 the stated total exceeds the sum of included state rows by Rs 489.15 lakh, which per the document's own arithmetic is the excluded Andaman & Nicobar row."
Himachal Pradesh,2009-10,received,1450704000.00,14507.04,lakh,114,"Lok Sabha Unstarred Question No. 328, 'Funds to NGOs', answered 06.08.2013 (Ministry of Home Affairs, Shri Mullappally Ramachandran)",https://xn--i1b5bzbybhfo5c8b4bxh.xn--11b7cb3a6a.xn--h2brj9c/MHA1/Par2017/pdfs/par2013-pdfs/ls-060813/328.pdf,Annexure-I: Statewise FC received during 2009-10,2026-09-23,"State-wise FC received, Rs in Lakhs. 2011-12 flagged in the document itself as 'some more data is still under compilation'. Source-arithmetic note: the document's stated totals differ from the sum of its state rows by 0.01 lakh (Rs 1,000) in 2009-10 and 2010-11 -- a rounding artifact in the source. In 2011-12 the stated total exceeds the sum of included state rows by Rs 489.15 lakh, which per the document's own arithmetic is the excluded Andaman & Nicobar row."
Madhya Pradesh,2009-10,received,1428586000.00,14285.86,lakh,448,"Lok Sabha Unstarred Question No. 328, 'Funds to NGOs', answered 06.08.2013 (Ministry of Home Affairs, Shri Mullappally Ramachandran)",https://xn--i1b5bzbybhfo5c8b4bxh.xn--11b7cb3a6a.xn--h2brj9c/MHA1/Par2017/pdfs/par2013-pdfs/ls-060813/328.pdf,Annexure-I: Statewise FC received during 2009-10,2026-09-23,"State-wise FC received, Rs in Lakhs. 2011-12 flagged in the document itself as 'some more data is still under compilation'. Source-arithmetic note: the document's stated totals differ from the sum of its state rows by 0.01 lakh (Rs 1,000) in 2009-10 and 2010-11 -- a rounding artifact in the source. In 2011-12 the stated total exceeds the sum of included state rows by Rs 489.15 lakh, which per the document's own arithmetic is the excluded Andaman & Nicobar row."
Bihar,2009-10,received,1417199000.00,14171.99,lakh,848,"Lok Sabha Unstarred Question No. 328, 'Funds to NGOs', answered 06.08.2013 (Ministry of Home Affairs, Shri Mullappally Ramachandran)",https://xn--i1b5bzbybhfo5c8b4bxh.xn--11b7cb3a6a.xn--h2brj9c/MHA1/Par2017/pdfs/par2013-pdfs/ls-060813/328.pdf,Annexure-I: Statewise FC received during 2009-10,2026-09-23,"State-wise FC received, Rs in Lakhs. 2011-12 flagged in the document itself as 'some more data is still under compilation'. Source-arithmetic note: the document's stated totals differ from the sum of its state rows by 0.01 lakh (Rs 1,000) in 2009-10 and 2010-11 -- a rounding artifact in the source. In 2011-12 the stated total exceeds the sum of included state rows by Rs 489.15 lakh, which per the document's own arithmetic is the excluded Andaman & Nicobar row."
Rajasthan,2009-10,received,1278562000.00,12785.62,lakh,405,"Lok Sabha Unstarred Question No. 328, 'Funds to NGOs', answered 06.08.2013 (Ministry of Home Affairs, Shri Mullappally Ramachandran)",https://xn--i1b5bzbybhfo5c8b4bxh.xn--11b7cb3a6a.xn--h2brj9c/MHA1/Par2017/pdfs/par2013-pdfs/ls-060813/328.pdf,Annexure-I: Statewise FC received during 2009-10,2026-09-23,"State-wise FC received, Rs in Lakhs. 2011-12 flagged in the document itself as 'some more data is still under compilation'. Source-arithmetic note: the document's stated totals differ from the sum of its state rows by 0.01 lakh (Rs 1,000) in 2009-10 and 2010-11 -- a rounding artifact in the source. In 2011-12 the stated total exceeds the sum of included state rows by Rs 489.15 lakh, which per the document's own arithmetic is the excluded Andaman & Nicobar row."
Uttarakhand,2009-10,received,1073883000.00,10738.83,lakh,285,"Lok Sabha Unstarred Question No. 328, 'Funds to NGOs', answered 06.08.2013 (Ministry of Home Affairs, Shri Mullappally Ramachandran)",https://xn--i1b5bzbybhfo5c8b4bxh.xn--11b7cb3a6a.xn--h2brj9c/MHA1/Par2017/pdfs/par2013-pdfs/ls-060813/328.pdf,Annexure-I: Statewise FC received during 2009-10,2026-09-23,"State-wise FC received, Rs in Lakhs. 2011-12 flagged in the document itself as 'some more data is still under compilation'. Source-arithmetic note: the document's stated totals differ from the sum of its state rows by 0.01 lakh (Rs 1,000) in 2009-10 and 2010-11 -- a rounding artifact in the source. In 2011-12 the stated total exceeds the sum of included state rows by Rs 489.15 lakh, which per the document's own arithmetic is the excluded Andaman & Nicobar row."
Assam,2009-10,received,932111000.00,9321.11,lakh,256,"Lok Sabha Unstarred Question No. 328, 'Funds to NGOs', answered 06.08.2013 (Ministry of Home Affairs, Shri Mullappally Ramachandran)",https://xn--i1b5bzbybhfo5c8b4bxh.xn--11b7cb3a6a.xn--h2brj9c/MHA1/Par2017/pdfs/par2013-pdfs/ls-060813/328.pdf,Annexure-I: Statewise FC received during 2009-10,2026-09-23,"State-wise FC received, Rs in Lakhs. 2011-12 flagged in the document itself as 'some more data is still under compilation'. Source-arithmetic note: the document's stated totals differ from the sum of its state rows by 0.01 lakh (Rs 1,000) in 2009-10 and 2010-11 -- a rounding artifact in the source. In 2011-12 the stated total exceeds the sum of included state rows by Rs 489.15 lakh, which per the document's own arithmetic is the excluded Andaman & Nicobar row."
Punjab,2009-10,received,873786000.00,8737.86,lakh,115,"Lok Sabha Unstarred Question No. 328, 'Funds to NGOs', answered 06.08.2013 (Ministry of Home Affairs, Shri Mullappally Ramachandran)",https://xn--i1b5bzbybhfo5c8b4bxh.xn--11b7cb3a6a.xn--h2brj9c/MHA1/Par2017/pdfs/par2013-pdfs/ls-060813/328.pdf,Annexure-I: Statewise FC received during 2009-10,2026-09-23,"State-wise FC received, Rs in Lakhs. 2011-12 flagged in the document itself as 'some more data is still under compilation'. Source-arithmetic note: the document's stated totals differ from the sum of its state rows by 0.01 lakh (Rs 1,000) in 2009-10 and 2010-11 -- a rounding artifact in the source. In 2011-12 the stated total exceeds the sum of included state rows by Rs 489.15 lakh, which per the document's own arithmetic is the excluded Andaman & Nicobar row."
Meghalaya,2009-10,received,654631000.00,6546.31,lakh,131,"Lok Sabha Unstarred Question No. 328, 'Funds to NGOs', answered 06.08.2013 (Ministry of Home Affairs, Shri Mullappally Ramachandran)",https://xn--i1b5bzbybhfo5c8b4bxh.xn--11b7cb3a6a.xn--h2brj9c/MHA1/Par2017/pdfs/par2013-pdfs/ls-060813/328.pdf,Annexure-I: Statewise FC received during 2009-10,2026-09-23,"State-wise FC received, Rs in Lakhs. 2011-12 flagged in the document itself as 'some more data is still under compilation'. Source-arithmetic note: the document's stated totals differ from the sum of its state rows by 0.01 lakh (Rs 1,000) in 2009-10 and 2010-11 -- a rounding artifact in the source. In 2011-12 the stated total exceeds the sum of included state rows by Rs 489.15 lakh, which per the document's own arithmetic is the excluded Andaman & Nicobar row."
Chhattisgarh,2009-10,received,649864000.00,6498.64,lakh,232,"Lok Sabha Unstarred Question No. 328, 'Funds to NGOs', answered 06.08.2013 (Ministry of Home Affairs, Shri Mullappally Ramachandran)",https://xn--i1b5bzbybhfo5c8b4bxh.xn--11b7cb3a6a.xn--h2brj9c/MHA1/Par2017/pdfs/par2013-pdfs/ls-060813/328.pdf,Annexure-I: Statewise FC received during 2009-10,2026-09-23,"State-wise FC received, Rs in Lakhs. 2011-12 flagged in the document itself as 'some more data is still under compilation'. Source-arithmetic note: the document's stated totals differ from the sum of its state rows by 0.01 lakh (Rs 1,000) in 2009-10 and 2010-11 -- a rounding artifact in the source. In 2011-12 the stated total exceeds the sum of included state rows by Rs 489.15 lakh, which per the document's own arithmetic is the excluded Andaman & Nicobar row."
Manipur,2009-10,received,368138000.00,3681.38,lakh,296,"Lok Sabha Unstarred Question No. 328, 'Funds to NGOs', answered 06.08.2013 (Ministry of Home Affairs, Shri Mullappally Ramachandran)",https://xn--i1b5bzbybhfo5c8b4bxh.xn--11b7cb3a6a.xn--h2brj9c/MHA1/Par2017/pdfs/par2013-pdfs/ls-060813/328.pdf,Annexure-I: Statewise FC received during 2009-10,2026-09-23,"State-wise FC received, Rs in Lakhs. 2011-12 flagged in the document itself as 'some more data is still under compilation'. Source-arithmetic note: the document's stated totals differ from the sum of its state rows by 0.01 lakh (Rs 1,000) in 2009-10 and 2010-11 -- a rounding artifact in the source. In 2011-12 the stated total exceeds the sum of included state rows by Rs 489.15 lakh, which per the document's own arithmetic is the excluded Andaman & Nicobar row."
Pondicherry,2009-10,received,329996000.00,3299.96,lakh,85,"Lok Sabha Unstarred Question No. 328, 'Funds to NGOs', answered 06.08.2013 (Ministry of Home Affairs, Shri Mullappally Ramachandran)",https://xn--i1b5bzbybhfo5c8b4bxh.xn--11b7cb3a6a.xn--h2brj9c/MHA1/Par2017/pdfs/par2013-pdfs/ls-060813/328.pdf,Annexure-I: Statewise FC received during 2009-10,2026-09-23,"State-wise FC received, Rs in Lakhs. 2011-12 flagged in the document itself as 'some more data is still under compilation'. Source-arithmetic note: the document's stated totals differ from the sum of its state rows by 0.01 lakh (Rs 1,000) in 2009-10 and 2010-11 -- a rounding artifact in the source. In 2011-12 the stated total exceeds the sum of included state rows by Rs 489.15 lakh, which per the document's own arithmetic is the excluded Andaman & Nicobar row."
Nagaland,2009-10,received,290315000.00,2903.15,lakh,83,"Lok Sabha Unstarred Question No. 328, 'Funds to NGOs', answered 06.08.2013 (Ministry of Home Affairs, Shri Mullappally Ramachandran)",https://xn--i1b5bzbybhfo5c8b4bxh.xn--11b7cb3a6a.xn--h2brj9c/MHA1/Par2017/pdfs/par2013-pdfs/ls-060813/328.pdf,Annexure-I: Statewise FC received during 2009-10,2026-09-23,"State-wise FC received, Rs in Lakhs. 2011-12 flagged in the document itself as 'some more data is still under compilation'. Source-arithmetic note: the document's stated totals differ from the sum of its state rows by 0.01 lakh (Rs 1,000) in 2009-10 and 2010-11 -- a rounding artifact in the source. In 2011-12 the stated total exceeds the sum of included state rows by Rs 489.15 lakh, which per the document's own arithmetic is the excluded Andaman & Nicobar row."
Haryana,2009-10,received,280758000.00,2807.58,lakh,117,"Lok Sabha Unstarred Question No. 328, 'Funds to NGOs', answered 06.08.2013 (Ministry of Home Affairs, Shri Mullappally Ramachandran)",https://xn--i1b5bzbybhfo5c8b4bxh.xn--11b7cb3a6a.xn--h2brj9c/MHA1/Par2017/pdfs/par2013-pdfs/ls-060813/328.pdf,Annexure-I: Statewise FC received during 2009-10,2026-09-23,"State-wise FC received, Rs in Lakhs. 2011-12 flagged in the document itself as 'some more data is still under compilation'. Source-arithmetic note: the document's stated totals differ from the sum of its state rows by 0.01 lakh (Rs 1,000) in 2009-10 and 2010-11 -- a rounding artifact in the source. In 2011-12 the stated total exceeds the sum of included state rows by Rs 489.15 lakh, which per the document's own arithmetic is the excluded Andaman & Nicobar row."
Jammu & Kashmir,2009-10,received,261788000.00,2617.88,lakh,81,"Lok Sabha Unstarred Question No. 328, 'Funds to NGOs', answered 06.08.2013 (Ministry of Home Affairs, Shri Mullappally Ramachandran)",https://xn--i1b5bzbybhfo5c8b4bxh.xn--11b7cb3a6a.xn--h2brj9c/MHA1/Par2017/pdfs/par2013-pdfs/ls-060813/328.pdf,Annexure-I: Statewise FC received during 2009-10,2026-09-23,"State-wise FC received, Rs in Lakhs. 2011-12 flagged in the document itself as 'some more data is still under compilation'. Source-arithmetic note: the document's stated totals differ from the sum of its state rows by 0.01 lakh (Rs 1,000) in 2009-10 and 2010-11 -- a rounding artifact in the source. In 2011-12 the stated total exceeds the sum of included state rows by Rs 489.15 lakh, which per the document's own arithmetic is the excluded Andaman & Nicobar row."
Goa,2009-10,received,243945000.00,2439.45,lakh,108,"Lok Sabha Unstarred Question No. 328, 'Funds to NGOs', answered 06.08.2013 (Ministry of Home Affairs, Shri Mullappally Ramachandran)",https://xn--i1b5bzbybhfo5c8b4bxh.xn--11b7cb3a6a.xn--h2brj9c/MHA1/Par2017/pdfs/par2013-pdfs/ls-060813/328.pdf,Annexure-I: Statewise FC received during 2009-10,2026-09-23,"State-wise FC received, Rs in Lakhs. 2011-12 flagged in the document itself as 'some more data is still under compilation'. Source-arithmetic note: the document's stated totals differ from the sum of its state rows by 0.01 lakh (Rs 1,000) in 2009-10 and 2010-11 -- a rounding artifact in the source. In 2011-12 the stated total exceeds the sum of included state rows by Rs 489.15 lakh, which per the document's own arithmetic is the excluded Andaman & Nicobar row."
Andaman & Nicobar Islands,2009-10,received,107235000.00,1072.35,lakh,12,"Lok Sabha Unstarred Question No. 328, 'Funds to NGOs', answered 06.08.2013 (Ministry of Home Affairs, Shri Mullappally Ramachandran)",https://xn--i1b5bzbybhfo5c8b4bxh.xn--11b7cb3a6a.xn--h2brj9c/MHA1/Par2017/pdfs/par2013-pdfs/ls-060813/328.pdf,Annexure-I: Statewise FC received during 2009-10,2026-09-23,"State-wise FC received, Rs in Lakhs. 2011-12 flagged in the document itself as 'some more data is still under compilation'. Source-arithmetic note: the document's stated totals differ from the sum of its state rows by 0.01 lakh (Rs 1,000) in 2009-10 and 2010-11 -- a rounding artifact in the source. In 2011-12 the stated total exceeds the sum of included state rows by Rs 489.15 lakh, which per the document's own arithmetic is the excluded Andaman & Nicobar row."
Chandigarh,2009-10,received,91285000.00,912.85,lakh,42,"Lok Sabha Unstarred Question No. 328, 'Funds to NGOs', answered 06.08.2013 (Ministry of Home Affairs, Shri Mullappally Ramachandran)",https://xn--i1b5bzbybhfo5c8b4bxh.xn--11b7cb3a6a.xn--h2brj9c/MHA1/Par2017/pdfs/par2013-pdfs/ls-060813/328.pdf,Annexure-I: Statewise FC received during 2009-10,2026-09-23,"State-wise FC received, Rs in Lakhs. 2011-12 flagged in the document itself as 'some more data is still under compilation'. Source-arithmetic note: the document's stated totals differ from the sum of its state rows by 0.01 lakh (Rs 1,000) in 2009-10 and 2010-11 -- a rounding artifact in the source. In 2011-12 the stated total exceeds the sum of included state rows by Rs 489.15 lakh, which per the document's own arithmetic is the excluded Andaman & Nicobar row."
Arunachal Pradesh,2009-10,received,90414000.00,904.14,lakh,24,"Lok Sabha Unstarred Question No. 328, 'Funds to NGOs', answered 06.08.2013 (Ministry of Home Affairs, Shri Mullappally Ramachandran)",https://xn--i1b5bzbybhfo5c8b4bxh.xn--11b7cb3a6a.xn--h2brj9c/MHA1/Par2017/pdfs/par2013-pdfs/ls-060813/328.pdf,Annexure-I: Statewise FC received during 2009-10,2026-09-23,"State-wise FC received, Rs in Lakhs. 2011-12 flagged in the document itself as 'some more data is still under compilation'. Source-arithmetic note: the document's stated totals differ from the sum of its state rows by 0.01 lakh (Rs 1,000) in 2009-10 and 2010-11 -- a rounding artifact in the source. In 2011-12 the stated total exceeds the sum of included state rows by Rs 489.15 lakh, which per the document's own arithmetic is the excluded Andaman & Nicobar row."
Mizoram,2009-10,received,83843000.00,838.43,lakh,34,"Lok Sabha Unstarred Question No. 328, 'Funds to NGOs', answered 06.08.2013 (Ministry of Home Affairs, Shri Mullappally Ramachandran)",https://xn--i1b5bzbybhfo5c8b4bxh.xn--11b7cb3a6a.xn--h2brj9c/MHA1/Par2017/pdfs/par2013-pdfs/ls-060813/328.pdf,Annexure-I: Statewise FC received during 2009-10,2026-09-23,"State-wise FC received, Rs in Lakhs. 2011-12 flagged in the document itself as 'some more data is still under compilation'. Source-arithmetic note: the document's stated totals differ from the sum of its state rows by 0.01 lakh (Rs 1,000) in 2009-10 and 2010-11 -- a rounding artifact in the source. In 2011-12 the stated total exceeds the sum of included state rows by Rs 489.15 lakh, which per the document's own arithmetic is the excluded Andaman & Nicobar row."
Tripura,2009-10,received,72421000.00,724.21,lakh,33,"Lok Sabha Unstarred Question No. 328, 'Funds to NGOs', answered 06.08.2013 (Ministry of Home Affairs, Shri Mullappally Ramachandran)",https://xn--i1b5bzbybhfo5c8b4bxh.xn--11b7cb3a6a.xn--h2brj9c/MHA1/Par2017/pdfs/par2013-pdfs/ls-060813/328.pdf,Annexure-I: Statewise FC received during 2009-10,2026-09-23,"State-wise FC received, Rs in Lakhs. 2011-12 flagged in the document itself as 'some more data is still under compilation'. Source-arithmetic note: the document's stated totals differ from the sum of its state rows by 0.01 lakh (Rs 1,000) in 2009-10 and 2010-11 -- a rounding artifact in the source. In 2011-12 the stated total exceeds the sum of included state rows by Rs 489.15 lakh, which per the document's own arithmetic is the excluded Andaman & Nicobar row."
Sikkim,2009-10,received,31123000.00,311.23,lakh,8,"Lok Sabha Unstarred Question No. 328, 'Funds to NGOs', answered 06.08.2013 (Ministry of Home Affairs, Shri Mullappally Ramachandran)",https://xn--i1b5bzbybhfo5c8b4bxh.xn--11b7cb3a6a.xn--h2brj9c/MHA1/Par2017/pdfs/par2013-pdfs/ls-060813/328.pdf,Annexure-I: Statewise FC received during 2009-10,2026-09-23,"State-wise FC received, Rs in Lakhs. 2011-12 flagged in the document itself as 'some more data is still under compilation'. Source-arithmetic note: the document's stated totals differ from the sum of its state rows by 0.01 lakh (Rs 1,000) in 2009-10 and 2010-11 -- a rounding artifact in the source. In 2011-12 the stated total exceeds the sum of included state rows by Rs 489.15 lakh, which per the document's own arithmetic is the excluded Andaman & Nicobar row."
Dadra & Nagar Haveli,2009-10,received,10926000.00,109.26,lakh,14,"Lok Sabha Unstarred Question No. 328, 'Funds to NGOs', answered 06.08.2013 (Ministry of Home Affairs, Shri Mullappally Ramachandran)",https://xn--i1b5bzbybhfo5c8b4bxh.xn--11b7cb3a6a.xn--h2brj9c/MHA1/Par2017/pdfs/par2013-pdfs/ls-060813/328.pdf,Annexure-I: Statewise FC received during 2009-10,2026-09-23,"State-wise FC received, Rs in Lakhs. 2011-12 flagged in the document itself as 'some more data is still under compilation'. Source-arithmetic note: the document's stated totals differ from the sum of its state rows by 0.01 lakh (Rs 1,000) in 2009-10 and 2010-11 -- a rounding artifact in the source. In 2011-12 the stated total exceeds the sum of included state rows by Rs 489.15 lakh, which per the document's own arithmetic is the excluded Andaman & Nicobar row."
ALL-INDIA,2009-10,received,104352209000.00,1043522.09,lakh,22401,"Lok Sabha Unstarred Question No. 328, 'Funds to NGOs', answered 06.08.2013 (Ministry of Home Affairs, Shri Mullappally Ramachandran)",https://xn--i1b5bzbybhfo5c8b4bxh.xn--11b7cb3a6a.xn--h2brj9c/MHA1/Par2017/pdfs/par2013-pdfs/ls-060813/328.pdf,Answer table: Year / No. of NGOs / Total amount of foreign contribution received (Rs in Lakhs),2026-09-23,"State-wise FC received, Rs in Lakhs. 2011-12 flagged in the document itself as 'some more data is still under compilation'. Source-arithmetic note: the document's stated totals differ from the sum of its state rows by 0.01 lakh (Rs 1,000) in 2009-10 and 2010-11 -- a rounding artifact in the source. In 2011-12 the stated total exceeds the sum of included state rows by Rs 489.15 lakh, which per the document's own arithmetic is the excluded Andaman & Nicobar row."
Delhi,2010-11,received,20172978000.00,201729.78,lakh,1453,"Lok Sabha Unstarred Question No. 328, 'Funds to NGOs', answered 06.08.2013 (Ministry of Home Affairs, Shri Mullappally Ramachandran)",https://xn--i1b5bzbybhfo5c8b4bxh.xn--11b7cb3a6a.xn--h2brj9c/MHA1/Par2017/pdfs/par2013-pdfs/ls-060813/328.pdf,Annexure-II: Statewise FC received during 2010-11,2026-09-23,"State-wise FC received, Rs in Lakhs. 2011-12 flagged in the document itself as 'some more data is still under compilation'. Source-arithmetic note: the document's stated totals differ from the sum of its state rows by 0.01 lakh (Rs 1,000) in 2009-10 and 2010-11 -- a rounding artifact in the source. In 2011-12 the stated total exceeds the sum of included state rows by Rs 489.15 lakh, which per the document's own arithmetic is the excluded Andaman & Nicobar row."
Tamil Nadu,2010-11,received,15585733000.00,155857.33,lakh,3419,"Lok Sabha Unstarred Question No. 328, 'Funds to NGOs', answered 06.08.2013 (Ministry of Home Affairs, Shri Mullappally Ramachandran)",https://xn--i1b5bzbybhfo5c8b4bxh.xn--11b7cb3a6a.xn--h2brj9c/MHA1/Par2017/pdfs/par2013-pdfs/ls-060813/328.pdf,Annexure-II: Statewise FC received during 2010-11,2026-09-23,"State-wise FC received, Rs in Lakhs. 2011-12 flagged in the document itself as 'some more data is still under compilation'. Source-arithmetic note: the document's stated totals differ from the sum of its state rows by 0.01 lakh (Rs 1,000) in 2009-10 and 2010-11 -- a rounding artifact in the source. In 2011-12 the stated total exceeds the sum of included state rows by Rs 489.15 lakh, which per the document's own arithmetic is the excluded Andaman & Nicobar row."
Andhra Pradesh,2010-11,received,11790095000.00,117900.95,lakh,2710,"Lok Sabha Unstarred Question No. 328, 'Funds to NGOs', answered 06.08.2013 (Ministry of Home Affairs, Shri Mullappally Ramachandran)",https://xn--i1b5bzbybhfo5c8b4bxh.xn--11b7cb3a6a.xn--h2brj9c/MHA1/Par2017/pdfs/par2013-pdfs/ls-060813/328.pdf,Annexure-II: Statewise FC received during 2010-11,2026-09-23,"State-wise FC received, Rs in Lakhs. 2011-12 flagged in the document itself as 'some more data is still under compilation'. Source-arithmetic note: the document's stated totals differ from the sum of its state rows by 0.01 lakh (Rs 1,000) in 2009-10 and 2010-11 -- a rounding artifact in the source. In 2011-12 the stated total exceeds the sum of included state rows by Rs 489.15 lakh, which per the document's own arithmetic is the excluded Andaman & Nicobar row."
Karnataka,2010-11,received,10015804000.00,100158.04,lakh,1637,"Lok Sabha Unstarred Question No. 328, 'Funds to NGOs', answered 06.08.2013 (Ministry of Home Affairs, Shri Mullappally Ramachandran)",https://xn--i1b5bzbybhfo5c8b4bxh.xn--11b7cb3a6a.xn--h2brj9c/MHA1/Par2017/pdfs/par2013-pdfs/ls-060813/328.pdf,Annexure-II: Statewise FC received during 2010-11,2026-09-23,"State-wise FC received, Rs in Lakhs. 2011-12 flagged in the document itself as 'some more data is still under compilation'. Source-arithmetic note: the document's stated totals differ from the sum of its state rows by 0.01 lakh (Rs 1,000) in 2009-10 and 2010-11 -- a rounding artifact in the source. In 2011-12 the stated total exceeds the sum of included state rows by Rs 489.15 lakh, which per the document's own arithmetic is the excluded Andaman & Nicobar row."
Maharashtra,2010-11,received,9153563000.00,91535.63,lakh,2094,"Lok Sabha Unstarred Question No. 328, 'Funds to NGOs', answered 06.08.2013 (Ministry of Home Affairs, Shri Mullappally Ramachandran)",https://xn--i1b5bzbybhfo5c8b4bxh.xn--11b7cb3a6a.xn--h2brj9c/MHA1/Par2017/pdfs/par2013-pdfs/ls-060813/328.pdf,Annexure-II: Statewise FC received during 2010-11,2026-09-23,"State-wise FC received, Rs in Lakhs. 2011-12 flagged in the document itself as 'some more data is still under compilation'. Source-arithmetic note: the document's stated totals differ from the sum of its state rows by 0.01 lakh (Rs 1,000) in 2009-10 and 2010-11 -- a rounding artifact in the source. In 2011-12 the stated total exceeds the sum of included state rows by Rs 489.15 lakh, which per the document's own arithmetic is the excluded Andaman & Nicobar row."
Kerala,2010-11,received,8734184000.00,87341.84,lakh,1662,"Lok Sabha Unstarred Question No. 328, 'Funds to NGOs', answered 06.08.2013 (Ministry of Home Affairs, Shri Mullappally Ramachandran)",https://xn--i1b5bzbybhfo5c8b4bxh.xn--11b7cb3a6a.xn--h2brj9c/MHA1/Par2017/pdfs/par2013-pdfs/ls-060813/328.pdf,Annexure-II: Statewise FC received during 2010-11,2026-09-23,"State-wise FC received, Rs in Lakhs. 2011-12 flagged in the document itself as 'some more data is still under compilation'. Source-arithmetic note: the document's stated totals differ from the sum of its state rows by 0.01 lakh (Rs 1,000) in 2009-10 and 2010-11 -- a rounding artifact in the source. In 2011-12 the stated total exceeds the sum of included state rows by Rs 489.15 lakh, which per the document's own arithmetic is the excluded Andaman & Nicobar row."
West Bengal,2010-11,received,6517207000.00,65172.07,lakh,2032,"Lok Sabha Unstarred Question No. 328, 'Funds to NGOs', answered 06.08.2013 (Ministry of Home Affairs, Shri Mullappally Ramachandran)",https://xn--i1b5bzbybhfo5c8b4bxh.xn--11b7cb3a6a.xn--h2brj9c/MHA1/Par2017/pdfs/par2013-pdfs/ls-060813/328.pdf,Annexure-II: Statewise FC received during 2010-11,2026-09-23,"State-wise FC received, Rs in Lakhs. 2011-12 flagged in the document itself as 'some more data is still under compilation'. Source-arithmetic note: the document's stated totals differ from the sum of its state rows by 0.01 lakh (Rs 1,000) in 2009-10 and 2010-11 -- a rounding artifact in the source. In 2011-12 the stated total exceeds the sum of included state rows by Rs 489.15 lakh, which per the document's own arithmetic is the excluded Andaman & Nicobar row."
Gujarat,2010-11,received,3637812000.00,36378.12,lakh,1149,"Lok Sabha Unstarred Question No. 328, 'Funds to NGOs', answered 06.08.2013 (Ministry of Home Affairs, Shri Mullappally Ramachandran)",https://xn--i1b5bzbybhfo5c8b4bxh.xn--11b7cb3a6a.xn--h2brj9c/MHA1/Par2017/pdfs/par2013-pdfs/ls-060813/328.pdf,Annexure-II: Statewise FC received during 2010-11,2026-09-23,"State-wise FC received, Rs in Lakhs. 2011-12 flagged in the document itself as 'some more data is still under compilation'. Source-arithmetic note: the document's stated totals differ from the sum of its state rows by 0.01 lakh (Rs 1,000) in 2009-10 and 2010-11 -- a rounding artifact in the source. In 2011-12 the stated total exceeds the sum of included state rows by Rs 489.15 lakh, which per the document's own arithmetic is the excluded Andaman & Nicobar row."
Uttar Pradesh,2010-11,received,2574086000.00,25740.86,lakh,1235,"Lok Sabha Unstarred Question No. 328, 'Funds to NGOs', answered 06.08.2013 (Ministry of Home Affairs, Shri Mullappally Ramachandran)",https://xn--i1b5bzbybhfo5c8b4bxh.xn--11b7cb3a6a.xn--h2brj9c/MHA1/Par2017/pdfs/par2013-pdfs/ls-060813/328.pdf,Annexure-II: Statewise FC received during 2010-11,2026-09-23,"State-wise FC received, Rs in Lakhs. 2011-12 flagged in the document itself as 'some more data is still under compilation'. Source-arithmetic note: the document's stated totals differ from the sum of its state rows by 0.01 lakh (Rs 1,000) in 2009-10 and 2010-11 -- a rounding artifact in the source. In 2011-12 the stated total exceeds the sum of included state rows by Rs 489.15 lakh, which per the document's own arithmetic is the excluded Andaman & Nicobar row."
Orissa,2010-11,received,2123694000.00,21236.94,lakh,1322,"Lok Sabha Unstarred Question No. 328, 'Funds to NGOs', answered 06.08.2013 (Ministry of Home Affairs, Shri Mullappally Ramachandran)",https://xn--i1b5bzbybhfo5c8b4bxh.xn--11b7cb3a6a.xn--h2brj9c/MHA1/Par2017/pdfs/par2013-pdfs/ls-060813/328.pdf,Annexure-II: Statewise FC received during 2010-11,2026-09-23,"State-wise FC received, Rs in Lakhs. 2011-12 flagged in the document itself as 'some more data is still under compilation'. Source-arithmetic note: the document's stated totals differ from the sum of its state rows by 0.01 lakh (Rs 1,000) in 2009-10 and 2010-11 -- a rounding artifact in the source. In 2011-12 the stated total exceeds the sum of included state rows by Rs 489.15 lakh, which per the document's own arithmetic is the excluded Andaman & Nicobar row."
Madhya Pradesh,2010-11,received,1456496000.00,14564.96,lakh,467,"Lok Sabha Unstarred Question No. 328, 'Funds to NGOs', answered 06.08.2013 (Ministry of Home Affairs, Shri Mullappally Ramachandran)",https://xn--i1b5bzbybhfo5c8b4bxh.xn--11b7cb3a6a.xn--h2brj9c/MHA1/Par2017/pdfs/par2013-pdfs/ls-060813/328.pdf,Annexure-II: Statewise FC received during 2010-11,2026-09-23,"State-wise FC received, Rs in Lakhs. 2011-12 flagged in the document itself as 'some more data is still under compilation'. Source-arithmetic note: the document's stated totals differ from the sum of its state rows by 0.01 lakh (Rs 1,000) in 2009-10 and 2010-11 -- a rounding artifact in the source. In 2011-12 the stated total exceeds the sum of included state rows by Rs 489.15 lakh, which per the document's own arithmetic is the excluded Andaman & Nicobar row."
Bihar,2010-11,received,1441093000.00,14410.93,lakh,838,"Lok Sabha Unstarred Question No. 328, 'Funds to NGOs', answered 06.08.2013 (Ministry of Home Affairs, Shri Mullappally Ramachandran)",https://xn--i1b5bzbybhfo5c8b4bxh.xn--11b7cb3a6a.xn--h2brj9c/MHA1/Par2017/pdfs/par2013-pdfs/ls-060813/328.pdf,Annexure-II: Statewise FC received during 2010-11,2026-09-23,"State-wise FC received, Rs in Lakhs. 2011-12 flagged in the document itself as 'some more data is still under compilation'. Source-arithmetic note: the document's stated totals differ from the sum of its state rows by 0.01 lakh (Rs 1,000) in 2009-10 and 2010-11 -- a rounding artifact in the source. In 2011-12 the stated total exceeds the sum of included state rows by Rs 489.15 lakh, which per the document's own arithmetic is the excluded Andaman & Nicobar row."
Rajasthan,2010-11,received,1413346000.00,14133.46,lakh,431,"Lok Sabha Unstarred Question No. 328, 'Funds to NGOs', answered 06.08.2013 (Ministry of Home Affairs, Shri Mullappally Ramachandran)",https://xn--i1b5bzbybhfo5c8b4bxh.xn--11b7cb3a6a.xn--h2brj9c/MHA1/Par2017/pdfs/par2013-pdfs/ls-060813/328.pdf,Annexure-II: Statewise FC received during 2010-11,2026-09-23,"State-wise FC received, Rs in Lakhs. 2011-12 flagged in the document itself as 'some more data is still under compilation'. Source-arithmetic note: the document's stated totals differ from the sum of its state rows by 0.01 lakh (Rs 1,000) in 2009-10 and 2010-11 -- a rounding artifact in the source. In 2011-12 the stated total exceeds the sum of included state rows by Rs 489.15 lakh, which per the document's own arithmetic is the excluded Andaman & Nicobar row."
Jharkhand,2010-11,received,1346299000.00,13462.99,lakh,454,"Lok Sabha Unstarred Question No. 328, 'Funds to NGOs', answered 06.08.2013 (Ministry of Home Affairs, Shri Mullappally Ramachandran)",https://xn--i1b5bzbybhfo5c8b4bxh.xn--11b7cb3a6a.xn--h2brj9c/MHA1/Par2017/pdfs/par2013-pdfs/ls-060813/328.pdf,Annexure-II: Statewise FC received during 2010-11,2026-09-23,"State-wise FC received, Rs in Lakhs. 2011-12 flagged in the document itself as 'some more data is still under compilation'. Source-arithmetic note: the document's stated totals differ from the sum of its state rows by 0.01 lakh (Rs 1,000) in 2009-10 and 2010-11 -- a rounding artifact in the source. In 2011-12 the stated total exceeds the sum of included state rows by Rs 489.15 lakh, which per the document's own arithmetic is the excluded Andaman & Nicobar row."
Himachal Pradesh,2010-11,received,1287461000.00,12874.61,lakh,106,"Lok Sabha Unstarred Question No. 328, 'Funds to NGOs', answered 06.08.2013 (Ministry of Home Affairs, Shri Mullappally Ramachandran)",https://xn--i1b5bzbybhfo5c8b4bxh.xn--11b7cb3a6a.xn--h2brj9c/MHA1/Par2017/pdfs/par2013-pdfs/ls-060813/328.pdf,Annexure-II: Statewise FC received during 2010-11,2026-09-23,"State-wise FC received, Rs in Lakhs. 2011-12 flagged in the document itself as 'some more data is still under compilation'. Source-arithmetic note: the document's stated totals differ from the sum of its state rows by 0.01 lakh (Rs 1,000) in 2009-10 and 2010-11 -- a rounding artifact in the source. In 2011-12 the stated total exceeds the sum of included state rows by Rs 489.15 lakh, which per the document's own arithmetic is the excluded Andaman & Nicobar row."
Uttarakhand,2010-11,received,1167190000.00,11671.90,lakh,282,"Lok Sabha Unstarred Question No. 328, 'Funds to NGOs', answered 06.08.2013 (Ministry of Home Affairs, Shri Mullappally Ramachandran)",https://xn--i1b5bzbybhfo5c8b4bxh.xn--11b7cb3a6a.xn--h2brj9c/MHA1/Par2017/pdfs/par2013-pdfs/ls-060813/328.pdf,Annexure-II: Statewise FC received during 2010-11,2026-09-23,"State-wise FC received, Rs in Lakhs. 2011-12 flagged in the document itself as 'some more data is still under compilation'. Source-arithmetic note: the document's stated totals differ from the sum of its state rows by 0.01 lakh (Rs 1,000) in 2009-10 and 2010-11 -- a rounding artifact in the source. In 2011-12 the stated total exceeds the sum of included state rows by Rs 489.15 lakh, which per the document's own arithmetic is the excluded Andaman & Nicobar row."
Punjab,2010-11,received,872366000.00,8723.66,lakh,125,"Lok Sabha Unstarred Question No. 328, 'Funds to NGOs', answered 06.08.2013 (Ministry of Home Affairs, Shri Mullappally Ramachandran)",https://xn--i1b5bzbybhfo5c8b4bxh.xn--11b7cb3a6a.xn--h2brj9c/MHA1/Par2017/pdfs/par2013-pdfs/ls-060813/328.pdf,Annexure-II: Statewise FC received during 2010-11,2026-09-23,"State-wise FC received, Rs in Lakhs. 2011-12 flagged in the document itself as 'some more data is still under compilation'. Source-arithmetic note: the document's stated totals differ from the sum of its state rows by 0.01 lakh (Rs 1,000) in 2009-10 and 2010-11 -- a rounding artifact in the source. In 2011-12 the stated total exceeds the sum of included state rows by Rs 489.15 lakh, which per the document's own arithmetic is the excluded Andaman & Nicobar row."
Assam,2010-11,received,862707000.00,8627.07,lakh,254,"Lok Sabha Unstarred Question No. 328, 'Funds to NGOs', answered 06.08.2013 (Ministry of Home Affairs, Shri Mullappally Ramachandran)",https://xn--i1b5bzbybhfo5c8b4bxh.xn--11b7cb3a6a.xn--h2brj9c/MHA1/Par2017/pdfs/par2013-pdfs/ls-060813/328.pdf,Annexure-II: Statewise FC received during 2010-11,2026-09-23,"State-wise FC received, Rs in Lakhs. 2011-12 flagged in the document itself as 'some more data is still under compilation'. Source-arithmetic note: the document's stated totals differ from the sum of its state rows by 0.01 lakh (Rs 1,000) in 2009-10 and 2010-11 -- a rounding artifact in the source. In 2011-12 the stated total exceeds the sum of included state rows by Rs 489.15 lakh, which per the document's own arithmetic is the excluded Andaman & Nicobar row."
Chhattisgarh,2010-11,received,572455000.00,5724.55,lakh,230,"Lok Sabha Unstarred Question No. 328, 'Funds to NGOs', answered 06.08.2013 (Ministry of Home Affairs, Shri Mullappally Ramachandran)",https://xn--i1b5bzbybhfo5c8b4bxh.xn--11b7cb3a6a.xn--h2brj9c/MHA1/Par2017/pdfs/par2013-pdfs/ls-060813/328.pdf,Annexure-II: Statewise FC received during 2010-11,2026-09-23,"State-wise FC received, Rs in Lakhs. 2011-12 flagged in the document itself as 'some more data is still under compilation'. Source-arithmetic note: the document's stated totals differ from the sum of its state rows by 0.01 lakh (Rs 1,000) in 2009-10 and 2010-11 -- a rounding artifact in the source. In 2011-12 the stated total exceeds the sum of included state rows by Rs 489.15 lakh, which per the document's own arithmetic is the excluded Andaman & Nicobar row."
Manipur,2010-11,received,468344000.00,4683.44,lakh,322,"Lok Sabha Unstarred Question No. 328, 'Funds to NGOs', answered 06.08.2013 (Ministry of Home Affairs, Shri Mullappally Ramachandran)",https://xn--i1b5bzbybhfo5c8b4bxh.xn--11b7cb3a6a.xn--h2brj9c/MHA1/Par2017/pdfs/par2013-pdfs/ls-060813/328.pdf,Annexure-II: Statewise FC received during 2010-11,2026-09-23,"State-wise FC received, Rs in Lakhs. 2011-12 flagged in the document itself as 'some more data is still under compilation'. Source-arithmetic note: the document's stated totals differ from the sum of its state rows by 0.01 lakh (Rs 1,000) in 2009-10 and 2010-11 -- a rounding artifact in the source. In 2011-12 the stated total exceeds the sum of included state rows by Rs 489.15 lakh, which per the document's own arithmetic is the excluded Andaman & Nicobar row."
Meghalaya,2010-11,received,407067000.00,4070.67,lakh,126,"Lok Sabha Unstarred Question No. 328, 'Funds to NGOs', answered 06.08.2013 (Ministry of Home Affairs, Shri Mullappally Ramachandran)",https://xn--i1b5bzbybhfo5c8b4bxh.xn--11b7cb3a6a.xn--h2brj9c/MHA1/Par2017/pdfs/par2013-pdfs/ls-060813/328.pdf,Annexure-II: Statewise FC received during 2010-11,2026-09-23,"State-wise FC received, Rs in Lakhs. 2011-12 flagged in the document itself as 'some more data is still under compilation'. Source-arithmetic note: the document's stated totals differ from the sum of its state rows by 0.01 lakh (Rs 1,000) in 2009-10 and 2010-11 -- a rounding artifact in the source. In 2011-12 the stated total exceeds the sum of included state rows by Rs 489.15 lakh, which per the document's own arithmetic is the excluded Andaman & Nicobar row."
Jammu & Kashmir,2010-11,received,385663000.00,3856.63,lakh,93,"Lok Sabha Unstarred Question No. 328, 'Funds to NGOs', answered 06.08.2013 (Ministry of Home Affairs, Shri Mullappally Ramachandran)",https://xn--i1b5bzbybhfo5c8b4bxh.xn--11b7cb3a6a.xn--h2brj9c/MHA1/Par2017/pdfs/par2013-pdfs/ls-060813/328.pdf,Annexure-II: Statewise FC received during 2010-11,2026-09-23,"State-wise FC received, Rs in Lakhs. 2011-12 flagged in the document itself as 'some more data is still under compilation'. Source-arithmetic note: the document's stated totals differ from the sum of its state rows by 0.01 lakh (Rs 1,000) in 2009-10 and 2010-11 -- a rounding artifact in the source. In 2011-12 the stated total exceeds the sum of included state rows by Rs 489.15 lakh, which per the document's own arithmetic is the excluded Andaman & Nicobar row."
Pondicherry,2010-11,received,305261000.00,3052.61,lakh,80,"Lok Sabha Unstarred Question No. 328, 'Funds to NGOs', answered 06.08.2013 (Ministry of Home Affairs, Shri Mullappally Ramachandran)",https://xn--i1b5bzbybhfo5c8b4bxh.xn--11b7cb3a6a.xn--h2brj9c/MHA1/Par2017/pdfs/par2013-pdfs/ls-060813/328.pdf,Annexure-II: Statewise FC received during 2010-11,2026-09-23,"State-wise FC received, Rs in Lakhs. 2011-12 flagged in the document itself as 'some more data is still under compilation'. Source-arithmetic note: the document's stated totals differ from the sum of its state rows by 0.01 lakh (Rs 1,000) in 2009-10 and 2010-11 -- a rounding artifact in the source. In 2011-12 the stated total exceeds the sum of included state rows by Rs 489.15 lakh, which per the document's own arithmetic is the excluded Andaman & Nicobar row."
Nagaland,2010-11,received,238168000.00,2381.68,lakh,96,"Lok Sabha Unstarred Question No. 328, 'Funds to NGOs', answered 06.08.2013 (Ministry of Home Affairs, Shri Mullappally Ramachandran)",https://xn--i1b5bzbybhfo5c8b4bxh.xn--11b7cb3a6a.xn--h2brj9c/MHA1/Par2017/pdfs/par2013-pdfs/ls-060813/328.pdf,Annexure-II: Statewise FC received during 2010-11,2026-09-23,"State-wise FC received, Rs in Lakhs. 2011-12 flagged in the document itself as 'some more data is still under compilation'. Source-arithmetic note: the document's stated totals differ from the sum of its state rows by 0.01 lakh (Rs 1,000) in 2009-10 and 2010-11 -- a rounding artifact in the source. In 2011-12 the stated total exceeds the sum of included state rows by Rs 489.15 lakh, which per the document's own arithmetic is the excluded Andaman & Nicobar row."
Haryana,2010-11,received,223020000.00,2230.20,lakh,119,"Lok Sabha Unstarred Question No. 328, 'Funds to NGOs', answered 06.08.2013 (Ministry of Home Affairs, Shri Mullappally Ramachandran)",https://xn--i1b5bzbybhfo5c8b4bxh.xn--11b7cb3a6a.xn--h2brj9c/MHA1/Par2017/pdfs/par2013-pdfs/ls-060813/328.pdf,Annexure-II: Statewise FC received during 2010-11,2026-09-23,"State-wise FC received, Rs in Lakhs. 2011-12 flagged in the document itself as 'some more data is still under compilation'. Source-arithmetic note: the document's stated totals differ from the sum of its state rows by 0.01 lakh (Rs 1,000) in 2009-10 and 2010-11 -- a rounding artifact in the source. In 2011-12 the stated total exceeds the sum of included state rows by Rs 489.15 lakh, which per the document's own arithmetic is the excluded Andaman & Nicobar row."
Goa,2010-11,received,187496000.00,1874.96,lakh,101,"Lok Sabha Unstarred Question No. 328, 'Funds to NGOs', answered 06.08.2013 (Ministry of Home Affairs, Shri Mullappally Ramachandran)",https://xn--i1b5bzbybhfo5c8b4bxh.xn--11b7cb3a6a.xn--h2brj9c/MHA1/Par2017/pdfs/par2013-pdfs/ls-060813/328.pdf,Annexure-II: Statewise FC received during 2010-11,2026-09-23,"State-wise FC received, Rs in Lakhs. 2011-12 flagged in the document itself as 'some more data is still under compilation'. Source-arithmetic note: the document's stated totals differ from the sum of its state rows by 0.01 lakh (Rs 1,000) in 2009-10 and 2010-11 -- a rounding artifact in the source. In 2011-12 the stated total exceeds the sum of included state rows by Rs 489.15 lakh, which per the document's own arithmetic is the excluded Andaman & Nicobar row."
Chandigarh,2010-11,received,127864000.00,1278.64,lakh,47,"Lok Sabha Unstarred Question No. 328, 'Funds to NGOs', answered 06.08.2013 (Ministry of Home Affairs, Shri Mullappally Ramachandran)",https://xn--i1b5bzbybhfo5c8b4bxh.xn--11b7cb3a6a.xn--h2brj9c/MHA1/Par2017/pdfs/par2013-pdfs/ls-060813/328.pdf,Annexure-II: Statewise FC received during 2010-11,2026-09-23,"State-wise FC received, Rs in Lakhs. 2011-12 flagged in the document itself as 'some more data is still under compilation'. Source-arithmetic note: the document's stated totals differ from the sum of its state rows by 0.01 lakh (Rs 1,000) in 2009-10 and 2010-11 -- a rounding artifact in the source. In 2011-12 the stated total exceeds the sum of included state rows by Rs 489.15 lakh, which per the document's own arithmetic is the excluded Andaman & Nicobar row."
Arunachal Pradesh,2010-11,received,99655000.00,996.55,lakh,21,"Lok Sabha Unstarred Question No. 328, 'Funds to NGOs', answered 06.08.2013 (Ministry of Home Affairs, Shri Mullappally Ramachandran)",https://xn--i1b5bzbybhfo5c8b4bxh.xn--11b7cb3a6a.xn--h2brj9c/MHA1/Par2017/pdfs/par2013-pdfs/ls-060813/328.pdf,Annexure-II: Statewise FC received during 2010-11,2026-09-23,"State-wise FC received, Rs in Lakhs. 2011-12 flagged in the document itself as 'some more data is still under compilation'. Source-arithmetic note: the document's stated totals differ from the sum of its state rows by 0.01 lakh (Rs 1,000) in 2009-10 and 2010-11 -- a rounding artifact in the source. In 2011-12 the stated total exceeds the sum of included state rows by Rs 489.15 lakh, which per the document's own arithmetic is the excluded Andaman & Nicobar row."
Tripura,2010-11,received,74913000.00,749.13,lakh,24,"Lok Sabha Unstarred Question No. 328, 'Funds to NGOs', answered 06.08.2013 (Ministry of Home Affairs, Shri Mullappally Ramachandran)",https://xn--i1b5bzbybhfo5c8b4bxh.xn--11b7cb3a6a.xn--h2brj9c/MHA1/Par2017/pdfs/par2013-pdfs/ls-060813/328.pdf,Annexure-II: Statewise FC received during 2010-11,2026-09-23,"State-wise FC received, Rs in Lakhs. 2011-12 flagged in the document itself as 'some more data is still under compilation'. Source-arithmetic note: the document's stated totals differ from the sum of its state rows by 0.01 lakh (Rs 1,000) in 2009-10 and 2010-11 -- a rounding artifact in the source. In 2011-12 the stated total exceeds the sum of included state rows by Rs 489.15 lakh, which per the document's own arithmetic is the excluded Andaman & Nicobar row."
Sikkim,2010-11,received,64161000.00,641.61,lakh,10,"Lok Sabha Unstarred Question No. 328, 'Funds to NGOs', answered 06.08.2013 (Ministry of Home Affairs, Shri Mullappally Ramachandran)",https://xn--i1b5bzbybhfo5c8b4bxh.xn--11b7cb3a6a.xn--h2brj9c/MHA1/Par2017/pdfs/par2013-pdfs/ls-060813/328.pdf,Annexure-II: Statewise FC received during 2010-11,2026-09-23,"State-wise FC received, Rs in Lakhs. 2011-12 flagged in the document itself as 'some more data is still under compilation'. Source-arithmetic note: the document's stated totals differ from the sum of its state rows by 0.01 lakh (Rs 1,000) in 2009-10 and 2010-11 -- a rounding artifact in the source. In 2011-12 the stated total exceeds the sum of included state rows by Rs 489.15 lakh, which per the document's own arithmetic is the excluded Andaman & Nicobar row."
Andaman & Nicobar Islands,2010-11,received,62791000.00,627.91,lakh,12,"Lok Sabha Unstarred Question No. 328, 'Funds to NGOs', answered 06.08.2013 (Ministry of Home Affairs, Shri Mullappally Ramachandran)",https://xn--i1b5bzbybhfo5c8b4bxh.xn--11b7cb3a6a.xn--h2brj9c/MHA1/Par2017/pdfs/par2013-pdfs/ls-060813/328.pdf,Annexure-II: Statewise FC received during 2010-11,2026-09-23,"State-wise FC received, Rs in Lakhs. 2011-12 flagged in the document itself as 'some more data is still under compilation'. Source-arithmetic note: the document's stated totals differ from the sum of its state rows by 0.01 lakh (Rs 1,000) in 2009-10 and 2010-11 -- a rounding artifact in the source. In 2011-12 the stated total exceeds the sum of included state rows by Rs 489.15 lakh, which per the document's own arithmetic is the excluded Andaman & Nicobar row."
Mizoram,2010-11,received,50044000.00,500.44,lakh,30,"Lok Sabha Unstarred Question No. 328, 'Funds to NGOs', answered 06.08.2013 (Ministry of Home Affairs, Shri Mullappally Ramachandran)",https://xn--i1b5bzbybhfo5c8b4bxh.xn--11b7cb3a6a.xn--h2brj9c/MHA1/Par2017/pdfs/par2013-pdfs/ls-060813/328.pdf,Annexure-II: Statewise FC received during 2010-11,2026-09-23,"State-wise FC received, Rs in Lakhs. 2011-12 flagged in the document itself as 'some more data is still under compilation'. Source-arithmetic note: the document's stated totals differ from the sum of its state rows by 0.01 lakh (Rs 1,000) in 2009-10 and 2010-11 -- a rounding artifact in the source. In 2011-12 the stated total exceeds the sum of included state rows by Rs 489.15 lakh, which per the document's own arithmetic is the excluded Andaman & Nicobar row."
Dadra & Nagar Haveli,2010-11,received,16534000.00,165.34,lakh,11,"Lok Sabha Unstarred Question No. 328, 'Funds to NGOs', answered 06.08.2013 (Ministry of Home Affairs, Shri Mullappally Ramachandran)",https://xn--i1b5bzbybhfo5c8b4bxh.xn--11b7cb3a6a.xn--h2brj9c/MHA1/Par2017/pdfs/par2013-pdfs/ls-060813/328.pdf,Annexure-II: Statewise FC received during 2010-11,2026-09-23,"State-wise FC received, Rs in Lakhs. 2011-12 flagged in the document itself as 'some more data is still under compilation'. Source-arithmetic note: the document's stated totals differ from the sum of its state rows by 0.01 lakh (Rs 1,000) in 2009-10 and 2010-11 -- a rounding artifact in the source. In 2011-12 the stated total exceeds the sum of included state rows by Rs 489.15 lakh, which per the document's own arithmetic is the excluded Andaman & Nicobar row."
Daman & Diu,2010-11,received,294000.00,2.94,lakh,1,"Lok Sabha Unstarred Question No. 328, 'Funds to NGOs', answered 06.08.2013 (Ministry of Home Affairs, Shri Mullappally Ramachandran)",https://xn--i1b5bzbybhfo5c8b4bxh.xn--11b7cb3a6a.xn--h2brj9c/MHA1/Par2017/pdfs/par2013-pdfs/ls-060813/328.pdf,Annexure-II: Statewise FC received during 2010-11,2026-09-23,"State-wise FC received, Rs in Lakhs. 2011-12 flagged in the document itself as 'some more data is still under compilation'. Source-arithmetic note: the document's stated totals differ from the sum of its state rows by 0.01 lakh (Rs 1,000) in 2009-10 and 2010-11 -- a rounding artifact in the source. In 2011-12 the stated total exceeds the sum of included state rows by Rs 489.15 lakh, which per the document's own arithmetic is the excluded Andaman & Nicobar row."
ALL-INDIA,2010-11,received,103435843000.00,1034358.43,lakh,22993,"Lok Sabha Unstarred Question No. 328, 'Funds to NGOs', answered 06.08.2013 (Ministry of Home Affairs, Shri Mullappally Ramachandran)",https://xn--i1b5bzbybhfo5c8b4bxh.xn--11b7cb3a6a.xn--h2brj9c/MHA1/Par2017/pdfs/par2013-pdfs/ls-060813/328.pdf,Answer table: Year / No. of NGOs / Total amount of foreign contribution received (Rs in Lakhs),2026-09-23,"State-wise FC received, Rs in Lakhs. 2011-12 flagged in the document itself as 'some more data is still under compilation'. Source-arithmetic note: the document's stated totals differ from the sum of its state rows by 0.01 lakh (Rs 1,000) in 2009-10 and 2010-11 -- a rounding artifact in the source. In 2011-12 the stated total exceeds the sum of included state rows by Rs 489.15 lakh, which per the document's own arithmetic is the excluded Andaman & Nicobar row."
Delhi,2011-12,received,20675782000.00,206757.82,lakh,1417,"Lok Sabha Unstarred Question No. 328, 'Funds to NGOs', answered 06.08.2013 (Ministry of Home Affairs, Shri Mullappally Ramachandran)",https://xn--i1b5bzbybhfo5c8b4bxh.xn--11b7cb3a6a.xn--h2brj9c/MHA1/Par2017/pdfs/par2013-pdfs/ls-060813/328.pdf,Annexure-III: Statewise FC received during 2011-12,2026-09-23,"2011-12 data flagged in source as 'some more data is still under compilation'. State-wise FC received, Rs in Lakhs. 2011-12 flagged in the document itself as 'some more data is still under compilation'. Source-arithmetic note: the document's stated totals differ from the sum of its state rows by 0.01 lakh (Rs 1,000) in 2009-10 and 2010-11 -- a rounding artifact in the source. In 2011-12 the stated total exceeds the sum of included state rows by Rs 489.15 lakh, which per the document's own arithmetic is the excluded Andaman & Nicobar row."
Tamil Nadu,2011-12,received,15846863000.00,158468.63,lakh,3220,"Lok Sabha Unstarred Question No. 328, 'Funds to NGOs', answered 06.08.2013 (Ministry of Home Affairs, Shri Mullappally Ramachandran)",https://xn--i1b5bzbybhfo5c8b4bxh.xn--11b7cb3a6a.xn--h2brj9c/MHA1/Par2017/pdfs/par2013-pdfs/ls-060813/328.pdf,Annexure-III: Statewise FC received during 2011-12,2026-09-23,"2011-12 data flagged in source as 'some more data is still under compilation'. State-wise FC received, Rs in Lakhs. 2011-12 flagged in the document itself as 'some more data is still under compilation'. Source-arithmetic note: the document's stated totals differ from the sum of its state rows by 0.01 lakh (Rs 1,000) in 2009-10 and 2010-11 -- a rounding artifact in the source. In 2011-12 the stated total exceeds the sum of included state rows by Rs 489.15 lakh, which per the document's own arithmetic is the excluded Andaman & Nicobar row."
Andhra Pradesh,2011-12,received,11800211000.00,118002.11,lakh,2436,"Lok Sabha Unstarred Question No. 328, 'Funds to NGOs', answered 06.08.2013 (Ministry of Home Affairs, Shri Mullappally Ramachandran)",https://xn--i1b5bzbybhfo5c8b4bxh.xn--11b7cb3a6a.xn--h2brj9c/MHA1/Par2017/pdfs/par2013-pdfs/ls-060813/328.pdf,Annexure-III: Statewise FC received during 2011-12,2026-09-23,"2011-12 data flagged in source as 'some more data is still under compilation'. State-wise FC received, Rs in Lakhs. 2011-12 flagged in the document itself as 'some more data is still under compilation'. Source-arithmetic note: the document's stated totals differ from the sum of its state rows by 0.01 lakh (Rs 1,000) in 2009-10 and 2010-11 -- a rounding artifact in the source. In 2011-12 the stated total exceeds the sum of included state rows by Rs 489.15 lakh, which per the document's own arithmetic is the excluded Andaman & Nicobar row."
Karnataka,2011-12,received,10407360000.00,104073.60,lakh,1589,"Lok Sabha Unstarred Question No. 328, 'Funds to NGOs', answered 06.08.2013 (Ministry of Home Affairs, Shri Mullappally Ramachandran)",https://xn--i1b5bzbybhfo5c8b4bxh.xn--11b7cb3a6a.xn--h2brj9c/MHA1/Par2017/pdfs/par2013-pdfs/ls-060813/328.pdf,Annexure-III: Statewise FC received during 2011-12,2026-09-23,"2011-12 data flagged in source as 'some more data is still under compilation'. State-wise FC received, Rs in Lakhs. 2011-12 flagged in the document itself as 'some more data is still under compilation'. Source-arithmetic note: the document's stated totals differ from the sum of its state rows by 0.01 lakh (Rs 1,000) in 2009-10 and 2010-11 -- a rounding artifact in the source. In 2011-12 the stated total exceeds the sum of included state rows by Rs 489.15 lakh, which per the document's own arithmetic is the excluded Andaman & Nicobar row."
Maharashtra,2011-12,received,10331522000.00,103315.22,lakh,1942,"Lok Sabha Unstarred Question No. 328, 'Funds to NGOs', answered 06.08.2013 (Ministry of Home Affairs, Shri Mullappally Ramachandran)",https://xn--i1b5bzbybhfo5c8b4bxh.xn--11b7cb3a6a.xn--h2brj9c/MHA1/Par2017/pdfs/par2013-pdfs/ls-060813/328.pdf,Annexure-III: Statewise FC received during 2011-12,2026-09-23,"2011-12 data flagged in source as 'some more data is still under compilation'. State-wise FC received, Rs in Lakhs. 2011-12 flagged in the document itself as 'some more data is still under compilation'. Source-arithmetic note: the document's stated totals differ from the sum of its state rows by 0.01 lakh (Rs 1,000) in 2009-10 and 2010-11 -- a rounding artifact in the source. In 2011-12 the stated total exceeds the sum of included state rows by Rs 489.15 lakh, which per the document's own arithmetic is the excluded Andaman & Nicobar row."
Kerala,2011-12,received,8913572000.00,89135.72,lakh,1593,"Lok Sabha Unstarred Question No. 328, 'Funds to NGOs', answered 06.08.2013 (Ministry of Home Affairs, Shri Mullappally Ramachandran)",https://xn--i1b5bzbybhfo5c8b4bxh.xn--11b7cb3a6a.xn--h2brj9c/MHA1/Par2017/pdfs/par2013-pdfs/ls-060813/328.pdf,Annexure-III: Statewise FC received during 2011-12,2026-09-23,"2011-12 data flagged in source as 'some more data is still under compilation'. State-wise FC received, Rs in Lakhs. 2011-12 flagged in the document itself as 'some more data is still under compilation'. Source-arithmetic note: the document's stated totals differ from the sum of its state rows by 0.01 lakh (Rs 1,000) in 2009-10 and 2010-11 -- a rounding artifact in the source. In 2011-12 the stated total exceeds the sum of included state rows by Rs 489.15 lakh, which per the document's own arithmetic is the excluded Andaman & Nicobar row."
West Bengal,2011-12,received,7088348000.00,70883.48,lakh,2024,"Lok Sabha Unstarred Question No. 328, 'Funds to NGOs', answered 06.08.2013 (Ministry of Home Affairs, Shri Mullappally Ramachandran)",https://xn--i1b5bzbybhfo5c8b4bxh.xn--11b7cb3a6a.xn--h2brj9c/MHA1/Par2017/pdfs/par2013-pdfs/ls-060813/328.pdf,Annexure-III: Statewise FC received during 2011-12,2026-09-23,"2011-12 data flagged in source as 'some more data is still under compilation'. State-wise FC received, Rs in Lakhs. 2011-12 flagged in the document itself as 'some more data is still under compilation'. Source-arithmetic note: the document's stated totals differ from the sum of its state rows by 0.01 lakh (Rs 1,000) in 2009-10 and 2010-11 -- a rounding artifact in the source. In 2011-12 the stated total exceeds the sum of included state rows by Rs 489.15 lakh, which per the document's own arithmetic is the excluded Andaman & Nicobar row."
Gujarat,2011-12,received,3453243000.00,34532.43,lakh,1004,"Lok Sabha Unstarred Question No. 328, 'Funds to NGOs', answered 06.08.2013 (Ministry of Home Affairs, Shri Mullappally Ramachandran)",https://xn--i1b5bzbybhfo5c8b4bxh.xn--11b7cb3a6a.xn--h2brj9c/MHA1/Par2017/pdfs/par2013-pdfs/ls-060813/328.pdf,Annexure-III: Statewise FC received during 2011-12,2026-09-23,"2011-12 data flagged in source as 'some more data is still under compilation'. State-wise FC received, Rs in Lakhs. 2011-12 flagged in the document itself as 'some more data is still under compilation'. Source-arithmetic note: the document's stated totals differ from the sum of its state rows by 0.01 lakh (Rs 1,000) in 2009-10 and 2010-11 -- a rounding artifact in the source. In 2011-12 the stated total exceeds the sum of included state rows by Rs 489.15 lakh, which per the document's own arithmetic is the excluded Andaman & Nicobar row."
Orissa,2011-12,received,2240067000.00,22400.67,lakh,1291,"Lok Sabha Unstarred Question No. 328, 'Funds to NGOs', answered 06.08.2013 (Ministry of Home Affairs, Shri Mullappally Ramachandran)",https://xn--i1b5bzbybhfo5c8b4bxh.xn--11b7cb3a6a.xn--h2brj9c/MHA1/Par2017/pdfs/par2013-pdfs/ls-060813/328.pdf,Annexure-III: Statewise FC received during 2011-12,2026-09-23,"2011-12 data flagged in source as 'some more data is still under compilation'. State-wise FC received, Rs in Lakhs. 2011-12 flagged in the document itself as 'some more data is still under compilation'. Source-arithmetic note: the document's stated totals differ from the sum of its state rows by 0.01 lakh (Rs 1,000) in 2009-10 and 2010-11 -- a rounding artifact in the source. In 2011-12 the stated total exceeds the sum of included state rows by Rs 489.15 lakh, which per the document's own arithmetic is the excluded Andaman & Nicobar row."
Uttar Pradesh,2011-12,received,2223062000.00,22230.62,lakh,1169,"Lok Sabha Unstarred Question No. 328, 'Funds to NGOs', answered 06.08.2013 (Ministry of Home Affairs, Shri Mullappally Ramachandran)",https://xn--i1b5bzbybhfo5c8b4bxh.xn--11b7cb3a6a.xn--h2brj9c/MHA1/Par2017/pdfs/par2013-pdfs/ls-060813/328.pdf,Annexure-III: Statewise FC received during 2011-12,2026-09-23,"2011-12 data flagged in source as 'some more data is still under compilation'. State-wise FC received, Rs in Lakhs. 2011-12 flagged in the document itself as 'some more data is still under compilation'. Source-arithmetic note: the document's stated totals differ from the sum of its state rows by 0.01 lakh (Rs 1,000) in 2009-10 and 2010-11 -- a rounding artifact in the source. In 2011-12 the stated total exceeds the sum of included state rows by Rs 489.15 lakh, which per the document's own arithmetic is the excluded Andaman & Nicobar row."
Bihar,2011-12,received,1633576000.00,16335.76,lakh,809,"Lok Sabha Unstarred Question No. 328, 'Funds to NGOs', answered 06.08.2013 (Ministry of Home Affairs, Shri Mullappally Ramachandran)",https://xn--i1b5bzbybhfo5c8b4bxh.xn--11b7cb3a6a.xn--h2brj9c/MHA1/Par2017/pdfs/par2013-pdfs/ls-060813/328.pdf,Annexure-III: Statewise FC received during 2011-12,2026-09-23,"2011-12 data flagged in source as 'some more data is still under compilation'. State-wise FC received, Rs in Lakhs. 2011-12 flagged in the document itself as 'some more data is still under compilation'. Source-arithmetic note: the document's stated totals differ from the sum of its state rows by 0.01 lakh (Rs 1,000) in 2009-10 and 2010-11 -- a rounding artifact in the source. In 2011-12 the stated total exceeds the sum of included state rows by Rs 489.15 lakh, which per the document's own arithmetic is the excluded Andaman & Nicobar row."
Madhya Pradesh,2011-12,received,1412652000.00,14126.52,lakh,448,"Lok Sabha Unstarred Question No. 328, 'Funds to NGOs', answered 06.08.2013 (Ministry of Home Affairs, Shri Mullappally Ramachandran)",https://xn--i1b5bzbybhfo5c8b4bxh.xn--11b7cb3a6a.xn--h2brj9c/MHA1/Par2017/pdfs/par2013-pdfs/ls-060813/328.pdf,Annexure-III: Statewise FC received during 2011-12,2026-09-23,"2011-12 data flagged in source as 'some more data is still under compilation'. State-wise FC received, Rs in Lakhs. 2011-12 flagged in the document itself as 'some more data is still under compilation'. Source-arithmetic note: the document's stated totals differ from the sum of its state rows by 0.01 lakh (Rs 1,000) in 2009-10 and 2010-11 -- a rounding artifact in the source. In 2011-12 the stated total exceeds the sum of included state rows by Rs 489.15 lakh, which per the document's own arithmetic is the excluded Andaman & Nicobar row."
Jharkhand,2011-12,received,1367629000.00,13676.29,lakh,444,"Lok Sabha Unstarred Question No. 328, 'Funds to NGOs', answered 06.08.2013 (Ministry of Home Affairs, Shri Mullappally Ramachandran)",https://xn--i1b5bzbybhfo5c8b4bxh.xn--11b7cb3a6a.xn--h2brj9c/MHA1/Par2017/pdfs/par2013-pdfs/ls-060813/328.pdf,Annexure-III: Statewise FC received during 2011-12,2026-09-23,"2011-12 data flagged in source as 'some more data is still under compilation'. State-wise FC received, Rs in Lakhs. 2011-12 flagged in the document itself as 'some more data is still under compilation'. Source-arithmetic note: the document's stated totals differ from the sum of its state rows by 0.01 lakh (Rs 1,000) in 2009-10 and 2010-11 -- a rounding artifact in the source. In 2011-12 the stated total exceeds the sum of included state rows by Rs 489.15 lakh, which per the document's own arithmetic is the excluded Andaman & Nicobar row."
Rajasthan,2011-12,received,1269688000.00,12696.88,lakh,424,"Lok Sabha Unstarred Question No. 328, 'Funds to NGOs', answered 06.08.2013 (Ministry of Home Affairs, Shri Mullappally Ramachandran)",https://xn--i1b5bzbybhfo5c8b4bxh.xn--11b7cb3a6a.xn--h2brj9c/MHA1/Par2017/pdfs/par2013-pdfs/ls-060813/328.pdf,Annexure-III: Statewise FC received during 2011-12,2026-09-23,"2011-12 data flagged in source as 'some more data is still under compilation'. State-wise FC received, Rs in Lakhs. 2011-12 flagged in the document itself as 'some more data is still under compilation'. Source-arithmetic note: the document's stated totals differ from the sum of its state rows by 0.01 lakh (Rs 1,000) in 2009-10 and 2010-11 -- a rounding artifact in the source. In 2011-12 the stated total exceeds the sum of included state rows by Rs 489.15 lakh, which per the document's own arithmetic is the excluded Andaman & Nicobar row."
Uttarakhand,2011-12,received,1137602000.00,11376.02,lakh,269,"Lok Sabha Unstarred Question No. 328, 'Funds to NGOs', answered 06.08.2013 (Ministry of Home Affairs, Shri Mullappally Ramachandran)",https://xn--i1b5bzbybhfo5c8b4bxh.xn--11b7cb3a6a.xn--h2brj9c/MHA1/Par2017/pdfs/par2013-pdfs/ls-060813/328.pdf,Annexure-III: Statewise FC received during 2011-12,2026-09-23,"2011-12 data flagged in source as 'some more data is still under compilation'. State-wise FC received, Rs in Lakhs. 2011-12 flagged in the document itself as 'some more data is still under compilation'. Source-arithmetic note: the document's stated totals differ from the sum of its state rows by 0.01 lakh (Rs 1,000) in 2009-10 and 2010-11 -- a rounding artifact in the source. In 2011-12 the stated total exceeds the sum of included state rows by Rs 489.15 lakh, which per the document's own arithmetic is the excluded Andaman & Nicobar row."
Assam,2011-12,received,1135708000.00,11357.08,lakh,248,"Lok Sabha Unstarred Question No. 328, 'Funds to NGOs', answered 06.08.2013 (Ministry of Home Affairs, Shri Mullappally Ramachandran)",https://xn--i1b5bzbybhfo5c8b4bxh.xn--11b7cb3a6a.xn--h2brj9c/MHA1/Par2017/pdfs/par2013-pdfs/ls-060813/328.pdf,Annexure-III: Statewise FC received during 2011-12,2026-09-23,"2011-12 data flagged in source as 'some more data is still under compilation'. State-wise FC received, Rs in Lakhs. 2011-12 flagged in the document itself as 'some more data is still under compilation'. Source-arithmetic note: the document's stated totals differ from the sum of its state rows by 0.01 lakh (Rs 1,000) in 2009-10 and 2010-11 -- a rounding artifact in the source. In 2011-12 the stated total exceeds the sum of included state rows by Rs 489.15 lakh, which per the document's own arithmetic is the excluded Andaman & Nicobar row."
Punjab,2011-12,received,882039000.00,8820.39,lakh,130,"Lok Sabha Unstarred Question No. 328, 'Funds to NGOs', answered 06.08.2013 (Ministry of Home Affairs, Shri Mullappally Ramachandran)",https://xn--i1b5bzbybhfo5c8b4bxh.xn--11b7cb3a6a.xn--h2brj9c/MHA1/Par2017/pdfs/par2013-pdfs/ls-060813/328.pdf,Annexure-III: Statewise FC received during 2011-12,2026-09-23,"2011-12 data flagged in source as 'some more data is still under compilation'. State-wise FC received, Rs in Lakhs. 2011-12 flagged in the document itself as 'some more data is still under compilation'. Source-arithmetic note: the document's stated totals differ from the sum of its state rows by 0.01 lakh (Rs 1,000) in 2009-10 and 2010-11 -- a rounding artifact in the source. In 2011-12 the stated total exceeds the sum of included state rows by Rs 489.15 lakh, which per the document's own arithmetic is the excluded Andaman & Nicobar row."
Himachal Pradesh,2011-12,received,762333000.00,7623.33,lakh,103,"Lok Sabha Unstarred Question No. 328, 'Funds to NGOs', answered 06.08.2013 (Ministry of Home Affairs, Shri Mullappally Ramachandran)",https://xn--i1b5bzbybhfo5c8b4bxh.xn--11b7cb3a6a.xn--h2brj9c/MHA1/Par2017/pdfs/par2013-pdfs/ls-060813/328.pdf,Annexure-III: Statewise FC received during 2011-12,2026-09-23,"2011-12 data flagged in source as 'some more data is still under compilation'. State-wise FC received, Rs in Lakhs. 2011-12 flagged in the document itself as 'some more data is still under compilation'. Source-arithmetic note: the document's stated totals differ from the sum of its state rows by 0.01 lakh (Rs 1,000) in 2009-10 and 2010-11 -- a rounding artifact in the source. In 2011-12 the stated total exceeds the sum of included state rows by Rs 489.15 lakh, which per the document's own arithmetic is the excluded Andaman & Nicobar row."
Chhattisgarh,2011-12,received,591818000.00,5918.18,lakh,228,"Lok Sabha Unstarred Question No. 328, 'Funds to NGOs', answered 06.08.2013 (Ministry of Home Affairs, Shri Mullappally Ramachandran)",https://xn--i1b5bzbybhfo5c8b4bxh.xn--11b7cb3a6a.xn--h2brj9c/MHA1/Par2017/pdfs/par2013-pdfs/ls-060813/328.pdf,Annexure-III: Statewise FC received during 2011-12,2026-09-23,"2011-12 data flagged in source as 'some more data is still under compilation'. State-wise FC received, Rs in Lakhs. 2011-12 flagged in the document itself as 'some more data is still under compilation'. Source-arithmetic note: the document's stated totals differ from the sum of its state rows by 0.01 lakh (Rs 1,000) in 2009-10 and 2010-11 -- a rounding artifact in the source. In 2011-12 the stated total exceeds the sum of included state rows by Rs 489.15 lakh, which per the document's own arithmetic is the excluded Andaman & Nicobar row."
Meghalaya,2011-12,received,491407000.00,4914.07,lakh,126,"Lok Sabha Unstarred Question No. 328, 'Funds to NGOs', answered 06.08.2013 (Ministry of Home Affairs, Shri Mullappally Ramachandran)",https://xn--i1b5bzbybhfo5c8b4bxh.xn--11b7cb3a6a.xn--h2brj9c/MHA1/Par2017/pdfs/par2013-pdfs/ls-060813/328.pdf,Annexure-III: Statewise FC received during 2011-12,2026-09-23,"2011-12 data flagged in source as 'some more data is still under compilation'. State-wise FC received, Rs in Lakhs. 2011-12 flagged in the document itself as 'some more data is still under compilation'. Source-arithmetic note: the document's stated totals differ from the sum of its state rows by 0.01 lakh (Rs 1,000) in 2009-10 and 2010-11 -- a rounding artifact in the source. In 2011-12 the stated total exceeds the sum of included state rows by Rs 489.15 lakh, which per the document's own arithmetic is the excluded Andaman & Nicobar row."
Manipur,2011-12,received,444703000.00,4447.03,lakh,279,"Lok Sabha Unstarred Question No. 328, 'Funds to NGOs', answered 06.08.2013 (Ministry of Home Affairs, Shri Mullappally Ramachandran)",https://xn--i1b5bzbybhfo5c8b4bxh.xn--11b7cb3a6a.xn--h2brj9c/MHA1/Par2017/pdfs/par2013-pdfs/ls-060813/328.pdf,Annexure-III: Statewise FC received during 2011-12,2026-09-23,"2011-12 data flagged in source as 'some more data is still under compilation'. State-wise FC received, Rs in Lakhs. 2011-12 flagged in the document itself as 'some more data is still under compilation'. Source-arithmetic note: the document's stated totals differ from the sum of its state rows by 0.01 lakh (Rs 1,000) in 2009-10 and 2010-11 -- a rounding artifact in the source. In 2011-12 the stated total exceeds the sum of included state rows by Rs 489.15 lakh, which per the document's own arithmetic is the excluded Andaman & Nicobar row."
Jammu & Kashmir,2011-12,received,309560000.00,3095.60,lakh,96,"Lok Sabha Unstarred Question No. 328, 'Funds to NGOs', answered 06.08.2013 (Ministry of Home Affairs, Shri Mullappally Ramachandran)",https://xn--i1b5bzbybhfo5c8b4bxh.xn--11b7cb3a6a.xn--h2brj9c/MHA1/Par2017/pdfs/par2013-pdfs/ls-060813/328.pdf,Annexure-III: Statewise FC received during 2011-12,2026-09-23,"2011-12 data flagged in source as 'some more data is still under compilation'. State-wise FC received, Rs in Lakhs. 2011-12 flagged in the document itself as 'some more data is still under compilation'. Source-arithmetic note: the document's stated totals differ from the sum of its state rows by 0.01 lakh (Rs 1,000) in 2009-10 and 2010-11 -- a rounding artifact in the source. In 2011-12 the stated total exceeds the sum of included state rows by Rs 489.15 lakh, which per the document's own arithmetic is the excluded Andaman & Nicobar row."
Nagaland,2011-12,received,278568000.00,2785.68,lakh,84,"Lok Sabha Unstarred Question No. 328, 'Funds to NGOs', answered 06.08.2013 (Ministry of Home Affairs, Shri Mullappally Ramachandran)",https://xn--i1b5bzbybhfo5c8b4bxh.xn--11b7cb3a6a.xn--h2brj9c/MHA1/Par2017/pdfs/par2013-pdfs/ls-060813/328.pdf,Annexure-III: Statewise FC received during 2011-12,2026-09-23,"2011-12 data flagged in source as 'some more data is still under compilation'. State-wise FC received, Rs in Lakhs. 2011-12 flagged in the document itself as 'some more data is still under compilation'. Source-arithmetic note: the document's stated totals differ from the sum of its state rows by 0.01 lakh (Rs 1,000) in 2009-10 and 2010-11 -- a rounding artifact in the source. In 2011-12 the stated total exceeds the sum of included state rows by Rs 489.15 lakh, which per the document's own arithmetic is the excluded Andaman & Nicobar row."
Pondicherry,2011-12,received,269715000.00,2697.15,lakh,80,"Lok Sabha Unstarred Question No. 328, 'Funds to NGOs', answered 06.08.2013 (Ministry of Home Affairs, Shri Mullappally Ramachandran)",https://xn--i1b5bzbybhfo5c8b4bxh.xn--11b7cb3a6a.xn--h2brj9c/MHA1/Par2017/pdfs/par2013-pdfs/ls-060813/328.pdf,Annexure-III: Statewise FC received during 2011-12,2026-09-23,"2011-12 data flagged in source as 'some more data is still under compilation'. State-wise FC received, Rs in Lakhs. 2011-12 flagged in the document itself as 'some more data is still under compilation'. Source-arithmetic note: the document's stated totals differ from the sum of its state rows by 0.01 lakh (Rs 1,000) in 2009-10 and 2010-11 -- a rounding artifact in the source. In 2011-12 the stated total exceeds the sum of included state rows by Rs 489.15 lakh, which per the document's own arithmetic is the excluded Andaman & Nicobar row."
Goa,2011-12,received,153025000.00,1530.25,lakh,75,"Lok Sabha Unstarred Question No. 328, 'Funds to NGOs', answered 06.08.2013 (Ministry of Home Affairs, Shri Mullappally Ramachandran)",https://xn--i1b5bzbybhfo5c8b4bxh.xn--11b7cb3a6a.xn--h2brj9c/MHA1/Par2017/pdfs/par2013-pdfs/ls-060813/328.pdf,Annexure-III: Statewise FC received during 2011-12,2026-09-23,"2011-12 data flagged in source as 'some more data is still under compilation'. State-wise FC received, Rs in Lakhs. 2011-12 flagged in the document itself as 'some more data is still under compilation'. Source-arithmetic note: the document's stated totals differ from the sum of its state rows by 0.01 lakh (Rs 1,000) in 2009-10 and 2010-11 -- a rounding artifact in the source. In 2011-12 the stated total exceeds the sum of included state rows by Rs 489.15 lakh, which per the document's own arithmetic is the excluded Andaman & Nicobar row."
Haryana,2011-12,received,235916000.00,2359.16,lakh,109,"Lok Sabha Unstarred Question No. 328, 'Funds to NGOs', answered 06.08.2013 (Ministry of Home Affairs, Shri Mullappally Ramachandran)",https://xn--i1b5bzbybhfo5c8b4bxh.xn--11b7cb3a6a.xn--h2brj9c/MHA1/Par2017/pdfs/par2013-pdfs/ls-060813/328.pdf,Annexure-III: Statewise FC received during 2011-12,2026-09-23,"2011-12 data flagged in source as 'some more data is still under compilation'. State-wise FC received, Rs in Lakhs. 2011-12 flagged in the document itself as 'some more data is still under compilation'. Source-arithmetic note: the document's stated totals differ from the sum of its state rows by 0.01 lakh (Rs 1,000) in 2009-10 and 2010-11 -- a rounding artifact in the source. In 2011-12 the stated total exceeds the sum of included state rows by Rs 489.15 lakh, which per the document's own arithmetic is the excluded Andaman & Nicobar row."
Chandigarh,2011-12,received,127382000.00,1273.82,lakh,50,"Lok Sabha Unstarred Question No. 328, 'Funds to NGOs', answered 06.08.2013 (Ministry of Home Affairs, Shri Mullappally Ramachandran)",https://xn--i1b5bzbybhfo5c8b4bxh.xn--11b7cb3a6a.xn--h2brj9c/MHA1/Par2017/pdfs/par2013-pdfs/ls-060813/328.pdf,Annexure-III: Statewise FC received during 2011-12,2026-09-23,"2011-12 data flagged in source as 'some more data is still under compilation'. State-wise FC received, Rs in Lakhs. 2011-12 flagged in the document itself as 'some more data is still under compilation'. Source-arithmetic note: the document's stated totals differ from the sum of its state rows by 0.01 lakh (Rs 1,000) in 2009-10 and 2010-11 -- a rounding artifact in the source. In 2011-12 the stated total exceeds the sum of included state rows by Rs 489.15 lakh, which per the document's own arithmetic is the excluded Andaman & Nicobar row."
Arunachal Pradesh,2011-12,received,91117000.00,911.17,lakh,27,"Lok Sabha Unstarred Question No. 328, 'Funds to NGOs', answered 06.08.2013 (Ministry of Home Affairs, Shri Mullappally Ramachandran)",https://xn--i1b5bzbybhfo5c8b4bxh.xn--11b7cb3a6a.xn--h2brj9c/MHA1/Par2017/pdfs/par2013-pdfs/ls-060813/328.pdf,Annexure-III: Statewise FC received during 2011-12,2026-09-23,"2011-12 data flagged in source as 'some more data is still under compilation'. State-wise FC received, Rs in Lakhs. 2011-12 flagged in the document itself as 'some more data is still under compilation'. Source-arithmetic note: the document's stated totals differ from the sum of its state rows by 0.01 lakh (Rs 1,000) in 2009-10 and 2010-11 -- a rounding artifact in the source. In 2011-12 the stated total exceeds the sum of included state rows by Rs 489.15 lakh, which per the document's own arithmetic is the excluded Andaman & Nicobar row."
Tripura,2011-12,received,77340000.00,773.40,lakh,27,"Lok Sabha Unstarred Question No. 328, 'Funds to NGOs', answered 06.08.2013 (Ministry of Home Affairs, Shri Mullappally Ramachandran)",https://xn--i1b5bzbybhfo5c8b4bxh.xn--11b7cb3a6a.xn--h2brj9c/MHA1/Par2017/pdfs/par2013-pdfs/ls-060813/328.pdf,Annexure-III: Statewise FC received during 2011-12,2026-09-23,"2011-12 data flagged in source as 'some more data is still under compilation'. State-wise FC received, Rs in Lakhs. 2011-12 flagged in the document itself as 'some more data is still under compilation'. Source-arithmetic note: the document's stated totals differ from the sum of its state rows by 0.01 lakh (Rs 1,000) in 2009-10 and 2010-11 -- a rounding artifact in the source. In 2011-12 the stated total exceeds the sum of included state rows by Rs 489.15 lakh, which per the document's own arithmetic is the excluded Andaman & Nicobar row."
Mizoram,2011-12,received,58645000.00,586.45,lakh,31,"Lok Sabha Unstarred Question No. 328, 'Funds to NGOs', answered 06.08.2013 (Ministry of Home Affairs, Shri Mullappally Ramachandran)",https://xn--i1b5bzbybhfo5c8b4bxh.xn--11b7cb3a6a.xn--h2brj9c/MHA1/Par2017/pdfs/par2013-pdfs/ls-060813/328.pdf,Annexure-III: Statewise FC received during 2011-12,2026-09-23,"2011-12 data flagged in source as 'some more data is still under compilation'. State-wise FC received, Rs in Lakhs. 2011-12 flagged in the document itself as 'some more data is still under compilation'. Source-arithmetic note: the document's stated totals differ from the sum of its state rows by 0.01 lakh (Rs 1,000) in 2009-10 and 2010-11 -- a rounding artifact in the source. In 2011-12 the stated total exceeds the sum of included state rows by Rs 489.15 lakh, which per the document's own arithmetic is the excluded Andaman & Nicobar row."
Sikkim,2011-12,received,50181000.00,501.81,lakh,14,"Lok Sabha Unstarred Question No. 328, 'Funds to NGOs', answered 06.08.2013 (Ministry of Home Affairs, Shri Mullappally Ramachandran)",https://xn--i1b5bzbybhfo5c8b4bxh.xn--11b7cb3a6a.xn--h2brj9c/MHA1/Par2017/pdfs/par2013-pdfs/ls-060813/328.pdf,Annexure-III: Statewise FC received during 2011-12,2026-09-23,"2011-12 data flagged in source as 'some more data is still under compilation'. State-wise FC received, Rs in Lakhs. 2011-12 flagged in the document itself as 'some more data is still under compilation'. Source-arithmetic note: the document's stated totals differ from the sum of its state rows by 0.01 lakh (Rs 1,000) in 2009-10 and 2010-11 -- a rounding artifact in the source. In 2011-12 the stated total exceeds the sum of included state rows by Rs 489.15 lakh, which per the document's own arithmetic is the excluded Andaman & Nicobar row."
Dadra & Nagar Haveli,2011-12,received,9902000.00,99.02,lakh,7,"Lok Sabha Unstarred Question No. 328, 'Funds to NGOs', answered 06.08.2013 (Ministry of Home Affairs, Shri Mullappally Ramachandran)",https://xn--i1b5bzbybhfo5c8b4bxh.xn--11b7cb3a6a.xn--h2brj9c/MHA1/Par2017/pdfs/par2013-pdfs/ls-060813/328.pdf,Annexure-III: Statewise FC received during 2011-12,2026-09-23,"2011-12 data flagged in source as 'some more data is still under compilation'. State-wise FC received, Rs in Lakhs. 2011-12 flagged in the document itself as 'some more data is still under compilation'. Source-arithmetic note: the document's stated totals differ from the sum of its state rows by 0.01 lakh (Rs 1,000) in 2009-10 and 2010-11 -- a rounding artifact in the source. In 2011-12 the stated total exceeds the sum of included state rows by Rs 489.15 lakh, which per the document's own arithmetic is the excluded Andaman & Nicobar row."
Daman and Diu,2011-12,received,110000.00,1.10,lakh,1,"Lok Sabha Unstarred Question No. 328, 'Funds to NGOs', answered 06.08.2013 (Ministry of Home Affairs, Shri Mullappally Ramachandran)",https://xn--i1b5bzbybhfo5c8b4bxh.xn--11b7cb3a6a.xn--h2brj9c/MHA1/Par2017/pdfs/par2013-pdfs/ls-060813/328.pdf,Annexure-III: Statewise FC received during 2011-12,2026-09-23,"2011-12 data flagged in source as 'some more data is still under compilation'. State-wise FC received, Rs in Lakhs. 2011-12 flagged in the document itself as 'some more data is still under compilation'. Source-arithmetic note: the document's stated totals differ from the sum of its state rows by 0.01 lakh (Rs 1,000) in 2009-10 and 2010-11 -- a rounding artifact in the source. In 2011-12 the stated total exceeds the sum of included state rows by Rs 489.15 lakh, which per the document's own arithmetic is the excluded Andaman & Nicobar row."
ALL-INDIA,2011-12,received,105819561000.00,1058195.61,lakh,21804,"Lok Sabha Unstarred Question No. 328, 'Funds to NGOs', answered 06.08.2013 (Ministry of Home Affairs, Shri Mullappally Ramachandran)",https://xn--i1b5bzbybhfo5c8b4bxh.xn--11b7cb3a6a.xn--h2brj9c/MHA1/Par2017/pdfs/par2013-pdfs/ls-060813/328.pdf,Answer table: Year / No. of NGOs / Total amount of foreign contribution received (Rs in Lakhs),2026-09-23,"2011-12 total is provisional per source; stated total includes the excluded Andaman & Nicobar row (implied Rs 489.15 lakh by the document's own arithmetic). State-wise FC received, Rs in Lakhs. 2011-12 flagged in the document itself as 'some more data is still under compilation'. Source-arithmetic note: the document's stated totals differ from the sum of its state rows by 0.01 lakh (Rs 1,000) in 2009-10 and 2010-11 -- a rounding artifact in the source. In 2011-12 the stated total exceeds the sum of included state rows by Rs 489.15 lakh, which per the document's own arithmetic is the excluded Andaman & Nicobar row."
Delhi,2016-17,received,36079192896.65,"36,07,91,92,896.65",rupee,,"Rajya Sabha Starred Question No. 304, 'Foreign Funds Received by NGOs', answered 24.03.2021 (MoS Home, Shri Nityanand Rai)",https://www.scribd.com/document/500156210/Foreign-Contribution-List-MHA,Annexure-I: Statement of State/UT-wise receipt of foreign contribution (in Rupees) during 2016-17,2026-09-23,"Scribd copy of the official annexure. Annexure-I: state-wise FC received in Rupees. Annexure-II: donor-country-wise FC in Rupees (excludes donor details < Rs 20,000 per FC-4). 2019-20 tables are PARTIAL: ARs filed as on 16.03.2021; filing deadline extended to 30.06.2021."
Tamil Nadu,2016-17,received,20037426745.64,"20,03,74,26,745.64",rupee,,"Rajya Sabha Starred Question No. 304, 'Foreign Funds Received by NGOs', answered 24.03.2021 (MoS Home, Shri Nityanand Rai)",https://www.scribd.com/document/500156210/Foreign-Contribution-List-MHA,Annexure-I: Statement of State/UT-wise receipt of foreign contribution (in Rupees) during 2016-17,2026-09-23,"Scribd copy of the official annexure. Annexure-I: state-wise FC received in Rupees. Annexure-II: donor-country-wise FC in Rupees (excludes donor details < Rs 20,000 per FC-4). 2019-20 tables are PARTIAL: ARs filed as on 16.03.2021; filing deadline extended to 30.06.2021."
Karnataka,2016-17,received,17960950582.05,"17,96,09,50,582.05",rupee,,"Rajya Sabha Starred Question No. 304, 'Foreign Funds Received by NGOs', answered 24.03.2021 (MoS Home, Shri Nityanand Rai)",https://www.scribd.com/document/500156210/Foreign-Contribution-List-MHA,Annexure-I: Statement of State/UT-wise receipt of foreign contribution (in Rupees) during 2016-17,2026-09-23,"Scribd copy of the official annexure. Annexure-I: state-wise FC received in Rupees. Annexure-II: donor-country-wise FC in Rupees (excludes donor details < Rs 20,000 per FC-4). 2019-20 tables are PARTIAL: ARs filed as on 16.03.2021; filing deadline extended to 30.06.2021."
Maharashtra,2016-17,received,17213277651.57,"17,21,32,77,651.57",rupee,,"Rajya Sabha Starred Question No. 304, 'Foreign Funds Received by NGOs', answered 24.03.2021 (MoS Home, Shri Nityanand Rai)",https://www.scribd.com/document/500156210/Foreign-Contribution-List-MHA,Annexure-I: Statement of State/UT-wise receipt of foreign contribution (in Rupees) during 2016-17,2026-09-23,"Scribd copy of the official annexure. Annexure-I: state-wise FC received in Rupees. Annexure-II: donor-country-wise FC in Rupees (excludes donor details < Rs 20,000 per FC-4). 2019-20 tables are PARTIAL: ARs filed as on 16.03.2021; filing deadline extended to 30.06.2021."
Andhra Pradesh,2016-17,received,9115125022.64,"9,11,51,25,022.64",rupee,,"Rajya Sabha Starred Question No. 304, 'Foreign Funds Received by NGOs', answered 24.03.2021 (MoS Home, Shri Nityanand Rai)",https://www.scribd.com/document/500156210/Foreign-Contribution-List-MHA,Annexure-I: Statement of State/UT-wise receipt of foreign contribution (in Rupees) during 2016-17,2026-09-23,"Scribd copy of the official annexure. Annexure-I: state-wise FC received in Rupees. Annexure-II: donor-country-wise FC in Rupees (excludes donor details < Rs 20,000 per FC-4). 2019-20 tables are PARTIAL: ARs filed as on 16.03.2021; filing deadline extended to 30.06.2021."
Kerala,2016-17,received,8232284544.58,"8,23,22,84,544.58",rupee,,"Rajya Sabha Starred Question No. 304, 'Foreign Funds Received by NGOs', answered 24.03.2021 (MoS Home, Shri Nityanand Rai)",https://www.scribd.com/document/500156210/Foreign-Contribution-List-MHA,Annexure-I: Statement of State/UT-wise receipt of foreign contribution (in Rupees) during 2016-17,2026-09-23,"Scribd copy of the official annexure. Annexure-I: state-wise FC received in Rupees. Annexure-II: donor-country-wise FC in Rupees (excludes donor details < Rs 20,000 per FC-4). 2019-20 tables are PARTIAL: ARs filed as on 16.03.2021; filing deadline extended to 30.06.2021."
West Bengal,2016-17,received,7292881157.02,"7,29,28,81,157.02",rupee,,"Rajya Sabha Starred Question No. 304, 'Foreign Funds Received by NGOs', answered 24.03.2021 (MoS Home, Shri Nityanand Rai)",https://www.scribd.com/document/500156210/Foreign-Contribution-List-MHA,Annexure-I: Statement of State/UT-wise receipt of foreign contribution (in Rupees) during 2016-17,2026-09-23,"Scribd copy of the official annexure. Annexure-I: state-wise FC received in Rupees. Annexure-II: donor-country-wise FC in Rupees (excludes donor details < Rs 20,000 per FC-4). 2019-20 tables are PARTIAL: ARs filed as on 16.03.2021; filing deadline extended to 30.06.2021."
Telangana,2016-17,received,7170701723.59,"7,17,07,01,723.59",rupee,,"Rajya Sabha Starred Question No. 304, 'Foreign Funds Received by NGOs', answered 24.03.2021 (MoS Home, Shri Nityanand Rai)",https://www.scribd.com/document/500156210/Foreign-Contribution-List-MHA,Annexure-I: Statement of State/UT-wise receipt of foreign contribution (in Rupees) during 2016-17,2026-09-23,"Scribd copy of the official annexure. Annexure-I: state-wise FC received in Rupees. Annexure-II: donor-country-wise FC in Rupees (excludes donor details < Rs 20,000 per FC-4). 2019-20 tables are PARTIAL: ARs filed as on 16.03.2021; filing deadline extended to 30.06.2021."
Gujarat,2016-17,received,5580627582.75,"5,58,06,27,582.75",rupee,,"Rajya Sabha Starred Question No. 304, 'Foreign Funds Received by NGOs', answered 24.03.2021 (MoS Home, Shri Nityanand Rai)",https://www.scribd.com/document/500156210/Foreign-Contribution-List-MHA,Annexure-I: Statement of State/UT-wise receipt of foreign contribution (in Rupees) during 2016-17,2026-09-23,"Scribd copy of the official annexure. Annexure-I: state-wise FC received in Rupees. Annexure-II: donor-country-wise FC in Rupees (excludes donor details < Rs 20,000 per FC-4). 2019-20 tables are PARTIAL: ARs filed as on 16.03.2021; filing deadline extended to 30.06.2021."
Rajasthan,2016-17,received,3739805209.86,"3,73,98,05,209.86",rupee,,"Rajya Sabha Starred Question No. 304, 'Foreign Funds Received by NGOs', answered 24.03.2021 (MoS Home, Shri Nityanand Rai)",https://www.scribd.com/document/500156210/Foreign-Contribution-List-MHA,Annexure-I: Statement of State/UT-wise receipt of foreign contribution (in Rupees) during 2016-17,2026-09-23,"Scribd copy of the official annexure. Annexure-I: state-wise FC received in Rupees. Annexure-II: donor-country-wise FC in Rupees (excludes donor details < Rs 20,000 per FC-4). 2019-20 tables are PARTIAL: ARs filed as on 16.03.2021; filing deadline extended to 30.06.2021."
Uttar Pradesh,2016-17,received,3472148231.14,"3,47,21,48,231.14",rupee,,"Rajya Sabha Starred Question No. 304, 'Foreign Funds Received by NGOs', answered 24.03.2021 (MoS Home, Shri Nityanand Rai)",https://www.scribd.com/document/500156210/Foreign-Contribution-List-MHA,Annexure-I: Statement of State/UT-wise receipt of foreign contribution (in Rupees) during 2016-17,2026-09-23,"Scribd copy of the official annexure. Annexure-I: state-wise FC received in Rupees. Annexure-II: donor-country-wise FC in Rupees (excludes donor details < Rs 20,000 per FC-4). 2019-20 tables are PARTIAL: ARs filed as on 16.03.2021; filing deadline extended to 30.06.2021."
Madhya Pradesh,2016-17,received,2306153149.38,"2,30,61,53,149.38",rupee,,"Rajya Sabha Starred Question No. 304, 'Foreign Funds Received by NGOs', answered 24.03.2021 (MoS Home, Shri Nityanand Rai)",https://www.scribd.com/document/500156210/Foreign-Contribution-List-MHA,Annexure-I: Statement of State/UT-wise receipt of foreign contribution (in Rupees) during 2016-17,2026-09-23,"Scribd copy of the official annexure. Annexure-I: state-wise FC received in Rupees. Annexure-II: donor-country-wise FC in Rupees (excludes donor details < Rs 20,000 per FC-4). 2019-20 tables are PARTIAL: ARs filed as on 16.03.2021; filing deadline extended to 30.06.2021."
Orissa,2016-17,received,2158747671.90,"2,15,87,47,671.90",rupee,,"Rajya Sabha Starred Question No. 304, 'Foreign Funds Received by NGOs', answered 24.03.2021 (MoS Home, Shri Nityanand Rai)",https://www.scribd.com/document/500156210/Foreign-Contribution-List-MHA,Annexure-I: Statement of State/UT-wise receipt of foreign contribution (in Rupees) during 2016-17,2026-09-23,"Scribd copy of the official annexure. Annexure-I: state-wise FC received in Rupees. Annexure-II: donor-country-wise FC in Rupees (excludes donor details < Rs 20,000 per FC-4). 2019-20 tables are PARTIAL: ARs filed as on 16.03.2021; filing deadline extended to 30.06.2021."
Bihar,2016-17,received,1824740982.52,"1,82,47,40,982.52",rupee,,"Rajya Sabha Starred Question No. 304, 'Foreign Funds Received by NGOs', answered 24.03.2021 (MoS Home, Shri Nityanand Rai)",https://www.scribd.com/document/500156210/Foreign-Contribution-List-MHA,Annexure-I: Statement of State/UT-wise receipt of foreign contribution (in Rupees) during 2016-17,2026-09-23,"Scribd copy of the official annexure. Annexure-I: state-wise FC received in Rupees. Annexure-II: donor-country-wise FC in Rupees (excludes donor details < Rs 20,000 per FC-4). 2019-20 tables are PARTIAL: ARs filed as on 16.03.2021; filing deadline extended to 30.06.2021."
Himachal Pradesh,2016-17,received,1568912221.96,"1,56,89,12,221.96",rupee,,"Rajya Sabha Starred Question No. 304, 'Foreign Funds Received by NGOs', answered 24.03.2021 (MoS Home, Shri Nityanand Rai)",https://www.scribd.com/document/500156210/Foreign-Contribution-List-MHA,Annexure-I: Statement of State/UT-wise receipt of foreign contribution (in Rupees) during 2016-17,2026-09-23,"Scribd copy of the official annexure. Annexure-I: state-wise FC received in Rupees. Annexure-II: donor-country-wise FC in Rupees (excludes donor details < Rs 20,000 per FC-4). 2019-20 tables are PARTIAL: ARs filed as on 16.03.2021; filing deadline extended to 30.06.2021."
Punjab,2016-17,received,1412858268.25,"1,41,28,58,268.25",rupee,,"Rajya Sabha Starred Question No. 304, 'Foreign Funds Received by NGOs', answered 24.03.2021 (MoS Home, Shri Nityanand Rai)",https://www.scribd.com/document/500156210/Foreign-Contribution-List-MHA,Annexure-I: Statement of State/UT-wise receipt of foreign contribution (in Rupees) during 2016-17,2026-09-23,"Scribd copy of the official annexure. Annexure-I: state-wise FC received in Rupees. Annexure-II: donor-country-wise FC in Rupees (excludes donor details < Rs 20,000 per FC-4). 2019-20 tables are PARTIAL: ARs filed as on 16.03.2021; filing deadline extended to 30.06.2021."
Uttarakhand,2016-17,received,1350465899.78,"1,35,04,65,899.78",rupee,,"Rajya Sabha Starred Question No. 304, 'Foreign Funds Received by NGOs', answered 24.03.2021 (MoS Home, Shri Nityanand Rai)",https://www.scribd.com/document/500156210/Foreign-Contribution-List-MHA,Annexure-I: Statement of State/UT-wise receipt of foreign contribution (in Rupees) during 2016-17,2026-09-23,"Scribd copy of the official annexure. Annexure-I: state-wise FC received in Rupees. Annexure-II: donor-country-wise FC in Rupees (excludes donor details < Rs 20,000 per FC-4). 2019-20 tables are PARTIAL: ARs filed as on 16.03.2021; filing deadline extended to 30.06.2021."
Jharkhand,2016-17,received,1194768042.30,"1,19,47,68,042.30",rupee,,"Rajya Sabha Starred Question No. 304, 'Foreign Funds Received by NGOs', answered 24.03.2021 (MoS Home, Shri Nityanand Rai)",https://www.scribd.com/document/500156210/Foreign-Contribution-List-MHA,Annexure-I: Statement of State/UT-wise receipt of foreign contribution (in Rupees) during 2016-17,2026-09-23,"Scribd copy of the official annexure. Annexure-I: state-wise FC received in Rupees. Annexure-II: donor-country-wise FC in Rupees (excludes donor details < Rs 20,000 per FC-4). 2019-20 tables are PARTIAL: ARs filed as on 16.03.2021; filing deadline extended to 30.06.2021."
Assam,2016-17,received,1190962871.15,"1,19,09,62,871.15",rupee,,"Rajya Sabha Starred Question No. 304, 'Foreign Funds Received by NGOs', answered 24.03.2021 (MoS Home, Shri Nityanand Rai)",https://www.scribd.com/document/500156210/Foreign-Contribution-List-MHA,Annexure-I: Statement of State/UT-wise receipt of foreign contribution (in Rupees) during 2016-17,2026-09-23,"Scribd copy of the official annexure. Annexure-I: state-wise FC received in Rupees. Annexure-II: donor-country-wise FC in Rupees (excludes donor details < Rs 20,000 per FC-4). 2019-20 tables are PARTIAL: ARs filed as on 16.03.2021; filing deadline extended to 30.06.2021."
Haryana,2016-17,received,840492621.46,"84,04,92,621.46",rupee,,"Rajya Sabha Starred Question No. 304, 'Foreign Funds Received by NGOs', answered 24.03.2021 (MoS Home, Shri Nityanand Rai)",https://www.scribd.com/document/500156210/Foreign-Contribution-List-MHA,Annexure-I: Statement of State/UT-wise receipt of foreign contribution (in Rupees) during 2016-17,2026-09-23,"Scribd copy of the official annexure. Annexure-I: state-wise FC received in Rupees. Annexure-II: donor-country-wise FC in Rupees (excludes donor details < Rs 20,000 per FC-4). 2019-20 tables are PARTIAL: ARs filed as on 16.03.2021; filing deadline extended to 30.06.2021."
Meghalaya,2016-17,received,627027727.53,"62,70,27,727.53",rupee,,"Rajya Sabha Starred Question No. 304, 'Foreign Funds Received by NGOs', answered 24.03.2021 (MoS Home, Shri Nityanand Rai)",https://www.scribd.com/document/500156210/Foreign-Contribution-List-MHA,Annexure-I: Statement of State/UT-wise receipt of foreign contribution (in Rupees) during 2016-17,2026-09-23,"Scribd copy of the official annexure. Annexure-I: state-wise FC received in Rupees. Annexure-II: donor-country-wise FC in Rupees (excludes donor details < Rs 20,000 per FC-4). 2019-20 tables are PARTIAL: ARs filed as on 16.03.2021; filing deadline extended to 30.06.2021."
Chhattisgarh,2016-17,received,548021347.65,"54,80,21,347.65",rupee,,"Rajya Sabha Starred Question No. 304, 'Foreign Funds Received by NGOs', answered 24.03.2021 (MoS Home, Shri Nityanand Rai)",https://www.scribd.com/document/500156210/Foreign-Contribution-List-MHA,Annexure-I: Statement of State/UT-wise receipt of foreign contribution (in Rupees) during 2016-17,2026-09-23,"Scribd copy of the official annexure. Annexure-I: state-wise FC received in Rupees. Annexure-II: donor-country-wise FC in Rupees (excludes donor details < Rs 20,000 per FC-4). 2019-20 tables are PARTIAL: ARs filed as on 16.03.2021; filing deadline extended to 30.06.2021."
Jammu and Kashmir,2016-17,received,439860088.17,"43,98,60,088.17",rupee,,"Rajya Sabha Starred Question No. 304, 'Foreign Funds Received by NGOs', answered 24.03.2021 (MoS Home, Shri Nityanand Rai)",https://www.scribd.com/document/500156210/Foreign-Contribution-List-MHA,Annexure-I: Statement of State/UT-wise receipt of foreign contribution (in Rupees) during 2016-17,2026-09-23,"Scribd copy of the official annexure. Annexure-I: state-wise FC received in Rupees. Annexure-II: donor-country-wise FC in Rupees (excludes donor details < Rs 20,000 per FC-4). 2019-20 tables are PARTIAL: ARs filed as on 16.03.2021; filing deadline extended to 30.06.2021."
Manipur,2016-17,received,388378093.58,"38,83,78,093.58",rupee,,"Rajya Sabha Starred Question No. 304, 'Foreign Funds Received by NGOs', answered 24.03.2021 (MoS Home, Shri Nityanand Rai)",https://www.scribd.com/document/500156210/Foreign-Contribution-List-MHA,Annexure-I: Statement of State/UT-wise receipt of foreign contribution (in Rupees) during 2016-17,2026-09-23,"Scribd copy of the official annexure. Annexure-I: state-wise FC received in Rupees. Annexure-II: donor-country-wise FC in Rupees (excludes donor details < Rs 20,000 per FC-4). 2019-20 tables are PARTIAL: ARs filed as on 16.03.2021; filing deadline extended to 30.06.2021."
Nagaland,2016-17,received,341906272.60,"34,19,06,272.60",rupee,,"Rajya Sabha Starred Question No. 304, 'Foreign Funds Received by NGOs', answered 24.03.2021 (MoS Home, Shri Nityanand Rai)",https://www.scribd.com/document/500156210/Foreign-Contribution-List-MHA,Annexure-I: Statement of State/UT-wise receipt of foreign contribution (in Rupees) during 2016-17,2026-09-23,"Scribd copy of the official annexure. Annexure-I: state-wise FC received in Rupees. Annexure-II: donor-country-wise FC in Rupees (excludes donor details < Rs 20,000 per FC-4). 2019-20 tables are PARTIAL: ARs filed as on 16.03.2021; filing deadline extended to 30.06.2021."
Pondicherry,2016-17,received,340946964.88,"34,09,46,964.88",rupee,,"Rajya Sabha Starred Question No. 304, 'Foreign Funds Received by NGOs', answered 24.03.2021 (MoS Home, Shri Nityanand Rai)",https://www.scribd.com/document/500156210/Foreign-Contribution-List-MHA,Annexure-I: Statement of State/UT-wise receipt of foreign contribution (in Rupees) during 2016-17,2026-09-23,"Scribd copy of the official annexure. Annexure-I: state-wise FC received in Rupees. Annexure-II: donor-country-wise FC in Rupees (excludes donor details < Rs 20,000 per FC-4). 2019-20 tables are PARTIAL: ARs filed as on 16.03.2021; filing deadline extended to 30.06.2021."
Goa,2016-17,received,332909461.03,"33,29,09,461.03",rupee,,"Rajya Sabha Starred Question No. 304, 'Foreign Funds Received by NGOs', answered 24.03.2021 (MoS Home, Shri Nityanand Rai)",https://www.scribd.com/document/500156210/Foreign-Contribution-List-MHA,Annexure-I: Statement of State/UT-wise receipt of foreign contribution (in Rupees) during 2016-17,2026-09-23,"Scribd copy of the official annexure. Annexure-I: state-wise FC received in Rupees. Annexure-II: donor-country-wise FC in Rupees (excludes donor details < Rs 20,000 per FC-4). 2019-20 tables are PARTIAL: ARs filed as on 16.03.2021; filing deadline extended to 30.06.2021."
Chandigarh,2016-17,received,236982483.44,"23,69,82,483.44",rupee,,"Rajya Sabha Starred Question No. 304, 'Foreign Funds Received by NGOs', answered 24.03.2021 (MoS Home, Shri Nityanand Rai)",https://www.scribd.com/document/500156210/Foreign-Contribution-List-MHA,Annexure-I: Statement of State/UT-wise receipt of foreign contribution (in Rupees) during 2016-17,2026-09-23,"Scribd copy of the official annexure. Annexure-I: state-wise FC received in Rupees. Annexure-II: donor-country-wise FC in Rupees (excludes donor details < Rs 20,000 per FC-4). 2019-20 tables are PARTIAL: ARs filed as on 16.03.2021; filing deadline extended to 30.06.2021."
Mizoram,2016-17,received,204739815.87,"20,47,39,815.87",rupee,,"Rajya Sabha Starred Question No. 304, 'Foreign Funds Received by NGOs', answered 24.03.2021 (MoS Home, Shri Nityanand Rai)",https://www.scribd.com/document/500156210/Foreign-Contribution-List-MHA,Annexure-I: Statement of State/UT-wise receipt of foreign contribution (in Rupees) during 2016-17,2026-09-23,"Scribd copy of the official annexure. Annexure-I: state-wise FC received in Rupees. Annexure-II: donor-country-wise FC in Rupees (excludes donor details < Rs 20,000 per FC-4). 2019-20 tables are PARTIAL: ARs filed as on 16.03.2021; filing deadline extended to 30.06.2021."
Arunachal Pradesh,2016-17,received,110482066.66,"11,04,82,066.66",rupee,,"Rajya Sabha Starred Question No. 304, 'Foreign Funds Received by NGOs', answered 24.03.2021 (MoS Home, Shri Nityanand Rai)",https://www.scribd.com/document/500156210/Foreign-Contribution-List-MHA,Annexure-I: Statement of State/UT-wise receipt of foreign contribution (in Rupees) during 2016-17,2026-09-23,"Scribd copy of the official annexure. Annexure-I: state-wise FC received in Rupees. Annexure-II: donor-country-wise FC in Rupees (excludes donor details < Rs 20,000 per FC-4). 2019-20 tables are PARTIAL: ARs filed as on 16.03.2021; filing deadline extended to 30.06.2021."
Tripura,2016-17,received,108181328.11,"10,81,81,328.11",rupee,,"Rajya Sabha Starred Question No. 304, 'Foreign Funds Received by NGOs', answered 24.03.2021 (MoS Home, Shri Nityanand Rai)",https://www.scribd.com/document/500156210/Foreign-Contribution-List-MHA,Annexure-I: Statement of State/UT-wise receipt of foreign contribution (in Rupees) during 2016-17,2026-09-23,"Scribd copy of the official annexure. Annexure-I: state-wise FC received in Rupees. Annexure-II: donor-country-wise FC in Rupees (excludes donor details < Rs 20,000 per FC-4). 2019-20 tables are PARTIAL: ARs filed as on 16.03.2021; filing deadline extended to 30.06.2021."
Sikkim,2016-17,received,92342844.53,"9,23,42,844.53",rupee,,"Rajya Sabha Starred Question No. 304, 'Foreign Funds Received by NGOs', answered 24.03.2021 (MoS Home, Shri Nityanand Rai)",https://www.scribd.com/document/500156210/Foreign-Contribution-List-MHA,Annexure-I: Statement of State/UT-wise receipt of foreign contribution (in Rupees) during 2016-17,2026-09-23,"Scribd copy of the official annexure. Annexure-I: state-wise FC received in Rupees. Annexure-II: donor-country-wise FC in Rupees (excludes donor details < Rs 20,000 per FC-4). 2019-20 tables are PARTIAL: ARs filed as on 16.03.2021; filing deadline extended to 30.06.2021."
Andaman and Nicobar Islands,2016-17,received,30252021.04,"3,02,52,021.04",rupee,,"Rajya Sabha Starred Question No. 304, 'Foreign Funds Received by NGOs', answered 24.03.2021 (MoS Home, Shri Nityanand Rai)",https://www.scribd.com/document/500156210/Foreign-Contribution-List-MHA,Annexure-I: Statement of State/UT-wise receipt of foreign contribution (in Rupees) during 2016-17,2026-09-23,"Scribd copy of the official annexure. Annexure-I: state-wise FC received in Rupees. Annexure-II: donor-country-wise FC in Rupees (excludes donor details < Rs 20,000 per FC-4). 2019-20 tables are PARTIAL: ARs filed as on 16.03.2021; filing deadline extended to 30.06.2021."
Dadra and Nagar Haveli,2016-17,received,7188271.00,"71,88,271.00",rupee,,"Rajya Sabha Starred Question No. 304, 'Foreign Funds Received by NGOs', answered 24.03.2021 (MoS Home, Shri Nityanand Rai)",https://www.scribd.com/document/500156210/Foreign-Contribution-List-MHA,Annexure-I: Statement of State/UT-wise receipt of foreign contribution (in Rupees) during 2016-17,2026-09-23,"Scribd copy of the official annexure. Annexure-I: state-wise FC received in Rupees. Annexure-II: donor-country-wise FC in Rupees (excludes donor details < Rs 20,000 per FC-4). 2019-20 tables are PARTIAL: ARs filed as on 16.03.2021; filing deadline extended to 30.06.2021."
ALL-INDIA,2016-17,received,153551741862.28,"1,53,55,17,41,862.28",rupee,,"Rajya Sabha Starred Question No. 304, 'Foreign Funds Received by NGOs', answered 24.03.2021 (MoS Home, Shri Nityanand Rai)",https://www.scribd.com/document/500156210/Foreign-Contribution-List-MHA,Annexure-I total row,2026-09-23,"Document states 18304 NGOs reported FC receipts in 2016-17; 2019-20 provisional (ARs as on 16.03.2021). Scribd copy of the official annexure. Annexure-I: state-wise FC received in Rupees. Annexure-II: donor-country-wise FC in Rupees (excludes donor details < Rs 20,000 per FC-4). 2019-20 tables are PARTIAL: ARs filed as on 16.03.2021; filing deadline extended to 30.06.2021."
Delhi,2017-18,received,44628076025.48,"44,62,80,76,025.48",rupee,,"Rajya Sabha Starred Question No. 304, 'Foreign Funds Received by NGOs', answered 24.03.2021 (MoS Home, Shri Nityanand Rai)",https://www.scribd.com/document/500156210/Foreign-Contribution-List-MHA,Annexure-I: Statement of State/UT-wise receipt of foreign contribution (in Rupees) during 2017-18,2026-09-23,"Scribd copy of the official annexure. Annexure-I: state-wise FC received in Rupees. Annexure-II: donor-country-wise FC in Rupees (excludes donor details < Rs 20,000 per FC-4). 2019-20 tables are PARTIAL: ARs filed as on 16.03.2021; filing deadline extended to 30.06.2021."
Tamil Nadu,2017-18,received,21361812732.39,"21,36,18,12,732.39",rupee,,"Rajya Sabha Starred Question No. 304, 'Foreign Funds Received by NGOs', answered 24.03.2021 (MoS Home, Shri Nityanand Rai)",https://www.scribd.com/document/500156210/Foreign-Contribution-List-MHA,Annexure-I: Statement of State/UT-wise receipt of foreign contribution (in Rupees) during 2017-18,2026-09-23,"Scribd copy of the official annexure. Annexure-I: state-wise FC received in Rupees. Annexure-II: donor-country-wise FC in Rupees (excludes donor details < Rs 20,000 per FC-4). 2019-20 tables are PARTIAL: ARs filed as on 16.03.2021; filing deadline extended to 30.06.2021."
Maharashtra,2017-18,received,18261243182.69,"18,26,12,43,182.69",rupee,,"Rajya Sabha Starred Question No. 304, 'Foreign Funds Received by NGOs', answered 24.03.2021 (MoS Home, Shri Nityanand Rai)",https://www.scribd.com/document/500156210/Foreign-Contribution-List-MHA,Annexure-I: Statement of State/UT-wise receipt of foreign contribution (in Rupees) during 2017-18,2026-09-23,"Scribd copy of the official annexure. Annexure-I: state-wise FC received in Rupees. Annexure-II: donor-country-wise FC in Rupees (excludes donor details < Rs 20,000 per FC-4). 2019-20 tables are PARTIAL: ARs filed as on 16.03.2021; filing deadline extended to 30.06.2021."
Karnataka,2017-18,received,16131919595.96,"16,13,19,19,595.96",rupee,,"Rajya Sabha Starred Question No. 304, 'Foreign Funds Received by NGOs', answered 24.03.2021 (MoS Home, Shri Nityanand Rai)",https://www.scribd.com/document/500156210/Foreign-Contribution-List-MHA,Annexure-I: Statement of State/UT-wise receipt of foreign contribution (in Rupees) during 2017-18,2026-09-23,"Scribd copy of the official annexure. Annexure-I: state-wise FC received in Rupees. Annexure-II: donor-country-wise FC in Rupees (excludes donor details < Rs 20,000 per FC-4). 2019-20 tables are PARTIAL: ARs filed as on 16.03.2021; filing deadline extended to 30.06.2021."
Kerala,2017-18,received,12347057456.58,"12,34,70,57,456.58",rupee,,"Rajya Sabha Starred Question No. 304, 'Foreign Funds Received by NGOs', answered 24.03.2021 (MoS Home, Shri Nityanand Rai)",https://www.scribd.com/document/500156210/Foreign-Contribution-List-MHA,Annexure-I: Statement of State/UT-wise receipt of foreign contribution (in Rupees) during 2017-18,2026-09-23,"Scribd copy of the official annexure. Annexure-I: state-wise FC received in Rupees. Annexure-II: donor-country-wise FC in Rupees (excludes donor details < Rs 20,000 per FC-4). 2019-20 tables are PARTIAL: ARs filed as on 16.03.2021; filing deadline extended to 30.06.2021."
Andhra Pradesh,2017-18,received,9874758283.36,"9,87,47,58,283.36",rupee,,"Rajya Sabha Starred Question No. 304, 'Foreign Funds Received by NGOs', answered 24.03.2021 (MoS Home, Shri Nityanand Rai)",https://www.scribd.com/document/500156210/Foreign-Contribution-List-MHA,Annexure-I: Statement of State/UT-wise receipt of foreign contribution (in Rupees) during 2017-18,2026-09-23,"Scribd copy of the official annexure. Annexure-I: state-wise FC received in Rupees. Annexure-II: donor-country-wise FC in Rupees (excludes donor details < Rs 20,000 per FC-4). 2019-20 tables are PARTIAL: ARs filed as on 16.03.2021; filing deadline extended to 30.06.2021."
Telangana,2017-18,received,8625877244.28,"8,62,58,77,244.28",rupee,,"Rajya Sabha Starred Question No. 304, 'Foreign Funds Received by NGOs', answered 24.03.2021 (MoS Home, Shri Nityanand Rai)",https://www.scribd.com/document/500156210/Foreign-Contribution-List-MHA,Annexure-I: Statement of State/UT-wise receipt of foreign contribution (in Rupees) during 2017-18,2026-09-23,"Scribd copy of the official annexure. Annexure-I: state-wise FC received in Rupees. Annexure-II: donor-country-wise FC in Rupees (excludes donor details < Rs 20,000 per FC-4). 2019-20 tables are PARTIAL: ARs filed as on 16.03.2021; filing deadline extended to 30.06.2021."
West Bengal,2017-18,received,6946044693.12,"6,94,60,44,693.12",rupee,,"Rajya Sabha Starred Question No. 304, 'Foreign Funds Received by NGOs', answered 24.03.2021 (MoS Home, Shri Nityanand Rai)",https://www.scribd.com/document/500156210/Foreign-Contribution-List-MHA,Annexure-I: Statement of State/UT-wise receipt of foreign contribution (in Rupees) during 2017-18,2026-09-23,"Scribd copy of the official annexure. Annexure-I: state-wise FC received in Rupees. Annexure-II: donor-country-wise FC in Rupees (excludes donor details < Rs 20,000 per FC-4). 2019-20 tables are PARTIAL: ARs filed as on 16.03.2021; filing deadline extended to 30.06.2021."
Gujarat,2017-18,received,6904338818.86,"6,90,43,38,818.86",rupee,,"Rajya Sabha Starred Question No. 304, 'Foreign Funds Received by NGOs', answered 24.03.2021 (MoS Home, Shri Nityanand Rai)",https://www.scribd.com/document/500156210/Foreign-Contribution-List-MHA,Annexure-I: Statement of State/UT-wise receipt of foreign contribution (in Rupees) during 2017-18,2026-09-23,"Scribd copy of the official annexure. Annexure-I: state-wise FC received in Rupees. Annexure-II: donor-country-wise FC in Rupees (excludes donor details < Rs 20,000 per FC-4). 2019-20 tables are PARTIAL: ARs filed as on 16.03.2021; filing deadline extended to 30.06.2021."
Uttar Pradesh,2017-18,received,3512883590.62,"3,51,28,83,590.62",rupee,,"Rajya Sabha Starred Question No. 304, 'Foreign Funds Received by NGOs', answered 24.03.2021 (MoS Home, Shri Nityanand Rai)",https://www.scribd.com/document/500156210/Foreign-Contribution-List-MHA,Annexure-I: Statement of State/UT-wise receipt of foreign contribution (in Rupees) during 2017-18,2026-09-23,"Scribd copy of the official annexure. Annexure-I: state-wise FC received in Rupees. Annexure-II: donor-country-wise FC in Rupees (excludes donor details < Rs 20,000 per FC-4). 2019-20 tables are PARTIAL: ARs filed as on 16.03.2021; filing deadline extended to 30.06.2021."
Orissa,2017-18,received,2291512947.14,"2,29,15,12,947.14",rupee,,"Rajya Sabha Starred Question No. 304, 'Foreign Funds Received by NGOs', answered 24.03.2021 (MoS Home, Shri Nityanand Rai)",https://www.scribd.com/document/500156210/Foreign-Contribution-List-MHA,Annexure-I: Statement of State/UT-wise receipt of foreign contribution (in Rupees) during 2017-18,2026-09-23,"Scribd copy of the official annexure. Annexure-I: state-wise FC received in Rupees. Annexure-II: donor-country-wise FC in Rupees (excludes donor details < Rs 20,000 per FC-4). 2019-20 tables are PARTIAL: ARs filed as on 16.03.2021; filing deadline extended to 30.06.2021."
Madhya Pradesh,2017-18,received,2259897101.64,"2,25,98,97,101.64",rupee,,"Rajya Sabha Starred Question No. 304, 'Foreign Funds Received by NGOs', answered 24.03.2021 (MoS Home, Shri Nityanand Rai)",https://www.scribd.com/document/500156210/Foreign-Contribution-List-MHA,Annexure-I: Statement of State/UT-wise receipt of foreign contribution (in Rupees) during 2017-18,2026-09-23,"Scribd copy of the official annexure. Annexure-I: state-wise FC received in Rupees. Annexure-II: donor-country-wise FC in Rupees (excludes donor details < Rs 20,000 per FC-4). 2019-20 tables are PARTIAL: ARs filed as on 16.03.2021; filing deadline extended to 30.06.2021."
Bihar,2017-18,received,2075426626.54,"2,07,54,26,626.54",rupee,,"Rajya Sabha Starred Question No. 304, 'Foreign Funds Received by NGOs', answered 24.03.2021 (MoS Home, Shri Nityanand Rai)",https://www.scribd.com/document/500156210/Foreign-Contribution-List-MHA,Annexure-I: Statement of State/UT-wise receipt of foreign contribution (in Rupees) during 2017-18,2026-09-23,"Scribd copy of the official annexure. Annexure-I: state-wise FC received in Rupees. Annexure-II: donor-country-wise FC in Rupees (excludes donor details < Rs 20,000 per FC-4). 2019-20 tables are PARTIAL: ARs filed as on 16.03.2021; filing deadline extended to 30.06.2021."
Himachal Pradesh,2017-18,received,1818007063.09,"1,81,80,07,063.09",rupee,,"Rajya Sabha Starred Question No. 304, 'Foreign Funds Received by NGOs', answered 24.03.2021 (MoS Home, Shri Nityanand Rai)",https://www.scribd.com/document/500156210/Foreign-Contribution-List-MHA,Annexure-I: Statement of State/UT-wise receipt of foreign contribution (in Rupees) during 2017-18,2026-09-23,"Scribd copy of the official annexure. Annexure-I: state-wise FC received in Rupees. Annexure-II: donor-country-wise FC in Rupees (excludes donor details < Rs 20,000 per FC-4). 2019-20 tables are PARTIAL: ARs filed as on 16.03.2021; filing deadline extended to 30.06.2021."
Rajasthan,2017-18,received,1792410470.19,"1,79,24,10,470.19",rupee,,"Rajya Sabha Starred Question No. 304, 'Foreign Funds Received by NGOs', answered 24.03.2021 (MoS Home, Shri Nityanand Rai)",https://www.scribd.com/document/500156210/Foreign-Contribution-List-MHA,Annexure-I: Statement of State/UT-wise receipt of foreign contribution (in Rupees) during 2017-18,2026-09-23,"Scribd copy of the official annexure. Annexure-I: state-wise FC received in Rupees. Annexure-II: donor-country-wise FC in Rupees (excludes donor details < Rs 20,000 per FC-4). 2019-20 tables are PARTIAL: ARs filed as on 16.03.2021; filing deadline extended to 30.06.2021."
Uttarakhand,2017-18,received,1540115187.46,"1,54,01,15,187.46",rupee,,"Rajya Sabha Starred Question No. 304, 'Foreign Funds Received by NGOs', answered 24.03.2021 (MoS Home, Shri Nityanand Rai)",https://www.scribd.com/document/500156210/Foreign-Contribution-List-MHA,Annexure-I: Statement of State/UT-wise receipt of foreign contribution (in Rupees) during 2017-18,2026-09-23,"Scribd copy of the official annexure. Annexure-I: state-wise FC received in Rupees. Annexure-II: donor-country-wise FC in Rupees (excludes donor details < Rs 20,000 per FC-4). 2019-20 tables are PARTIAL: ARs filed as on 16.03.2021; filing deadline extended to 30.06.2021."
Assam,2017-18,received,1466634741.71,"1,46,66,34,741.71",rupee,,"Rajya Sabha Starred Question No. 304, 'Foreign Funds Received by NGOs', answered 24.03.2021 (MoS Home, Shri Nityanand Rai)",https://www.scribd.com/document/500156210/Foreign-Contribution-List-MHA,Annexure-I: Statement of State/UT-wise receipt of foreign contribution (in Rupees) during 2017-18,2026-09-23,"Scribd copy of the official annexure. Annexure-I: state-wise FC received in Rupees. Annexure-II: donor-country-wise FC in Rupees (excludes donor details < Rs 20,000 per FC-4). 2019-20 tables are PARTIAL: ARs filed as on 16.03.2021; filing deadline extended to 30.06.2021."
Punjab,2017-18,received,1411496300.28,"1,41,14,96,300.28",rupee,,"Rajya Sabha Starred Question No. 304, 'Foreign Funds Received by NGOs', answered 24.03.2021 (MoS Home, Shri Nityanand Rai)",https://www.scribd.com/document/500156210/Foreign-Contribution-List-MHA,Annexure-I: Statement of State/UT-wise receipt of foreign contribution (in Rupees) during 2017-18,2026-09-23,"Scribd copy of the official annexure. Annexure-I: state-wise FC received in Rupees. Annexure-II: donor-country-wise FC in Rupees (excludes donor details < Rs 20,000 per FC-4). 2019-20 tables are PARTIAL: ARs filed as on 16.03.2021; filing deadline extended to 30.06.2021."
Haryana,2017-18,received,1243059961.45,"1,24,30,59,961.45",rupee,,"Rajya Sabha Starred Question No. 304, 'Foreign Funds Received by NGOs', answered 24.03.2021 (MoS Home, Shri Nityanand Rai)",https://www.scribd.com/document/500156210/Foreign-Contribution-List-MHA,Annexure-I: Statement of State/UT-wise receipt of foreign contribution (in Rupees) during 2017-18,2026-09-23,"Scribd copy of the official annexure. Annexure-I: state-wise FC received in Rupees. Annexure-II: donor-country-wise FC in Rupees (excludes donor details < Rs 20,000 per FC-4). 2019-20 tables are PARTIAL: ARs filed as on 16.03.2021; filing deadline extended to 30.06.2021."
Jharkhand,2017-18,received,1162384663.23,"1,16,23,84,663.23",rupee,,"Rajya Sabha Starred Question No. 304, 'Foreign Funds Received by NGOs', answered 24.03.2021 (MoS Home, Shri Nityanand Rai)",https://www.scribd.com/document/500156210/Foreign-Contribution-List-MHA,Annexure-I: Statement of State/UT-wise receipt of foreign contribution (in Rupees) during 2017-18,2026-09-23,"Scribd copy of the official annexure. Annexure-I: state-wise FC received in Rupees. Annexure-II: donor-country-wise FC in Rupees (excludes donor details < Rs 20,000 per FC-4). 2019-20 tables are PARTIAL: ARs filed as on 16.03.2021; filing deadline extended to 30.06.2021."
Meghalaya,2017-18,received,602203678.78,"60,22,03,678.78",rupee,,"Rajya Sabha Starred Question No. 304, 'Foreign Funds Received by NGOs', answered 24.03.2021 (MoS Home, Shri Nityanand Rai)",https://www.scribd.com/document/500156210/Foreign-Contribution-List-MHA,Annexure-I: Statement of State/UT-wise receipt of foreign contribution (in Rupees) during 2017-18,2026-09-23,"Scribd copy of the official annexure. Annexure-I: state-wise FC received in Rupees. Annexure-II: donor-country-wise FC in Rupees (excludes donor details < Rs 20,000 per FC-4). 2019-20 tables are PARTIAL: ARs filed as on 16.03.2021; filing deadline extended to 30.06.2021."
Jammu and Kashmir,2017-18,received,557620323.95,"55,76,20,323.95",rupee,,"Rajya Sabha Starred Question No. 304, 'Foreign Funds Received by NGOs', answered 24.03.2021 (MoS Home, Shri Nityanand Rai)",https://www.scribd.com/document/500156210/Foreign-Contribution-List-MHA,Annexure-I: Statement of State/UT-wise receipt of foreign contribution (in Rupees) during 2017-18,2026-09-23,"Scribd copy of the official annexure. Annexure-I: state-wise FC received in Rupees. Annexure-II: donor-country-wise FC in Rupees (excludes donor details < Rs 20,000 per FC-4). 2019-20 tables are PARTIAL: ARs filed as on 16.03.2021; filing deadline extended to 30.06.2021."
Chhattisgarh,2017-18,received,492654337.43,"49,26,54,337.43",rupee,,"Rajya Sabha Starred Question No. 304, 'Foreign Funds Received by NGOs', answered 24.03.2021 (MoS Home, Shri Nityanand Rai)",https://www.scribd.com/document/500156210/Foreign-Contribution-List-MHA,Annexure-I: Statement of State/UT-wise receipt of foreign contribution (in Rupees) during 2017-18,2026-09-23,"Scribd copy of the official annexure. Annexure-I: state-wise FC received in Rupees. Annexure-II: donor-country-wise FC in Rupees (excludes donor details < Rs 20,000 per FC-4). 2019-20 tables are PARTIAL: ARs filed as on 16.03.2021; filing deadline extended to 30.06.2021."
Chandigarh,2017-18,received,434933420.01,"43,49,33,420.01",rupee,,"Rajya Sabha Starred Question No. 304, 'Foreign Funds Received by NGOs', answered 24.03.2021 (MoS Home, Shri Nityanand Rai)",https://www.scribd.com/document/500156210/Foreign-Contribution-List-MHA,Annexure-I: Statement of State/UT-wise receipt of foreign contribution (in Rupees) during 2017-18,2026-09-23,"Scribd copy of the official annexure. Annexure-I: state-wise FC received in Rupees. Annexure-II: donor-country-wise FC in Rupees (excludes donor details < Rs 20,000 per FC-4). 2019-20 tables are PARTIAL: ARs filed as on 16.03.2021; filing deadline extended to 30.06.2021."
Manipur,2017-18,received,421558435.29,"42,15,58,435.29",rupee,,"Rajya Sabha Starred Question No. 304, 'Foreign Funds Received by NGOs', answered 24.03.2021 (MoS Home, Shri Nityanand Rai)",https://www.scribd.com/document/500156210/Foreign-Contribution-List-MHA,Annexure-I: Statement of State/UT-wise receipt of foreign contribution (in Rupees) during 2017-18,2026-09-23,"Scribd copy of the official annexure. Annexure-I: state-wise FC received in Rupees. Annexure-II: donor-country-wise FC in Rupees (excludes donor details < Rs 20,000 per FC-4). 2019-20 tables are PARTIAL: ARs filed as on 16.03.2021; filing deadline extended to 30.06.2021."
Goa,2017-18,received,326462432.99,"32,64,62,432.99",rupee,,"Rajya Sabha Starred Question No. 304, 'Foreign Funds Received by NGOs', answered 24.03.2021 (MoS Home, Shri Nityanand Rai)",https://www.scribd.com/document/500156210/Foreign-Contribution-List-MHA,Annexure-I: Statement of State/UT-wise receipt of foreign contribution (in Rupees) during 2017-18,2026-09-23,"Scribd copy of the official annexure. Annexure-I: state-wise FC received in Rupees. Annexure-II: donor-country-wise FC in Rupees (excludes donor details < Rs 20,000 per FC-4). 2019-20 tables are PARTIAL: ARs filed as on 16.03.2021; filing deadline extended to 30.06.2021."
Pondicherry,2017-18,received,295291275.78,"29,52,91,275.78",rupee,,"Rajya Sabha Starred Question No. 304, 'Foreign Funds Received by NGOs', answered 24.03.2021 (MoS Home, Shri Nityanand Rai)",https://www.scribd.com/document/500156210/Foreign-Contribution-List-MHA,Annexure-I: Statement of State/UT-wise receipt of foreign contribution (in Rupees) during 2017-18,2026-09-23,"Scribd copy of the official annexure. Annexure-I: state-wise FC received in Rupees. Annexure-II: donor-country-wise FC in Rupees (excludes donor details < Rs 20,000 per FC-4). 2019-20 tables are PARTIAL: ARs filed as on 16.03.2021; filing deadline extended to 30.06.2021."
Nagaland,2017-18,received,265790279.70,"26,57,90,279.70",rupee,,"Rajya Sabha Starred Question No. 304, 'Foreign Funds Received by NGOs', answered 24.03.2021 (MoS Home, Shri Nityanand Rai)",https://www.scribd.com/document/500156210/Foreign-Contribution-List-MHA,Annexure-I: Statement of State/UT-wise receipt of foreign contribution (in Rupees) during 2017-18,2026-09-23,"Scribd copy of the official annexure. Annexure-I: state-wise FC received in Rupees. Annexure-II: donor-country-wise FC in Rupees (excludes donor details < Rs 20,000 per FC-4). 2019-20 tables are PARTIAL: ARs filed as on 16.03.2021; filing deadline extended to 30.06.2021."
Arunachal Pradesh,2017-18,received,119964066.23,"11,99,64,066.23",rupee,,"Rajya Sabha Starred Question No. 304, 'Foreign Funds Received by NGOs', answered 24.03.2021 (MoS Home, Shri Nityanand Rai)",https://www.scribd.com/document/500156210/Foreign-Contribution-List-MHA,Annexure-I: Statement of State/UT-wise receipt of foreign contribution (in Rupees) during 2017-18,2026-09-23,"Scribd copy of the official annexure. Annexure-I: state-wise FC received in Rupees. Annexure-II: donor-country-wise FC in Rupees (excludes donor details < Rs 20,000 per FC-4). 2019-20 tables are PARTIAL: ARs filed as on 16.03.2021; filing deadline extended to 30.06.2021."
Tripura,2017-18,received,96770937.98,"9,67,70,937.98",rupee,,"Rajya Sabha Starred Question No. 304, 'Foreign Funds Received by NGOs', answered 24.03.2021 (MoS Home, Shri Nityanand Rai)",https://www.scribd.com/document/500156210/Foreign-Contribution-List-MHA,Annexure-I: Statement of State/UT-wise receipt of foreign contribution (in Rupees) during 2017-18,2026-09-23,"Scribd copy of the official annexure. Annexure-I: state-wise FC received in Rupees. Annexure-II: donor-country-wise FC in Rupees (excludes donor details < Rs 20,000 per FC-4). 2019-20 tables are PARTIAL: ARs filed as on 16.03.2021; filing deadline extended to 30.06.2021."
Sikkim,2017-18,received,70043491.52,"7,00,43,491.52",rupee,,"Rajya Sabha Starred Question No. 304, 'Foreign Funds Received by NGOs', answered 24.03.2021 (MoS Home, Shri Nityanand Rai)",https://www.scribd.com/document/500156210/Foreign-Contribution-List-MHA,Annexure-I: Statement of State/UT-wise receipt of foreign contribution (in Rupees) during 2017-18,2026-09-23,"Scribd copy of the official annexure. Annexure-I: state-wise FC received in Rupees. Annexure-II: donor-country-wise FC in Rupees (excludes donor details < Rs 20,000 per FC-4). 2019-20 tables are PARTIAL: ARs filed as on 16.03.2021; filing deadline extended to 30.06.2021."
Mizoram,2017-18,received,30863119.30,"3,08,63,119.30",rupee,,"Rajya Sabha Starred Question No. 304, 'Foreign Funds Received by NGOs', answered 24.03.2021 (MoS Home, Shri Nityanand Rai)",https://www.scribd.com/document/500156210/Foreign-Contribution-List-MHA,Annexure-I: Statement of State/UT-wise receipt of foreign contribution (in Rupees) during 2017-18,2026-09-23,"Scribd copy of the official annexure. Annexure-I: state-wise FC received in Rupees. Annexure-II: donor-country-wise FC in Rupees (excludes donor details < Rs 20,000 per FC-4). 2019-20 tables are PARTIAL: ARs filed as on 16.03.2021; filing deadline extended to 30.06.2021."
Andaman and Nicobar Islands,2017-18,received,25604554.74,"2,56,04,554.74",rupee,,"Rajya Sabha Starred Question No. 304, 'Foreign Funds Received by NGOs', answered 24.03.2021 (MoS Home, Shri Nityanand Rai)",https://www.scribd.com/document/500156210/Foreign-Contribution-List-MHA,Annexure-I: Statement of State/UT-wise receipt of foreign contribution (in Rupees) during 2017-18,2026-09-23,"Scribd copy of the official annexure. Annexure-I: state-wise FC received in Rupees. Annexure-II: donor-country-wise FC in Rupees (excludes donor details < Rs 20,000 per FC-4). 2019-20 tables are PARTIAL: ARs filed as on 16.03.2021; filing deadline extended to 30.06.2021."
Dadra and Nagar Haveli,2017-18,received,11033492.56,"1,10,33,492.56",rupee,,"Rajya Sabha Starred Question No. 304, 'Foreign Funds Received by NGOs', answered 24.03.2021 (MoS Home, Shri Nityanand Rai)",https://www.scribd.com/document/500156210/Foreign-Contribution-List-MHA,Annexure-I: Statement of State/UT-wise receipt of foreign contribution (in Rupees) during 2017-18,2026-09-23,"Scribd copy of the official annexure. Annexure-I: state-wise FC received in Rupees. Annexure-II: donor-country-wise FC in Rupees (excludes donor details < Rs 20,000 per FC-4). 2019-20 tables are PARTIAL: ARs filed as on 16.03.2021; filing deadline extended to 30.06.2021."
ALL-INDIA,2017-18,received,169405750532.33,"1,69,40,57,50,532.33",rupee,,"Rajya Sabha Starred Question No. 304, 'Foreign Funds Received by NGOs', answered 24.03.2021 (MoS Home, Shri Nityanand Rai)",https://www.scribd.com/document/500156210/Foreign-Contribution-List-MHA,Annexure-I total row,2026-09-23,"Document states 18235 NGOs reported FC receipts in 2017-18; 2019-20 provisional (ARs as on 16.03.2021). Scribd copy of the official annexure. Annexure-I: state-wise FC received in Rupees. Annexure-II: donor-country-wise FC in Rupees (excludes donor details < Rs 20,000 per FC-4). 2019-20 tables are PARTIAL: ARs filed as on 16.03.2021; filing deadline extended to 30.06.2021."
Delhi,2018-19,received,43704475053.67,"43,70,44,75,053.67",rupee,,"Rajya Sabha Starred Question No. 304, 'Foreign Funds Received by NGOs', answered 24.03.2021 (MoS Home, Shri Nityanand Rai)",https://www.scribd.com/document/500156210/Foreign-Contribution-List-MHA,Annexure-I: Statement of State/UT-wise receipt of foreign contribution (in Rupees) during 2018-19,2026-09-23,"Scribd copy of the official annexure. Annexure-I: state-wise FC received in Rupees. Annexure-II: donor-country-wise FC in Rupees (excludes donor details < Rs 20,000 per FC-4). 2019-20 tables are PARTIAL: ARs filed as on 16.03.2021; filing deadline extended to 30.06.2021."
Tamil Nadu,2018-19,received,20371680253.23,"20,37,16,80,253.23",rupee,,"Rajya Sabha Starred Question No. 304, 'Foreign Funds Received by NGOs', answered 24.03.2021 (MoS Home, Shri Nityanand Rai)",https://www.scribd.com/document/500156210/Foreign-Contribution-List-MHA,Annexure-I: Statement of State/UT-wise receipt of foreign contribution (in Rupees) during 2018-19,2026-09-23,"Scribd copy of the official annexure. Annexure-I: state-wise FC received in Rupees. Annexure-II: donor-country-wise FC in Rupees (excludes donor details < Rs 20,000 per FC-4). 2019-20 tables are PARTIAL: ARs filed as on 16.03.2021; filing deadline extended to 30.06.2021."
Karnataka,2018-19,received,17097470326.48,"17,09,74,70,326.48",rupee,,"Rajya Sabha Starred Question No. 304, 'Foreign Funds Received by NGOs', answered 24.03.2021 (MoS Home, Shri Nityanand Rai)",https://www.scribd.com/document/500156210/Foreign-Contribution-List-MHA,Annexure-I: Statement of State/UT-wise receipt of foreign contribution (in Rupees) during 2018-19,2026-09-23,"Scribd copy of the official annexure. Annexure-I: state-wise FC received in Rupees. Annexure-II: donor-country-wise FC in Rupees (excludes donor details < Rs 20,000 per FC-4). 2019-20 tables are PARTIAL: ARs filed as on 16.03.2021; filing deadline extended to 30.06.2021."
Maharashtra,2018-19,received,17065395977.49,"17,06,53,95,977.49",rupee,,"Rajya Sabha Starred Question No. 304, 'Foreign Funds Received by NGOs', answered 24.03.2021 (MoS Home, Shri Nityanand Rai)",https://www.scribd.com/document/500156210/Foreign-Contribution-List-MHA,Annexure-I: Statement of State/UT-wise receipt of foreign contribution (in Rupees) during 2018-19,2026-09-23,"Scribd copy of the official annexure. Annexure-I: state-wise FC received in Rupees. Annexure-II: donor-country-wise FC in Rupees (excludes donor details < Rs 20,000 per FC-4). 2019-20 tables are PARTIAL: ARs filed as on 16.03.2021; filing deadline extended to 30.06.2021."
Kerala,2018-19,received,11075094062.36,"11,07,50,94,062.36",rupee,,"Rajya Sabha Starred Question No. 304, 'Foreign Funds Received by NGOs', answered 24.03.2021 (MoS Home, Shri Nityanand Rai)",https://www.scribd.com/document/500156210/Foreign-Contribution-List-MHA,Annexure-I: Statement of State/UT-wise receipt of foreign contribution (in Rupees) during 2018-19,2026-09-23,"Scribd copy of the official annexure. Annexure-I: state-wise FC received in Rupees. Annexure-II: donor-country-wise FC in Rupees (excludes donor details < Rs 20,000 per FC-4). 2019-20 tables are PARTIAL: ARs filed as on 16.03.2021; filing deadline extended to 30.06.2021."
Andhra Pradesh,2018-19,received,9795249418.70,"9,79,52,49,418.70",rupee,,"Rajya Sabha Starred Question No. 304, 'Foreign Funds Received by NGOs', answered 24.03.2021 (MoS Home, Shri Nityanand Rai)",https://www.scribd.com/document/500156210/Foreign-Contribution-List-MHA,Annexure-I: Statement of State/UT-wise receipt of foreign contribution (in Rupees) during 2018-19,2026-09-23,"Scribd copy of the official annexure. Annexure-I: state-wise FC received in Rupees. Annexure-II: donor-country-wise FC in Rupees (excludes donor details < Rs 20,000 per FC-4). 2019-20 tables are PARTIAL: ARs filed as on 16.03.2021; filing deadline extended to 30.06.2021."
Telangana,2018-19,received,7453011418.86,"7,45,30,11,418.86",rupee,,"Rajya Sabha Starred Question No. 304, 'Foreign Funds Received by NGOs', answered 24.03.2021 (MoS Home, Shri Nityanand Rai)",https://www.scribd.com/document/500156210/Foreign-Contribution-List-MHA,Annexure-I: Statement of State/UT-wise receipt of foreign contribution (in Rupees) during 2018-19,2026-09-23,"Scribd copy of the official annexure. Annexure-I: state-wise FC received in Rupees. Annexure-II: donor-country-wise FC in Rupees (excludes donor details < Rs 20,000 per FC-4). 2019-20 tables are PARTIAL: ARs filed as on 16.03.2021; filing deadline extended to 30.06.2021."
West Bengal,2018-19,received,7124932884.04,"7,12,49,32,884.04",rupee,,"Rajya Sabha Starred Question No. 304, 'Foreign Funds Received by NGOs', answered 24.03.2021 (MoS Home, Shri Nityanand Rai)",https://www.scribd.com/document/500156210/Foreign-Contribution-List-MHA,Annexure-I: Statement of State/UT-wise receipt of foreign contribution (in Rupees) during 2018-19,2026-09-23,"Scribd copy of the official annexure. Annexure-I: state-wise FC received in Rupees. Annexure-II: donor-country-wise FC in Rupees (excludes donor details < Rs 20,000 per FC-4). 2019-20 tables are PARTIAL: ARs filed as on 16.03.2021; filing deadline extended to 30.06.2021."
Gujarat,2018-19,received,6680540584.46,"6,68,05,40,584.46",rupee,,"Rajya Sabha Starred Question No. 304, 'Foreign Funds Received by NGOs', answered 24.03.2021 (MoS Home, Shri Nityanand Rai)",https://www.scribd.com/document/500156210/Foreign-Contribution-List-MHA,Annexure-I: Statement of State/UT-wise receipt of foreign contribution (in Rupees) during 2018-19,2026-09-23,"Scribd copy of the official annexure. Annexure-I: state-wise FC received in Rupees. Annexure-II: donor-country-wise FC in Rupees (excludes donor details < Rs 20,000 per FC-4). 2019-20 tables are PARTIAL: ARs filed as on 16.03.2021; filing deadline extended to 30.06.2021."
Uttar Pradesh,2018-19,received,3971145081.96,"3,97,11,45,081.96",rupee,,"Rajya Sabha Starred Question No. 304, 'Foreign Funds Received by NGOs', answered 24.03.2021 (MoS Home, Shri Nityanand Rai)",https://www.scribd.com/document/500156210/Foreign-Contribution-List-MHA,Annexure-I: Statement of State/UT-wise receipt of foreign contribution (in Rupees) during 2018-19,2026-09-23,"Scribd copy of the official annexure. Annexure-I: state-wise FC received in Rupees. Annexure-II: donor-country-wise FC in Rupees (excludes donor details < Rs 20,000 per FC-4). 2019-20 tables are PARTIAL: ARs filed as on 16.03.2021; filing deadline extended to 30.06.2021."
Orissa,2018-19,received,2699211388.70,"2,69,92,11,388.70",rupee,,"Rajya Sabha Starred Question No. 304, 'Foreign Funds Received by NGOs', answered 24.03.2021 (MoS Home, Shri Nityanand Rai)",https://www.scribd.com/document/500156210/Foreign-Contribution-List-MHA,Annexure-I: Statement of State/UT-wise receipt of foreign contribution (in Rupees) during 2018-19,2026-09-23,"Scribd copy of the official annexure. Annexure-I: state-wise FC received in Rupees. Annexure-II: donor-country-wise FC in Rupees (excludes donor details < Rs 20,000 per FC-4). 2019-20 tables are PARTIAL: ARs filed as on 16.03.2021; filing deadline extended to 30.06.2021."
Madhya Pradesh,2018-19,received,2201383877.63,"2,20,13,83,877.63",rupee,,"Rajya Sabha Starred Question No. 304, 'Foreign Funds Received by NGOs', answered 24.03.2021 (MoS Home, Shri Nityanand Rai)",https://www.scribd.com/document/500156210/Foreign-Contribution-List-MHA,Annexure-I: Statement of State/UT-wise receipt of foreign contribution (in Rupees) during 2018-19,2026-09-23,"Scribd copy of the official annexure. Annexure-I: state-wise FC received in Rupees. Annexure-II: donor-country-wise FC in Rupees (excludes donor details < Rs 20,000 per FC-4). 2019-20 tables are PARTIAL: ARs filed as on 16.03.2021; filing deadline extended to 30.06.2021."
Bihar,2018-19,received,2054871036.01,"2,05,48,71,036.01",rupee,,"Rajya Sabha Starred Question No. 304, 'Foreign Funds Received by NGOs', answered 24.03.2021 (MoS Home, Shri Nityanand Rai)",https://www.scribd.com/document/500156210/Foreign-Contribution-List-MHA,Annexure-I: Statement of State/UT-wise receipt of foreign contribution (in Rupees) during 2018-19,2026-09-23,"Scribd copy of the official annexure. Annexure-I: state-wise FC received in Rupees. Annexure-II: donor-country-wise FC in Rupees (excludes donor details < Rs 20,000 per FC-4). 2019-20 tables are PARTIAL: ARs filed as on 16.03.2021; filing deadline extended to 30.06.2021."
Himachal Pradesh,2018-19,received,1972117122.52,"1,97,21,17,122.52",rupee,,"Rajya Sabha Starred Question No. 304, 'Foreign Funds Received by NGOs', answered 24.03.2021 (MoS Home, Shri Nityanand Rai)",https://www.scribd.com/document/500156210/Foreign-Contribution-List-MHA,Annexure-I: Statement of State/UT-wise receipt of foreign contribution (in Rupees) during 2018-19,2026-09-23,"Scribd copy of the official annexure. Annexure-I: state-wise FC received in Rupees. Annexure-II: donor-country-wise FC in Rupees (excludes donor details < Rs 20,000 per FC-4). 2019-20 tables are PARTIAL: ARs filed as on 16.03.2021; filing deadline extended to 30.06.2021."
Rajasthan,2018-19,received,1742983713.42,"1,74,29,83,713.42",rupee,,"Rajya Sabha Starred Question No. 304, 'Foreign Funds Received by NGOs', answered 24.03.2021 (MoS Home, Shri Nityanand Rai)",https://www.scribd.com/document/500156210/Foreign-Contribution-List-MHA,Annexure-I: Statement of State/UT-wise receipt of foreign contribution (in Rupees) during 2018-19,2026-09-23,"Scribd copy of the official annexure. Annexure-I: state-wise FC received in Rupees. Annexure-II: donor-country-wise FC in Rupees (excludes donor details < Rs 20,000 per FC-4). 2019-20 tables are PARTIAL: ARs filed as on 16.03.2021; filing deadline extended to 30.06.2021."
Punjab,2018-19,received,1544489448.85,"1,54,44,89,448.85",rupee,,"Rajya Sabha Starred Question No. 304, 'Foreign Funds Received by NGOs', answered 24.03.2021 (MoS Home, Shri Nityanand Rai)",https://www.scribd.com/document/500156210/Foreign-Contribution-List-MHA,Annexure-I: Statement of State/UT-wise receipt of foreign contribution (in Rupees) during 2018-19,2026-09-23,"Scribd copy of the official annexure. Annexure-I: state-wise FC received in Rupees. Annexure-II: donor-country-wise FC in Rupees (excludes donor details < Rs 20,000 per FC-4). 2019-20 tables are PARTIAL: ARs filed as on 16.03.2021; filing deadline extended to 30.06.2021."
Assam,2018-19,received,1387625654.47,"1,38,76,25,654.47",rupee,,"Rajya Sabha Starred Question No. 304, 'Foreign Funds Received by NGOs', answered 24.03.2021 (MoS Home, Shri Nityanand Rai)",https://www.scribd.com/document/500156210/Foreign-Contribution-List-MHA,Annexure-I: Statement of State/UT-wise receipt of foreign contribution (in Rupees) during 2018-19,2026-09-23,"Scribd copy of the official annexure. Annexure-I: state-wise FC received in Rupees. Annexure-II: donor-country-wise FC in Rupees (excludes donor details < Rs 20,000 per FC-4). 2019-20 tables are PARTIAL: ARs filed as on 16.03.2021; filing deadline extended to 30.06.2021."
Uttarakhand,2018-19,received,1298064903.65,"1,29,80,64,903.65",rupee,,"Rajya Sabha Starred Question No. 304, 'Foreign Funds Received by NGOs', answered 24.03.2021 (MoS Home, Shri Nityanand Rai)",https://www.scribd.com/document/500156210/Foreign-Contribution-List-MHA,Annexure-I: Statement of State/UT-wise receipt of foreign contribution (in Rupees) during 2018-19,2026-09-23,"Scribd copy of the official annexure. Annexure-I: state-wise FC received in Rupees. Annexure-II: donor-country-wise FC in Rupees (excludes donor details < Rs 20,000 per FC-4). 2019-20 tables are PARTIAL: ARs filed as on 16.03.2021; filing deadline extended to 30.06.2021."
Jharkhand,2018-19,received,1224661724.46,"1,22,46,61,724.46",rupee,,"Rajya Sabha Starred Question No. 304, 'Foreign Funds Received by NGOs', answered 24.03.2021 (MoS Home, Shri Nityanand Rai)",https://www.scribd.com/document/500156210/Foreign-Contribution-List-MHA,Annexure-I: Statement of State/UT-wise receipt of foreign contribution (in Rupees) during 2018-19,2026-09-23,"Scribd copy of the official annexure. Annexure-I: state-wise FC received in Rupees. Annexure-II: donor-country-wise FC in Rupees (excludes donor details < Rs 20,000 per FC-4). 2019-20 tables are PARTIAL: ARs filed as on 16.03.2021; filing deadline extended to 30.06.2021."
Haryana,2018-19,received,785036168.91,"78,50,36,168.91",rupee,,"Rajya Sabha Starred Question No. 304, 'Foreign Funds Received by NGOs', answered 24.03.2021 (MoS Home, Shri Nityanand Rai)",https://www.scribd.com/document/500156210/Foreign-Contribution-List-MHA,Annexure-I: Statement of State/UT-wise receipt of foreign contribution (in Rupees) during 2018-19,2026-09-23,"Scribd copy of the official annexure. Annexure-I: state-wise FC received in Rupees. Annexure-II: donor-country-wise FC in Rupees (excludes donor details < Rs 20,000 per FC-4). 2019-20 tables are PARTIAL: ARs filed as on 16.03.2021; filing deadline extended to 30.06.2021."
Meghalaya,2018-19,received,582027871.26,"58,20,27,871.26",rupee,,"Rajya Sabha Starred Question No. 304, 'Foreign Funds Received by NGOs', answered 24.03.2021 (MoS Home, Shri Nityanand Rai)",https://www.scribd.com/document/500156210/Foreign-Contribution-List-MHA,Annexure-I: Statement of State/UT-wise receipt of foreign contribution (in Rupees) during 2018-19,2026-09-23,"Scribd copy of the official annexure. Annexure-I: state-wise FC received in Rupees. Annexure-II: donor-country-wise FC in Rupees (excludes donor details < Rs 20,000 per FC-4). 2019-20 tables are PARTIAL: ARs filed as on 16.03.2021; filing deadline extended to 30.06.2021."
Jammu and Kashmir,2018-19,received,517475126.95,"51,74,75,126.95",rupee,,"Rajya Sabha Starred Question No. 304, 'Foreign Funds Received by NGOs', answered 24.03.2021 (MoS Home, Shri Nityanand Rai)",https://www.scribd.com/document/500156210/Foreign-Contribution-List-MHA,Annexure-I: Statement of State/UT-wise receipt of foreign contribution (in Rupees) during 2018-19,2026-09-23,"Scribd copy of the official annexure. Annexure-I: state-wise FC received in Rupees. Annexure-II: donor-country-wise FC in Rupees (excludes donor details < Rs 20,000 per FC-4). 2019-20 tables are PARTIAL: ARs filed as on 16.03.2021; filing deadline extended to 30.06.2021."
Nagaland,2018-19,received,442317234.39,"44,23,17,234.39",rupee,,"Rajya Sabha Starred Question No. 304, 'Foreign Funds Received by NGOs', answered 24.03.2021 (MoS Home, Shri Nityanand Rai)",https://www.scribd.com/document/500156210/Foreign-Contribution-List-MHA,Annexure-I: Statement of State/UT-wise receipt of foreign contribution (in Rupees) during 2018-19,2026-09-23,"Scribd copy of the official annexure. Annexure-I: state-wise FC received in Rupees. Annexure-II: donor-country-wise FC in Rupees (excludes donor details < Rs 20,000 per FC-4). 2019-20 tables are PARTIAL: ARs filed as on 16.03.2021; filing deadline extended to 30.06.2021."
Chhattisgarh,2018-19,received,425710634.59,"42,57,10,634.59",rupee,,"Rajya Sabha Starred Question No. 304, 'Foreign Funds Received by NGOs', answered 24.03.2021 (MoS Home, Shri Nityanand Rai)",https://www.scribd.com/document/500156210/Foreign-Contribution-List-MHA,Annexure-I: Statement of State/UT-wise receipt of foreign contribution (in Rupees) during 2018-19,2026-09-23,"Scribd copy of the official annexure. Annexure-I: state-wise FC received in Rupees. Annexure-II: donor-country-wise FC in Rupees (excludes donor details < Rs 20,000 per FC-4). 2019-20 tables are PARTIAL: ARs filed as on 16.03.2021; filing deadline extended to 30.06.2021."
Goa,2018-19,received,415257053.23,"41,52,57,053.23",rupee,,"Rajya Sabha Starred Question No. 304, 'Foreign Funds Received by NGOs', answered 24.03.2021 (MoS Home, Shri Nityanand Rai)",https://www.scribd.com/document/500156210/Foreign-Contribution-List-MHA,Annexure-I: Statement of State/UT-wise receipt of foreign contribution (in Rupees) during 2018-19,2026-09-23,"Scribd copy of the official annexure. Annexure-I: state-wise FC received in Rupees. Annexure-II: donor-country-wise FC in Rupees (excludes donor details < Rs 20,000 per FC-4). 2019-20 tables are PARTIAL: ARs filed as on 16.03.2021; filing deadline extended to 30.06.2021."
Manipur,2018-19,received,397639260.56,"39,76,39,260.56",rupee,,"Rajya Sabha Starred Question No. 304, 'Foreign Funds Received by NGOs', answered 24.03.2021 (MoS Home, Shri Nityanand Rai)",https://www.scribd.com/document/500156210/Foreign-Contribution-List-MHA,Annexure-I: Statement of State/UT-wise receipt of foreign contribution (in Rupees) during 2018-19,2026-09-23,"Scribd copy of the official annexure. Annexure-I: state-wise FC received in Rupees. Annexure-II: donor-country-wise FC in Rupees (excludes donor details < Rs 20,000 per FC-4). 2019-20 tables are PARTIAL: ARs filed as on 16.03.2021; filing deadline extended to 30.06.2021."
Pondicherry,2018-19,received,288910074.95,"28,89,10,074.95",rupee,,"Rajya Sabha Starred Question No. 304, 'Foreign Funds Received by NGOs', answered 24.03.2021 (MoS Home, Shri Nityanand Rai)",https://www.scribd.com/document/500156210/Foreign-Contribution-List-MHA,Annexure-I: Statement of State/UT-wise receipt of foreign contribution (in Rupees) during 2018-19,2026-09-23,"Scribd copy of the official annexure. Annexure-I: state-wise FC received in Rupees. Annexure-II: donor-country-wise FC in Rupees (excludes donor details < Rs 20,000 per FC-4). 2019-20 tables are PARTIAL: ARs filed as on 16.03.2021; filing deadline extended to 30.06.2021."
Chandigarh,2018-19,received,286086327.83,"28,60,86,327.83",rupee,,"Rajya Sabha Starred Question No. 304, 'Foreign Funds Received by NGOs', answered 24.03.2021 (MoS Home, Shri Nityanand Rai)",https://www.scribd.com/document/500156210/Foreign-Contribution-List-MHA,Annexure-I: Statement of State/UT-wise receipt of foreign contribution (in Rupees) during 2018-19,2026-09-23,"Scribd copy of the official annexure. Annexure-I: state-wise FC received in Rupees. Annexure-II: donor-country-wise FC in Rupees (excludes donor details < Rs 20,000 per FC-4). 2019-20 tables are PARTIAL: ARs filed as on 16.03.2021; filing deadline extended to 30.06.2021."
Tripura,2018-19,received,117169662.46,"11,71,69,662.46",rupee,,"Rajya Sabha Starred Question No. 304, 'Foreign Funds Received by NGOs', answered 24.03.2021 (MoS Home, Shri Nityanand Rai)",https://www.scribd.com/document/500156210/Foreign-Contribution-List-MHA,Annexure-I: Statement of State/UT-wise receipt of foreign contribution (in Rupees) during 2018-19,2026-09-23,"Scribd copy of the official annexure. Annexure-I: state-wise FC received in Rupees. Annexure-II: donor-country-wise FC in Rupees (excludes donor details < Rs 20,000 per FC-4). 2019-20 tables are PARTIAL: ARs filed as on 16.03.2021; filing deadline extended to 30.06.2021."
Arunachal Pradesh,2018-19,received,69028829.22,"6,90,28,829.22",rupee,,"Rajya Sabha Starred Question No. 304, 'Foreign Funds Received by NGOs', answered 24.03.2021 (MoS Home, Shri Nityanand Rai)",https://www.scribd.com/document/500156210/Foreign-Contribution-List-MHA,Annexure-I: Statement of State/UT-wise receipt of foreign contribution (in Rupees) during 2018-19,2026-09-23,"Scribd copy of the official annexure. Annexure-I: state-wise FC received in Rupees. Annexure-II: donor-country-wise FC in Rupees (excludes donor details < Rs 20,000 per FC-4). 2019-20 tables are PARTIAL: ARs filed as on 16.03.2021; filing deadline extended to 30.06.2021."
Sikkim,2018-19,received,63724379.00,"6,37,24,379.00",rupee,,"Rajya Sabha Starred Question No. 304, 'Foreign Funds Received by NGOs', answered 24.03.2021 (MoS Home, Shri Nityanand Rai)",https://www.scribd.com/document/500156210/Foreign-Contribution-List-MHA,Annexure-I: Statement of State/UT-wise receipt of foreign contribution (in Rupees) during 2018-19,2026-09-23,"Scribd copy of the official annexure. Annexure-I: state-wise FC received in Rupees. Annexure-II: donor-country-wise FC in Rupees (excludes donor details < Rs 20,000 per FC-4). 2019-20 tables are PARTIAL: ARs filed as on 16.03.2021; filing deadline extended to 30.06.2021."
Mizoram,2018-19,received,31484031.67,"3,14,84,031.67",rupee,,"Rajya Sabha Starred Question No. 304, 'Foreign Funds Received by NGOs', answered 24.03.2021 (MoS Home, Shri Nityanand Rai)",https://www.scribd.com/document/500156210/Foreign-Contribution-List-MHA,Annexure-I: Statement of State/UT-wise receipt of foreign contribution (in Rupees) during 2018-19,2026-09-23,"Scribd copy of the official annexure. Annexure-I: state-wise FC received in Rupees. Annexure-II: donor-country-wise FC in Rupees (excludes donor details < Rs 20,000 per FC-4). 2019-20 tables are PARTIAL: ARs filed as on 16.03.2021; filing deadline extended to 30.06.2021."
Dadra and Nagar Haveli,2018-19,received,11504912.50,"1,15,04,912.50",rupee,,"Rajya Sabha Starred Question No. 304, 'Foreign Funds Received by NGOs', answered 24.03.2021 (MoS Home, Shri Nityanand Rai)",https://www.scribd.com/document/500156210/Foreign-Contribution-List-MHA,Annexure-I: Statement of State/UT-wise receipt of foreign contribution (in Rupees) during 2018-19,2026-09-23,"Scribd copy of the official annexure. Annexure-I: state-wise FC received in Rupees. Annexure-II: donor-country-wise FC in Rupees (excludes donor details < Rs 20,000 per FC-4). 2019-20 tables are PARTIAL: ARs filed as on 16.03.2021; filing deadline extended to 30.06.2021."
Andaman and Nicobar Islands,2018-19,received,11122802.00,"1,11,22,802.00",rupee,,"Rajya Sabha Starred Question No. 304, 'Foreign Funds Received by NGOs', answered 24.03.2021 (MoS Home, Shri Nityanand Rai)",https://www.scribd.com/document/500156210/Foreign-Contribution-List-MHA,Annexure-I: Statement of State/UT-wise receipt of foreign contribution (in Rupees) during 2018-19,2026-09-23,"Scribd copy of the official annexure. Annexure-I: state-wise FC received in Rupees. Annexure-II: donor-country-wise FC in Rupees (excludes donor details < Rs 20,000 per FC-4). 2019-20 tables are PARTIAL: ARs filed as on 16.03.2021; filing deadline extended to 30.06.2021."
ALL-INDIA,2018-19,received,164908898300.48,"1,64,90,88,98,300.48",rupee,,"Rajya Sabha Starred Question No. 304, 'Foreign Funds Received by NGOs', answered 24.03.2021 (MoS Home, Shri Nityanand Rai)",https://www.scribd.com/document/500156210/Foreign-Contribution-List-MHA,Annexure-I total row,2026-09-23,"Document states 17540 NGOs reported FC receipts in 2018-19; 2019-20 provisional (ARs as on 16.03.2021). Scribd copy of the official annexure. Annexure-I: state-wise FC received in Rupees. Annexure-II: donor-country-wise FC in Rupees (excludes donor details < Rs 20,000 per FC-4). 2019-20 tables are PARTIAL: ARs filed as on 16.03.2021; filing deadline extended to 30.06.2021."
Delhi,2019-20,received,4204673104.45,"4,20,46,73,104.45",rupee,,"Rajya Sabha Starred Question No. 304, 'Foreign Funds Received by NGOs', answered 24.03.2021 (MoS Home, Shri Nityanand Rai)",https://www.scribd.com/document/500156210/Foreign-Contribution-List-MHA,Annexure-I: Statement of State/UT-wise receipt of foreign contribution (in Rupees) during 2019-20,2026-09-23,"PARTIAL YEAR: only Annual Returns filed as on 16.03.2021; filing deadline was extended to 30.06.2021. Scribd copy of the official annexure. Annexure-I: state-wise FC received in Rupees. Annexure-II: donor-country-wise FC in Rupees (excludes donor details < Rs 20,000 per FC-4). 2019-20 tables are PARTIAL: ARs filed as on 16.03.2021; filing deadline extended to 30.06.2021."
Kerala,2019-20,received,2263820453.07,"2,26,38,20,453.07",rupee,,"Rajya Sabha Starred Question No. 304, 'Foreign Funds Received by NGOs', answered 24.03.2021 (MoS Home, Shri Nityanand Rai)",https://www.scribd.com/document/500156210/Foreign-Contribution-List-MHA,Annexure-I: Statement of State/UT-wise receipt of foreign contribution (in Rupees) during 2019-20,2026-09-23,"PARTIAL YEAR: only Annual Returns filed as on 16.03.2021; filing deadline was extended to 30.06.2021. Scribd copy of the official annexure. Annexure-I: state-wise FC received in Rupees. Annexure-II: donor-country-wise FC in Rupees (excludes donor details < Rs 20,000 per FC-4). 2019-20 tables are PARTIAL: ARs filed as on 16.03.2021; filing deadline extended to 30.06.2021."
West Bengal,2019-20,received,2192266293.70,"2,19,22,66,293.70",rupee,,"Rajya Sabha Starred Question No. 304, 'Foreign Funds Received by NGOs', answered 24.03.2021 (MoS Home, Shri Nityanand Rai)",https://www.scribd.com/document/500156210/Foreign-Contribution-List-MHA,Annexure-I: Statement of State/UT-wise receipt of foreign contribution (in Rupees) during 2019-20,2026-09-23,"PARTIAL YEAR: only Annual Returns filed as on 16.03.2021; filing deadline was extended to 30.06.2021. Scribd copy of the official annexure. Annexure-I: state-wise FC received in Rupees. Annexure-II: donor-country-wise FC in Rupees (excludes donor details < Rs 20,000 per FC-4). 2019-20 tables are PARTIAL: ARs filed as on 16.03.2021; filing deadline extended to 30.06.2021."
Tamil Nadu,2019-20,received,2181728945.81,"2,18,17,28,945.81",rupee,,"Rajya Sabha Starred Question No. 304, 'Foreign Funds Received by NGOs', answered 24.03.2021 (MoS Home, Shri Nityanand Rai)",https://www.scribd.com/document/500156210/Foreign-Contribution-List-MHA,Annexure-I: Statement of State/UT-wise receipt of foreign contribution (in Rupees) during 2019-20,2026-09-23,"PARTIAL YEAR: only Annual Returns filed as on 16.03.2021; filing deadline was extended to 30.06.2021. Scribd copy of the official annexure. Annexure-I: state-wise FC received in Rupees. Annexure-II: donor-country-wise FC in Rupees (excludes donor details < Rs 20,000 per FC-4). 2019-20 tables are PARTIAL: ARs filed as on 16.03.2021; filing deadline extended to 30.06.2021."
Karnataka,2019-20,received,1276886961.72,"1,27,68,86,961.72",rupee,,"Rajya Sabha Starred Question No. 304, 'Foreign Funds Received by NGOs', answered 24.03.2021 (MoS Home, Shri Nityanand Rai)",https://www.scribd.com/document/500156210/Foreign-Contribution-List-MHA,Annexure-I: Statement of State/UT-wise receipt of foreign contribution (in Rupees) during 2019-20,2026-09-23,"PARTIAL YEAR: only Annual Returns filed as on 16.03.2021; filing deadline was extended to 30.06.2021. Scribd copy of the official annexure. Annexure-I: state-wise FC received in Rupees. Annexure-II: donor-country-wise FC in Rupees (excludes donor details < Rs 20,000 per FC-4). 2019-20 tables are PARTIAL: ARs filed as on 16.03.2021; filing deadline extended to 30.06.2021."
Telangana,2019-20,received,1268956230.72,"1,26,89,56,230.72",rupee,,"Rajya Sabha Starred Question No. 304, 'Foreign Funds Received by NGOs', answered 24.03.2021 (MoS Home, Shri Nityanand Rai)",https://www.scribd.com/document/500156210/Foreign-Contribution-List-MHA,Annexure-I: Statement of State/UT-wise receipt of foreign contribution (in Rupees) during 2019-20,2026-09-23,"PARTIAL YEAR: only Annual Returns filed as on 16.03.2021; filing deadline was extended to 30.06.2021. Scribd copy of the official annexure. Annexure-I: state-wise FC received in Rupees. Annexure-II: donor-country-wise FC in Rupees (excludes donor details < Rs 20,000 per FC-4). 2019-20 tables are PARTIAL: ARs filed as on 16.03.2021; filing deadline extended to 30.06.2021."
Andhra Pradesh,2019-20,received,1233320422.32,"1,23,33,20,422.32",rupee,,"Rajya Sabha Starred Question No. 304, 'Foreign Funds Received by NGOs', answered 24.03.2021 (MoS Home, Shri Nityanand Rai)",https://www.scribd.com/document/500156210/Foreign-Contribution-List-MHA,Annexure-I: Statement of State/UT-wise receipt of foreign contribution (in Rupees) during 2019-20,2026-09-23,"PARTIAL YEAR: only Annual Returns filed as on 16.03.2021; filing deadline was extended to 30.06.2021. Scribd copy of the official annexure. Annexure-I: state-wise FC received in Rupees. Annexure-II: donor-country-wise FC in Rupees (excludes donor details < Rs 20,000 per FC-4). 2019-20 tables are PARTIAL: ARs filed as on 16.03.2021; filing deadline extended to 30.06.2021."
Maharashtra,2019-20,received,1130386583.02,"1,13,03,86,583.02",rupee,,"Rajya Sabha Starred Question No. 304, 'Foreign Funds Received by NGOs', answered 24.03.2021 (MoS Home, Shri Nityanand Rai)",https://www.scribd.com/document/500156210/Foreign-Contribution-List-MHA,Annexure-I: Statement of State/UT-wise receipt of foreign contribution (in Rupees) during 2019-20,2026-09-23,"PARTIAL YEAR: only Annual Returns filed as on 16.03.2021; filing deadline was extended to 30.06.2021. Scribd copy of the official annexure. Annexure-I: state-wise FC received in Rupees. Annexure-II: donor-country-wise FC in Rupees (excludes donor details < Rs 20,000 per FC-4). 2019-20 tables are PARTIAL: ARs filed as on 16.03.2021; filing deadline extended to 30.06.2021."
Gujarat,2019-20,received,891383581.72,"89,13,83,581.72",rupee,,"Rajya Sabha Starred Question No. 304, 'Foreign Funds Received by NGOs', answered 24.03.2021 (MoS Home, Shri Nityanand Rai)",https://www.scribd.com/document/500156210/Foreign-Contribution-List-MHA,Annexure-I: Statement of State/UT-wise receipt of foreign contribution (in Rupees) during 2019-20,2026-09-23,"PARTIAL YEAR: only Annual Returns filed as on 16.03.2021; filing deadline was extended to 30.06.2021. Scribd copy of the official annexure. Annexure-I: state-wise FC received in Rupees. Annexure-II: donor-country-wise FC in Rupees (excludes donor details < Rs 20,000 per FC-4). 2019-20 tables are PARTIAL: ARs filed as on 16.03.2021; filing deadline extended to 30.06.2021."
Punjab,2019-20,received,841939500.93,"84,19,39,500.93",rupee,,"Rajya Sabha Starred Question No. 304, 'Foreign Funds Received by NGOs', answered 24.03.2021 (MoS Home, Shri Nityanand Rai)",https://www.scribd.com/document/500156210/Foreign-Contribution-List-MHA,Annexure-I: Statement of State/UT-wise receipt of foreign contribution (in Rupees) during 2019-20,2026-09-23,"PARTIAL YEAR: only Annual Returns filed as on 16.03.2021; filing deadline was extended to 30.06.2021. Scribd copy of the official annexure. Annexure-I: state-wise FC received in Rupees. Annexure-II: donor-country-wise FC in Rupees (excludes donor details < Rs 20,000 per FC-4). 2019-20 tables are PARTIAL: ARs filed as on 16.03.2021; filing deadline extended to 30.06.2021."
Madhya Pradesh,2019-20,received,544008770.48,"54,40,08,770.48",rupee,,"Rajya Sabha Starred Question No. 304, 'Foreign Funds Received by NGOs', answered 24.03.2021 (MoS Home, Shri Nityanand Rai)",https://www.scribd.com/document/500156210/Foreign-Contribution-List-MHA,Annexure-I: Statement of State/UT-wise receipt of foreign contribution (in Rupees) during 2019-20,2026-09-23,"PARTIAL YEAR: only Annual Returns filed as on 16.03.2021; filing deadline was extended to 30.06.2021. Scribd copy of the official annexure. Annexure-I: state-wise FC received in Rupees. Annexure-II: donor-country-wise FC in Rupees (excludes donor details < Rs 20,000 per FC-4). 2019-20 tables are PARTIAL: ARs filed as on 16.03.2021; filing deadline extended to 30.06.2021."
Himachal Pradesh,2019-20,received,500636804.73,"50,06,36,804.73",rupee,,"Rajya Sabha Starred Question No. 304, 'Foreign Funds Received by NGOs', answered 24.03.2021 (MoS Home, Shri Nityanand Rai)",https://www.scribd.com/document/500156210/Foreign-Contribution-List-MHA,Annexure-I: Statement of State/UT-wise receipt of foreign contribution (in Rupees) during 2019-20,2026-09-23,"PARTIAL YEAR: only Annual Returns filed as on 16.03.2021; filing deadline was extended to 30.06.2021. Scribd copy of the official annexure. Annexure-I: state-wise FC received in Rupees. Annexure-II: donor-country-wise FC in Rupees (excludes donor details < Rs 20,000 per FC-4). 2019-20 tables are PARTIAL: ARs filed as on 16.03.2021; filing deadline extended to 30.06.2021."
Bihar,2019-20,received,491192070.97,"49,11,92,070.97",rupee,,"Rajya Sabha Starred Question No. 304, 'Foreign Funds Received by NGOs', answered 24.03.2021 (MoS Home, Shri Nityanand Rai)",https://www.scribd.com/document/500156210/Foreign-Contribution-List-MHA,Annexure-I: Statement of State/UT-wise receipt of foreign contribution (in Rupees) during 2019-20,2026-09-23,"PARTIAL YEAR: only Annual Returns filed as on 16.03.2021; filing deadline was extended to 30.06.2021. Scribd copy of the official annexure. Annexure-I: state-wise FC received in Rupees. Annexure-II: donor-country-wise FC in Rupees (excludes donor details < Rs 20,000 per FC-4). 2019-20 tables are PARTIAL: ARs filed as on 16.03.2021; filing deadline extended to 30.06.2021."
Orissa,2019-20,received,447003370.53,"44,70,03,370.53",rupee,,"Rajya Sabha Starred Question No. 304, 'Foreign Funds Received by NGOs', answered 24.03.2021 (MoS Home, Shri Nityanand Rai)",https://www.scribd.com/document/500156210/Foreign-Contribution-List-MHA,Annexure-I: Statement of State/UT-wise receipt of foreign contribution (in Rupees) during 2019-20,2026-09-23,"PARTIAL YEAR: only Annual Returns filed as on 16.03.2021; filing deadline was extended to 30.06.2021. Scribd copy of the official annexure. Annexure-I: state-wise FC received in Rupees. Annexure-II: donor-country-wise FC in Rupees (excludes donor details < Rs 20,000 per FC-4). 2019-20 tables are PARTIAL: ARs filed as on 16.03.2021; filing deadline extended to 30.06.2021."
Assam,2019-20,received,445176899.21,"44,51,76,899.21",rupee,,"Rajya Sabha Starred Question No. 304, 'Foreign Funds Received by NGOs', answered 24.03.2021 (MoS Home, Shri Nityanand Rai)",https://www.scribd.com/document/500156210/Foreign-Contribution-List-MHA,Annexure-I: Statement of State/UT-wise receipt of foreign contribution (in Rupees) during 2019-20,2026-09-23,"PARTIAL YEAR: only Annual Returns filed as on 16.03.2021; filing deadline was extended to 30.06.2021. Scribd copy of the official annexure. Annexure-I: state-wise FC received in Rupees. Annexure-II: donor-country-wise FC in Rupees (excludes donor details < Rs 20,000 per FC-4). 2019-20 tables are PARTIAL: ARs filed as on 16.03.2021; filing deadline extended to 30.06.2021."
Uttar Pradesh,2019-20,received,388561583.34,"38,85,61,583.34",rupee,,"Rajya Sabha Starred Question No. 304, 'Foreign Funds Received by NGOs', answered 24.03.2021 (MoS Home, Shri Nityanand Rai)",https://www.scribd.com/document/500156210/Foreign-Contribution-List-MHA,Annexure-I: Statement of State/UT-wise receipt of foreign contribution (in Rupees) during 2019-20,2026-09-23,"PARTIAL YEAR: only Annual Returns filed as on 16.03.2021; filing deadline was extended to 30.06.2021. Scribd copy of the official annexure. Annexure-I: state-wise FC received in Rupees. Annexure-II: donor-country-wise FC in Rupees (excludes donor details < Rs 20,000 per FC-4). 2019-20 tables are PARTIAL: ARs filed as on 16.03.2021; filing deadline extended to 30.06.2021."
Haryana,2019-20,received,373756139.75,"37,37,56,139.75",rupee,,"Rajya Sabha Starred Question No. 304, 'Foreign Funds Received by NGOs', answered 24.03.2021 (MoS Home, Shri Nityanand Rai)",https://www.scribd.com/document/500156210/Foreign-Contribution-List-MHA,Annexure-I: Statement of State/UT-wise receipt of foreign contribution (in Rupees) during 2019-20,2026-09-23,"PARTIAL YEAR: only Annual Returns filed as on 16.03.2021; filing deadline was extended to 30.06.2021. Scribd copy of the official annexure. Annexure-I: state-wise FC received in Rupees. Annexure-II: donor-country-wise FC in Rupees (excludes donor details < Rs 20,000 per FC-4). 2019-20 tables are PARTIAL: ARs filed as on 16.03.2021; filing deadline extended to 30.06.2021."
Rajasthan,2019-20,received,254501300.19,"25,45,01,300.19",rupee,,"Rajya Sabha Starred Question No. 304, 'Foreign Funds Received by NGOs', answered 24.03.2021 (MoS Home, Shri Nityanand Rai)",https://www.scribd.com/document/500156210/Foreign-Contribution-List-MHA,Annexure-I: Statement of State/UT-wise receipt of foreign contribution (in Rupees) during 2019-20,2026-09-23,"PARTIAL YEAR: only Annual Returns filed as on 16.03.2021; filing deadline was extended to 30.06.2021. Scribd copy of the official annexure. Annexure-I: state-wise FC received in Rupees. Annexure-II: donor-country-wise FC in Rupees (excludes donor details < Rs 20,000 per FC-4). 2019-20 tables are PARTIAL: ARs filed as on 16.03.2021; filing deadline extended to 30.06.2021."
Jammu and Kashmir,2019-20,received,205089204.12,"20,50,89,204.12",rupee,,"Rajya Sabha Starred Question No. 304, 'Foreign Funds Received by NGOs', answered 24.03.2021 (MoS Home, Shri Nityanand Rai)",https://www.scribd.com/document/500156210/Foreign-Contribution-List-MHA,Annexure-I: Statement of State/UT-wise receipt of foreign contribution (in Rupees) during 2019-20,2026-09-23,"PARTIAL YEAR: only Annual Returns filed as on 16.03.2021; filing deadline was extended to 30.06.2021. Scribd copy of the official annexure. Annexure-I: state-wise FC received in Rupees. Annexure-II: donor-country-wise FC in Rupees (excludes donor details < Rs 20,000 per FC-4). 2019-20 tables are PARTIAL: ARs filed as on 16.03.2021; filing deadline extended to 30.06.2021."
Jharkhand,2019-20,received,189810310.57,"18,98,10,310.57",rupee,,"Rajya Sabha Starred Question No. 304, 'Foreign Funds Received by NGOs', answered 24.03.2021 (MoS Home, Shri Nityanand Rai)",https://www.scribd.com/document/500156210/Foreign-Contribution-List-MHA,Annexure-I: Statement of State/UT-wise receipt of foreign contribution (in Rupees) during 2019-20,2026-09-23,"PARTIAL YEAR: only Annual Returns filed as on 16.03.2021; filing deadline was extended to 30.06.2021. Scribd copy of the official annexure. Annexure-I: state-wise FC received in Rupees. Annexure-II: donor-country-wise FC in Rupees (excludes donor details < Rs 20,000 per FC-4). 2019-20 tables are PARTIAL: ARs filed as on 16.03.2021; filing deadline extended to 30.06.2021."
Nagaland,2019-20,received,176537186.75,"17,65,37,186.75",rupee,,"Rajya Sabha Starred Question No. 304, 'Foreign Funds Received by NGOs', answered 24.03.2021 (MoS Home, Shri Nityanand Rai)",https://www.scribd.com/document/500156210/Foreign-Contribution-List-MHA,Annexure-I: Statement of State/UT-wise receipt of foreign contribution (in Rupees) during 2019-20,2026-09-23,"PARTIAL YEAR: only Annual Returns filed as on 16.03.2021; filing deadline was extended to 30.06.2021. Scribd copy of the official annexure. Annexure-I: state-wise FC received in Rupees. Annexure-II: donor-country-wise FC in Rupees (excludes donor details < Rs 20,000 per FC-4). 2019-20 tables are PARTIAL: ARs filed as on 16.03.2021; filing deadline extended to 30.06.2021."
Uttarakhand,2019-20,received,144486676.70,"14,44,86,676.70",rupee,,"Rajya Sabha Starred Question No. 304, 'Foreign Funds Received by NGOs', answered 24.03.2021 (MoS Home, Shri Nityanand Rai)",https://www.scribd.com/document/500156210/Foreign-Contribution-List-MHA,Annexure-I: Statement of State/UT-wise receipt of foreign contribution (in Rupees) during 2019-20,2026-09-23,"PARTIAL YEAR: only Annual Returns filed as on 16.03.2021; filing deadline was extended to 30.06.2021. Scribd copy of the official annexure. Annexure-I: state-wise FC received in Rupees. Annexure-II: donor-country-wise FC in Rupees (excludes donor details < Rs 20,000 per FC-4). 2019-20 tables are PARTIAL: ARs filed as on 16.03.2021; filing deadline extended to 30.06.2021."
Manipur,2019-20,received,56608183.73,"5,66,08,183.73",rupee,,"Rajya Sabha Starred Question No. 304, 'Foreign Funds Received by NGOs', answered 24.03.2021 (MoS Home, Shri Nityanand Rai)",https://www.scribd.com/document/500156210/Foreign-Contribution-List-MHA,Annexure-I: Statement of State/UT-wise receipt of foreign contribution (in Rupees) during 2019-20,2026-09-23,"PARTIAL YEAR: only Annual Returns filed as on 16.03.2021; filing deadline was extended to 30.06.2021. Scribd copy of the official annexure. Annexure-I: state-wise FC received in Rupees. Annexure-II: donor-country-wise FC in Rupees (excludes donor details < Rs 20,000 per FC-4). 2019-20 tables are PARTIAL: ARs filed as on 16.03.2021; filing deadline extended to 30.06.2021."
Chandigarh,2019-20,received,42671390.84,"4,26,71,390.84",rupee,,"Rajya Sabha Starred Question No. 304, 'Foreign Funds Received by NGOs', answered 24.03.2021 (MoS Home, Shri Nityanand Rai)",https://www.scribd.com/document/500156210/Foreign-Contribution-List-MHA,Annexure-I: Statement of State/UT-wise receipt of foreign contribution (in Rupees) during 2019-20,2026-09-23,"PARTIAL YEAR: only Annual Returns filed as on 16.03.2021; filing deadline was extended to 30.06.2021. Scribd copy of the official annexure. Annexure-I: state-wise FC received in Rupees. Annexure-II: donor-country-wise FC in Rupees (excludes donor details < Rs 20,000 per FC-4). 2019-20 tables are PARTIAL: ARs filed as on 16.03.2021; filing deadline extended to 30.06.2021."
Chhattisgarh,2019-20,received,40649759.29,"4,06,49,759.29",rupee,,"Rajya Sabha Starred Question No. 304, 'Foreign Funds Received by NGOs', answered 24.03.2021 (MoS Home, Shri Nityanand Rai)",https://www.scribd.com/document/500156210/Foreign-Contribution-List-MHA,Annexure-I: Statement of State/UT-wise receipt of foreign contribution (in Rupees) during 2019-20,2026-09-23,"PARTIAL YEAR: only Annual Returns filed as on 16.03.2021; filing deadline was extended to 30.06.2021. Scribd copy of the official annexure. Annexure-I: state-wise FC received in Rupees. Annexure-II: donor-country-wise FC in Rupees (excludes donor details < Rs 20,000 per FC-4). 2019-20 tables are PARTIAL: ARs filed as on 16.03.2021; filing deadline extended to 30.06.2021."
Meghalaya,2019-20,received,35432583.00,"3,54,32,583.00",rupee,,"Rajya Sabha Starred Question No. 304, 'Foreign Funds Received by NGOs', answered 24.03.2021 (MoS Home, Shri Nityanand Rai)",https://www.scribd.com/document/500156210/Foreign-Contribution-List-MHA,Annexure-I: Statement of State/UT-wise receipt of foreign contribution (in Rupees) during 2019-20,2026-09-23,"PARTIAL YEAR: only Annual Returns filed as on 16.03.2021; filing deadline was extended to 30.06.2021. Scribd copy of the official annexure. Annexure-I: state-wise FC received in Rupees. Annexure-II: donor-country-wise FC in Rupees (excludes donor details < Rs 20,000 per FC-4). 2019-20 tables are PARTIAL: ARs filed as on 16.03.2021; filing deadline extended to 30.06.2021."
Pondicherry,2019-20,received,31276682.52,"3,12,76,682.52",rupee,,"Rajya Sabha Starred Question No. 304, 'Foreign Funds Received by NGOs', answered 24.03.2021 (MoS Home, Shri Nityanand Rai)",https://www.scribd.com/document/500156210/Foreign-Contribution-List-MHA,Annexure-I: Statement of State/UT-wise receipt of foreign contribution (in Rupees) during 2019-20,2026-09-23,"PARTIAL YEAR: only Annual Returns filed as on 16.03.2021; filing deadline was extended to 30.06.2021. Scribd copy of the official annexure. Annexure-I: state-wise FC received in Rupees. Annexure-II: donor-country-wise FC in Rupees (excludes donor details < Rs 20,000 per FC-4). 2019-20 tables are PARTIAL: ARs filed as on 16.03.2021; filing deadline extended to 30.06.2021."
Tripura,2019-20,received,24076687.00,"2,40,76,687.00",rupee,,"Rajya Sabha Starred Question No. 304, 'Foreign Funds Received by NGOs', answered 24.03.2021 (MoS Home, Shri Nityanand Rai)",https://www.scribd.com/document/500156210/Foreign-Contribution-List-MHA,Annexure-I: Statement of State/UT-wise receipt of foreign contribution (in Rupees) during 2019-20,2026-09-23,"PARTIAL YEAR: only Annual Returns filed as on 16.03.2021; filing deadline was extended to 30.06.2021. Scribd copy of the official annexure. Annexure-I: state-wise FC received in Rupees. Annexure-II: donor-country-wise FC in Rupees (excludes donor details < Rs 20,000 per FC-4). 2019-20 tables are PARTIAL: ARs filed as on 16.03.2021; filing deadline extended to 30.06.2021."
Goa,2019-20,received,20048673.19,"2,00,48,673.19",rupee,,"Rajya Sabha Starred Question No. 304, 'Foreign Funds Received by NGOs', answered 24.03.2021 (MoS Home, Shri Nityanand Rai)",https://www.scribd.com/document/500156210/Foreign-Contribution-List-MHA,Annexure-I: Statement of State/UT-wise receipt of foreign contribution (in Rupees) during 2019-20,2026-09-23,"PARTIAL YEAR: only Annual Returns filed as on 16.03.2021; filing deadline was extended to 30.06.2021. Scribd copy of the official annexure. Annexure-I: state-wise FC received in Rupees. Annexure-II: donor-country-wise FC in Rupees (excludes donor details < Rs 20,000 per FC-4). 2019-20 tables are PARTIAL: ARs filed as on 16.03.2021; filing deadline extended to 30.06.2021."
Mizoram,2019-20,received,6188594.77,"61,88,594.77",rupee,,"Rajya Sabha Starred Question No. 304, 'Foreign Funds Received by NGOs', answered 24.03.2021 (MoS Home, Shri Nityanand Rai)",https://www.scribd.com/document/500156210/Foreign-Contribution-List-MHA,Annexure-I: Statement of State/UT-wise receipt of foreign contribution (in Rupees) during 2019-20,2026-09-23,"PARTIAL YEAR: only Annual Returns filed as on 16.03.2021; filing deadline was extended to 30.06.2021. Scribd copy of the official annexure. Annexure-I: state-wise FC received in Rupees. Annexure-II: donor-country-wise FC in Rupees (excludes donor details < Rs 20,000 per FC-4). 2019-20 tables are PARTIAL: ARs filed as on 16.03.2021; filing deadline extended to 30.06.2021."
Arunachal Pradesh,2019-20,received,1856304.26,"18,56,304.26",rupee,,"Rajya Sabha Starred Question No. 304, 'Foreign Funds Received by NGOs', answered 24.03.2021 (MoS Home, Shri Nityanand Rai)",https://www.scribd.com/document/500156210/Foreign-Contribution-List-MHA,Annexure-I: Statement of State/UT-wise receipt of foreign contribution (in Rupees) during 2019-20,2026-09-23,"PARTIAL YEAR: only Annual Returns filed as on 16.03.2021; filing deadline was extended to 30.06.2021. Scribd copy of the official annexure. Annexure-I: state-wise FC received in Rupees. Annexure-II: donor-country-wise FC in Rupees (excludes donor details < Rs 20,000 per FC-4). 2019-20 tables are PARTIAL: ARs filed as on 16.03.2021; filing deadline extended to 30.06.2021."
Andaman and Nicobar Islands,2019-20,received,167919.00,"1,67,919.00",rupee,,"Rajya Sabha Starred Question No. 304, 'Foreign Funds Received by NGOs', answered 24.03.2021 (MoS Home, Shri Nityanand Rai)",https://www.scribd.com/document/500156210/Foreign-Contribution-List-MHA,Annexure-I: Statement of State/UT-wise receipt of foreign contribution (in Rupees) during 2019-20,2026-09-23,"PARTIAL YEAR: only Annual Returns filed as on 16.03.2021; filing deadline was extended to 30.06.2021. Scribd copy of the official annexure. Annexure-I: state-wise FC received in Rupees. Annexure-II: donor-country-wise FC in Rupees (excludes donor details < Rs 20,000 per FC-4). 2019-20 tables are PARTIAL: ARs filed as on 16.03.2021; filing deadline extended to 30.06.2021."
Sikkim,2019-20,received,163706.00,"1,63,706.00",rupee,,"Rajya Sabha Starred Question No. 304, 'Foreign Funds Received by NGOs', answered 24.03.2021 (MoS Home, Shri Nityanand Rai)",https://www.scribd.com/document/500156210/Foreign-Contribution-List-MHA,Annexure-I: Statement of State/UT-wise receipt of foreign contribution (in Rupees) during 2019-20,2026-09-23,"PARTIAL YEAR: only Annual Returns filed as on 16.03.2021; filing deadline was extended to 30.06.2021. Scribd copy of the official annexure. Annexure-I: state-wise FC received in Rupees. Annexure-II: donor-country-wise FC in Rupees (excludes donor details < Rs 20,000 per FC-4). 2019-20 tables are PARTIAL: ARs filed as on 16.03.2021; filing deadline extended to 30.06.2021."
ALL-INDIA,2019-20,received,21905262878.40,"21,90,52,62,878.40",rupee,,"Rajya Sabha Starred Question No. 304, 'Foreign Funds Received by NGOs', answered 24.03.2021 (MoS Home, Shri Nityanand Rai)",https://www.scribd.com/document/500156210/Foreign-Contribution-List-MHA,Annexure-I total row,2026-09-23,"Document states 3475 (provisional) NGOs reported FC receipts in 2019-20; 2019-20 provisional (ARs as on 16.03.2021). Scribd copy of the official annexure. Annexure-I: state-wise FC received in Rupees. Annexure-II: donor-country-wise FC in Rupees (excludes donor details < Rs 20,000 per FC-4). 2019-20 tables are PARTIAL: ARs filed as on 16.03.2021; filing deadline extended to 30.06.2021."
ALL-INDIA,2016-17,received,183376600000.00,18337.66,crore,,"Lok Sabha Unstarred Question No. 457, 'Foreign Funding to NGOs', answered 15.09.2020 (MoS Home, Shri Nityanand Rai)",https://sansad.in/getFile/loksabhaquestions/annex/174/AU457.pdf?source=pqals,Answer table: Year / Total FC received (Rs. in Crore),2026-09-23,"National figure only; 'Total FC utilized' column illegible in text extraction -- excluded, not guessed. National 'Total FC received' (Rs in Crore). The 'Total FC utilized' column was illegible in text extraction and is excluded, not guessed."
ALL-INDIA,2017-18,received,197646400000.00,19764.64,crore,,"Lok Sabha Unstarred Question No. 457, 'Foreign Funding to NGOs', answered 15.09.2020 (MoS Home, Shri Nityanand Rai)",https://sansad.in/getFile/loksabhaquestions/annex/174/AU457.pdf?source=pqals,Answer table: Year / Total FC received (Rs. in Crore),2026-09-23,"National figure only; 'Total FC utilized' column illegible in text extraction -- excluded, not guessed. National 'Total FC received' (Rs in Crore). The 'Total FC utilized' column was illegible in text extraction and is excluded, not guessed."
ALL-INDIA,2018-19,received,200112100000.00,20011.21,crore,,"Lok Sabha Unstarred Question No. 457, 'Foreign Funding to NGOs', answered 15.09.2020 (MoS Home, Shri Nityanand Rai)",https://sansad.in/getFile/loksabhaquestions/annex/174/AU457.pdf?source=pqals,Answer table: Year / Total FC received (Rs. in Crore),2026-09-23,"National figure only; 'Total FC utilized' column illegible in text extraction -- excluded, not guessed. National 'Total FC received' (Rs in Crore). The 'Total FC utilized' column was illegible in text extraction and is excluded, not guessed."
Andaman & Nicobar Islands,2019-20,received,25200000.00,2.52,crore,,"Rajya Sabha Unstarred Question No. 3253, 'Funds Received by NGOs from Abroad', answered 29.03.2023 (MoS Home, Shri Nityanand Rai)",https://www.mha.gov.in/MHA1/Par2017/pdfs/par2023-pdfs/RS29032023/3253.pdf,Annexure-I: Statewise Receipt of foreign contribution during 2019-20 (Rs in Crore),2026-09-23,"Based on Annual Returns submitted as on 22.03.2023. Annexure-I: state-wise FC RECEIVED (Rs Cr). Annexure-II: state-wise FC UTILIZED (Rs Cr). Based on Annual Returns submitted as on 22.03.2023. Annexure-III: cancellations 2020 to 22.03.2023 (state counts, not amounts)."
Andhra Pradesh,2019-20,received,10172800000.00,1017.28,crore,,"Rajya Sabha Unstarred Question No. 3253, 'Funds Received by NGOs from Abroad', answered 29.03.2023 (MoS Home, Shri Nityanand Rai)",https://www.mha.gov.in/MHA1/Par2017/pdfs/par2023-pdfs/RS29032023/3253.pdf,Annexure-I: Statewise Receipt of foreign contribution during 2019-20 (Rs in Crore),2026-09-23,"Based on Annual Returns submitted as on 22.03.2023. Annexure-I: state-wise FC RECEIVED (Rs Cr). Annexure-II: state-wise FC UTILIZED (Rs Cr). Based on Annual Returns submitted as on 22.03.2023. Annexure-III: cancellations 2020 to 22.03.2023 (state counts, not amounts)."
Arunachal Pradesh,2019-20,received,125700000.00,12.57,crore,,"Rajya Sabha Unstarred Question No. 3253, 'Funds Received by NGOs from Abroad', answered 29.03.2023 (MoS Home, Shri Nityanand Rai)",https://www.mha.gov.in/MHA1/Par2017/pdfs/par2023-pdfs/RS29032023/3253.pdf,Annexure-I: Statewise Receipt of foreign contribution during 2019-20 (Rs in Crore),2026-09-23,"Based on Annual Returns submitted as on 22.03.2023. Annexure-I: state-wise FC RECEIVED (Rs Cr). Annexure-II: state-wise FC UTILIZED (Rs Cr). Based on Annual Returns submitted as on 22.03.2023. Annexure-III: cancellations 2020 to 22.03.2023 (state counts, not amounts)."
Assam,2019-20,received,1624800000.00,162.48,crore,,"Rajya Sabha Unstarred Question No. 3253, 'Funds Received by NGOs from Abroad', answered 29.03.2023 (MoS Home, Shri Nityanand Rai)",https://www.mha.gov.in/MHA1/Par2017/pdfs/par2023-pdfs/RS29032023/3253.pdf,Annexure-I: Statewise Receipt of foreign contribution during 2019-20 (Rs in Crore),2026-09-23,"Based on Annual Returns submitted as on 22.03.2023. Annexure-I: state-wise FC RECEIVED (Rs Cr). Annexure-II: state-wise FC UTILIZED (Rs Cr). Based on Annual Returns submitted as on 22.03.2023. Annexure-III: cancellations 2020 to 22.03.2023 (state counts, not amounts)."
Bihar,2019-20,received,2260800000.00,226.08,crore,,"Rajya Sabha Unstarred Question No. 3253, 'Funds Received by NGOs from Abroad', answered 29.03.2023 (MoS Home, Shri Nityanand Rai)",https://www.mha.gov.in/MHA1/Par2017/pdfs/par2023-pdfs/RS29032023/3253.pdf,Annexure-I: Statewise Receipt of foreign contribution during 2019-20 (Rs in Crore),2026-09-23,"Based on Annual Returns submitted as on 22.03.2023. Annexure-I: state-wise FC RECEIVED (Rs Cr). Annexure-II: state-wise FC UTILIZED (Rs Cr). Based on Annual Returns submitted as on 22.03.2023. Annexure-III: cancellations 2020 to 22.03.2023 (state counts, not amounts)."
Chandigarh,2019-20,received,391900000.00,39.19,crore,,"Rajya Sabha Unstarred Question No. 3253, 'Funds Received by NGOs from Abroad', answered 29.03.2023 (MoS Home, Shri Nityanand Rai)",https://www.mha.gov.in/MHA1/Par2017/pdfs/par2023-pdfs/RS29032023/3253.pdf,Annexure-I: Statewise Receipt of foreign contribution during 2019-20 (Rs in Crore),2026-09-23,"Based on Annual Returns submitted as on 22.03.2023. Annexure-I: state-wise FC RECEIVED (Rs Cr). Annexure-II: state-wise FC UTILIZED (Rs Cr). Based on Annual Returns submitted as on 22.03.2023. Annexure-III: cancellations 2020 to 22.03.2023 (state counts, not amounts)."
Chhattisgarh,2019-20,received,483900000.00,48.39,crore,,"Rajya Sabha Unstarred Question No. 3253, 'Funds Received by NGOs from Abroad', answered 29.03.2023 (MoS Home, Shri Nityanand Rai)",https://www.mha.gov.in/MHA1/Par2017/pdfs/par2023-pdfs/RS29032023/3253.pdf,Annexure-I: Statewise Receipt of foreign contribution during 2019-20 (Rs in Crore),2026-09-23,"Based on Annual Returns submitted as on 22.03.2023. Annexure-I: state-wise FC RECEIVED (Rs Cr). Annexure-II: state-wise FC UTILIZED (Rs Cr). Based on Annual Returns submitted as on 22.03.2023. Annexure-III: cancellations 2020 to 22.03.2023 (state counts, not amounts)."
Dadra & Nagar Haveli,2019-20,received,41200000.00,4.12,crore,,"Rajya Sabha Unstarred Question No. 3253, 'Funds Received by NGOs from Abroad', answered 29.03.2023 (MoS Home, Shri Nityanand Rai)",https://www.mha.gov.in/MHA1/Par2017/pdfs/par2023-pdfs/RS29032023/3253.pdf,Annexure-I: Statewise Receipt of foreign contribution during 2019-20 (Rs in Crore),2026-09-23,"Based on Annual Returns submitted as on 22.03.2023. Annexure-I: state-wise FC RECEIVED (Rs Cr). Annexure-II: state-wise FC UTILIZED (Rs Cr). Based on Annual Returns submitted as on 22.03.2023. Annexure-III: cancellations 2020 to 22.03.2023 (state counts, not amounts)."
Delhi,2019-20,received,42736500000.00,4273.65,crore,,"Rajya Sabha Unstarred Question No. 3253, 'Funds Received by NGOs from Abroad', answered 29.03.2023 (MoS Home, Shri Nityanand Rai)",https://www.mha.gov.in/MHA1/Par2017/pdfs/par2023-pdfs/RS29032023/3253.pdf,Annexure-I: Statewise Receipt of foreign contribution during 2019-20 (Rs in Crore),2026-09-23,"Based on Annual Returns submitted as on 22.03.2023. Annexure-I: state-wise FC RECEIVED (Rs Cr). Annexure-II: state-wise FC UTILIZED (Rs Cr). Based on Annual Returns submitted as on 22.03.2023. Annexure-III: cancellations 2020 to 22.03.2023 (state counts, not amounts)."
Goa,2019-20,received,370600000.00,37.06,crore,,"Rajya Sabha Unstarred Question No. 3253, 'Funds Received by NGOs from Abroad', answered 29.03.2023 (MoS Home, Shri Nityanand Rai)",https://www.mha.gov.in/MHA1/Par2017/pdfs/par2023-pdfs/RS29032023/3253.pdf,Annexure-I: Statewise Receipt of foreign contribution during 2019-20 (Rs in Crore),2026-09-23,"Based on Annual Returns submitted as on 22.03.2023. Annexure-I: state-wise FC RECEIVED (Rs Cr). Annexure-II: state-wise FC UTILIZED (Rs Cr). Based on Annual Returns submitted as on 22.03.2023. Annexure-III: cancellations 2020 to 22.03.2023 (state counts, not amounts)."
Gujarat,2019-20,received,7696400000.00,769.64,crore,,"Rajya Sabha Unstarred Question No. 3253, 'Funds Received by NGOs from Abroad', answered 29.03.2023 (MoS Home, Shri Nityanand Rai)",https://www.mha.gov.in/MHA1/Par2017/pdfs/par2023-pdfs/RS29032023/3253.pdf,Annexure-I: Statewise Receipt of foreign contribution during 2019-20 (Rs in Crore),2026-09-23,"Based on Annual Returns submitted as on 22.03.2023. Annexure-I: state-wise FC RECEIVED (Rs Cr). Annexure-II: state-wise FC UTILIZED (Rs Cr). Based on Annual Returns submitted as on 22.03.2023. Annexure-III: cancellations 2020 to 22.03.2023 (state counts, not amounts)."
Haryana,2019-20,received,820900000.00,82.09,crore,,"Rajya Sabha Unstarred Question No. 3253, 'Funds Received by NGOs from Abroad', answered 29.03.2023 (MoS Home, Shri Nityanand Rai)",https://www.mha.gov.in/MHA1/Par2017/pdfs/par2023-pdfs/RS29032023/3253.pdf,Annexure-I: Statewise Receipt of foreign contribution during 2019-20 (Rs in Crore),2026-09-23,"Based on Annual Returns submitted as on 22.03.2023. Annexure-I: state-wise FC RECEIVED (Rs Cr). Annexure-II: state-wise FC UTILIZED (Rs Cr). Based on Annual Returns submitted as on 22.03.2023. Annexure-III: cancellations 2020 to 22.03.2023 (state counts, not amounts)."
Himachal Pradesh,2019-20,received,2287700000.00,228.77,crore,,"Rajya Sabha Unstarred Question No. 3253, 'Funds Received by NGOs from Abroad', answered 29.03.2023 (MoS Home, Shri Nityanand Rai)",https://www.mha.gov.in/MHA1/Par2017/pdfs/par2023-pdfs/RS29032023/3253.pdf,Annexure-I: Statewise Receipt of foreign contribution during 2019-20 (Rs in Crore),2026-09-23,"Based on Annual Returns submitted as on 22.03.2023. Annexure-I: state-wise FC RECEIVED (Rs Cr). Annexure-II: state-wise FC UTILIZED (Rs Cr). Based on Annual Returns submitted as on 22.03.2023. Annexure-III: cancellations 2020 to 22.03.2023 (state counts, not amounts)."
Jammu & Kashmir,2019-20,received,500300000.00,50.03,crore,,"Rajya Sabha Unstarred Question No. 3253, 'Funds Received by NGOs from Abroad', answered 29.03.2023 (MoS Home, Shri Nityanand Rai)",https://www.mha.gov.in/MHA1/Par2017/pdfs/par2023-pdfs/RS29032023/3253.pdf,Annexure-I: Statewise Receipt of foreign contribution during 2019-20 (Rs in Crore),2026-09-23,"Based on Annual Returns submitted as on 22.03.2023. Annexure-I: state-wise FC RECEIVED (Rs Cr). Annexure-II: state-wise FC UTILIZED (Rs Cr). Based on Annual Returns submitted as on 22.03.2023. Annexure-III: cancellations 2020 to 22.03.2023 (state counts, not amounts)."
Jharkhand,2019-20,received,1307200000.00,130.72,crore,,"Rajya Sabha Unstarred Question No. 3253, 'Funds Received by NGOs from Abroad', answered 29.03.2023 (MoS Home, Shri Nityanand Rai)",https://www.mha.gov.in/MHA1/Par2017/pdfs/par2023-pdfs/RS29032023/3253.pdf,Annexure-I: Statewise Receipt of foreign contribution during 2019-20 (Rs in Crore),2026-09-23,"Based on Annual Returns submitted as on 22.03.2023. Annexure-I: state-wise FC RECEIVED (Rs Cr). Annexure-II: state-wise FC UTILIZED (Rs Cr). Based on Annual Returns submitted as on 22.03.2023. Annexure-III: cancellations 2020 to 22.03.2023 (state counts, not amounts)."
Karnataka,2019-20,received,17955400000.00,1795.54,crore,,"Rajya Sabha Unstarred Question No. 3253, 'Funds Received by NGOs from Abroad', answered 29.03.2023 (MoS Home, Shri Nityanand Rai)",https://www.mha.gov.in/MHA1/Par2017/pdfs/par2023-pdfs/RS29032023/3253.pdf,Annexure-I: Statewise Receipt of foreign contribution during 2019-20 (Rs in Crore),2026-09-23,"Based on Annual Returns submitted as on 22.03.2023. Annexure-I: state-wise FC RECEIVED (Rs Cr). Annexure-II: state-wise FC UTILIZED (Rs Cr). Based on Annual Returns submitted as on 22.03.2023. Annexure-III: cancellations 2020 to 22.03.2023 (state counts, not amounts)."
Kerala,2019-20,received,8680100000.00,868.01,crore,,"Rajya Sabha Unstarred Question No. 3253, 'Funds Received by NGOs from Abroad', answered 29.03.2023 (MoS Home, Shri Nityanand Rai)",https://www.mha.gov.in/MHA1/Par2017/pdfs/par2023-pdfs/RS29032023/3253.pdf,Annexure-I: Statewise Receipt of foreign contribution during 2019-20 (Rs in Crore),2026-09-23,"Based on Annual Returns submitted as on 22.03.2023. Annexure-I: state-wise FC RECEIVED (Rs Cr). Annexure-II: state-wise FC UTILIZED (Rs Cr). Based on Annual Returns submitted as on 22.03.2023. Annexure-III: cancellations 2020 to 22.03.2023 (state counts, not amounts)."
Madhya Pradesh,2019-20,received,2200600000.00,220.06,crore,,"Rajya Sabha Unstarred Question No. 3253, 'Funds Received by NGOs from Abroad', answered 29.03.2023 (MoS Home, Shri Nityanand Rai)",https://www.mha.gov.in/MHA1/Par2017/pdfs/par2023-pdfs/RS29032023/3253.pdf,Annexure-I: Statewise Receipt of foreign contribution during 2019-20 (Rs in Crore),2026-09-23,"Based on Annual Returns submitted as on 22.03.2023. Annexure-I: state-wise FC RECEIVED (Rs Cr). Annexure-II: state-wise FC UTILIZED (Rs Cr). Based on Annual Returns submitted as on 22.03.2023. Annexure-III: cancellations 2020 to 22.03.2023 (state counts, not amounts)."
Maharashtra,2019-20,received,15672800000.00,1567.28,crore,,"Rajya Sabha Unstarred Question No. 3253, 'Funds Received by NGOs from Abroad', answered 29.03.2023 (MoS Home, Shri Nityanand Rai)",https://www.mha.gov.in/MHA1/Par2017/pdfs/par2023-pdfs/RS29032023/3253.pdf,Annexure-I: Statewise Receipt of foreign contribution during 2019-20 (Rs in Crore),2026-09-23,"Based on Annual Returns submitted as on 22.03.2023. Annexure-I: state-wise FC RECEIVED (Rs Cr). Annexure-II: state-wise FC UTILIZED (Rs Cr). Based on Annual Returns submitted as on 22.03.2023. Annexure-III: cancellations 2020 to 22.03.2023 (state counts, not amounts)."
Manipur,2019-20,received,353500000.00,35.35,crore,,"Rajya Sabha Unstarred Question No. 3253, 'Funds Received by NGOs from Abroad', answered 29.03.2023 (MoS Home, Shri Nityanand Rai)",https://www.mha.gov.in/MHA1/Par2017/pdfs/par2023-pdfs/RS29032023/3253.pdf,Annexure-I: Statewise Receipt of foreign contribution during 2019-20 (Rs in Crore),2026-09-23,"Based on Annual Returns submitted as on 22.03.2023. Annexure-I: state-wise FC RECEIVED (Rs Cr). Annexure-II: state-wise FC UTILIZED (Rs Cr). Based on Annual Returns submitted as on 22.03.2023. Annexure-III: cancellations 2020 to 22.03.2023 (state counts, not amounts)."
Meghalaya,2019-20,received,596400000.00,59.64,crore,,"Rajya Sabha Unstarred Question No. 3253, 'Funds Received by NGOs from Abroad', answered 29.03.2023 (MoS Home, Shri Nityanand Rai)",https://www.mha.gov.in/MHA1/Par2017/pdfs/par2023-pdfs/RS29032023/3253.pdf,Annexure-I: Statewise Receipt of foreign contribution during 2019-20 (Rs in Crore),2026-09-23,"Based on Annual Returns submitted as on 22.03.2023. Annexure-I: state-wise FC RECEIVED (Rs Cr). Annexure-II: state-wise FC UTILIZED (Rs Cr). Based on Annual Returns submitted as on 22.03.2023. Annexure-III: cancellations 2020 to 22.03.2023 (state counts, not amounts)."
Mizoram,2019-20,received,26300000.00,2.63,crore,,"Rajya Sabha Unstarred Question No. 3253, 'Funds Received by NGOs from Abroad', answered 29.03.2023 (MoS Home, Shri Nityanand Rai)",https://www.mha.gov.in/MHA1/Par2017/pdfs/par2023-pdfs/RS29032023/3253.pdf,Annexure-I: Statewise Receipt of foreign contribution during 2019-20 (Rs in Crore),2026-09-23,"Based on Annual Returns submitted as on 22.03.2023. Annexure-I: state-wise FC RECEIVED (Rs Cr). Annexure-II: state-wise FC UTILIZED (Rs Cr). Based on Annual Returns submitted as on 22.03.2023. Annexure-III: cancellations 2020 to 22.03.2023 (state counts, not amounts)."
Nagaland,2019-20,received,489400000.00,48.94,crore,,"Rajya Sabha Unstarred Question No. 3253, 'Funds Received by NGOs from Abroad', answered 29.03.2023 (MoS Home, Shri Nityanand Rai)",https://www.mha.gov.in/MHA1/Par2017/pdfs/par2023-pdfs/RS29032023/3253.pdf,Annexure-I: Statewise Receipt of foreign contribution during 2019-20 (Rs in Crore),2026-09-23,"Based on Annual Returns submitted as on 22.03.2023. Annexure-I: state-wise FC RECEIVED (Rs Cr). Annexure-II: state-wise FC UTILIZED (Rs Cr). Based on Annual Returns submitted as on 22.03.2023. Annexure-III: cancellations 2020 to 22.03.2023 (state counts, not amounts)."
Orissa,2019-20,received,2898700000.00,289.87,crore,,"Rajya Sabha Unstarred Question No. 3253, 'Funds Received by NGOs from Abroad', answered 29.03.2023 (MoS Home, Shri Nityanand Rai)",https://www.mha.gov.in/MHA1/Par2017/pdfs/par2023-pdfs/RS29032023/3253.pdf,Annexure-I: Statewise Receipt of foreign contribution during 2019-20 (Rs in Crore),2026-09-23,"Based on Annual Returns submitted as on 22.03.2023. Annexure-I: state-wise FC RECEIVED (Rs Cr). Annexure-II: state-wise FC UTILIZED (Rs Cr). Based on Annual Returns submitted as on 22.03.2023. Annexure-III: cancellations 2020 to 22.03.2023 (state counts, not amounts)."
Pondicherry,2019-20,received,273700000.00,27.37,crore,,"Rajya Sabha Unstarred Question No. 3253, 'Funds Received by NGOs from Abroad', answered 29.03.2023 (MoS Home, Shri Nityanand Rai)",https://www.mha.gov.in/MHA1/Par2017/pdfs/par2023-pdfs/RS29032023/3253.pdf,Annexure-I: Statewise Receipt of foreign contribution during 2019-20 (Rs in Crore),2026-09-23,"Based on Annual Returns submitted as on 22.03.2023. Annexure-I: state-wise FC RECEIVED (Rs Cr). Annexure-II: state-wise FC UTILIZED (Rs Cr). Based on Annual Returns submitted as on 22.03.2023. Annexure-III: cancellations 2020 to 22.03.2023 (state counts, not amounts)."
Punjab,2019-20,received,1711100000.00,171.11,crore,,"Rajya Sabha Unstarred Question No. 3253, 'Funds Received by NGOs from Abroad', answered 29.03.2023 (MoS Home, Shri Nityanand Rai)",https://www.mha.gov.in/MHA1/Par2017/pdfs/par2023-pdfs/RS29032023/3253.pdf,Annexure-I: Statewise Receipt of foreign contribution during 2019-20 (Rs in Crore),2026-09-23,"Based on Annual Returns submitted as on 22.03.2023. Annexure-I: state-wise FC RECEIVED (Rs Cr). Annexure-II: state-wise FC UTILIZED (Rs Cr). Based on Annual Returns submitted as on 22.03.2023. Annexure-III: cancellations 2020 to 22.03.2023 (state counts, not amounts)."
Rajasthan,2019-20,received,1586100000.00,158.61,crore,,"Rajya Sabha Unstarred Question No. 3253, 'Funds Received by NGOs from Abroad', answered 29.03.2023 (MoS Home, Shri Nityanand Rai)",https://www.mha.gov.in/MHA1/Par2017/pdfs/par2023-pdfs/RS29032023/3253.pdf,Annexure-I: Statewise Receipt of foreign contribution during 2019-20 (Rs in Crore),2026-09-23,"Based on Annual Returns submitted as on 22.03.2023. Annexure-I: state-wise FC RECEIVED (Rs Cr). Annexure-II: state-wise FC UTILIZED (Rs Cr). Based on Annual Returns submitted as on 22.03.2023. Annexure-III: cancellations 2020 to 22.03.2023 (state counts, not amounts)."
Sikkim,2019-20,received,90400000.00,9.04,crore,,"Rajya Sabha Unstarred Question No. 3253, 'Funds Received by NGOs from Abroad', answered 29.03.2023 (MoS Home, Shri Nityanand Rai)",https://www.mha.gov.in/MHA1/Par2017/pdfs/par2023-pdfs/RS29032023/3253.pdf,Annexure-I: Statewise Receipt of foreign contribution during 2019-20 (Rs in Crore),2026-09-23,"Based on Annual Returns submitted as on 22.03.2023. Annexure-I: state-wise FC RECEIVED (Rs Cr). Annexure-II: state-wise FC UTILIZED (Rs Cr). Based on Annual Returns submitted as on 22.03.2023. Annexure-III: cancellations 2020 to 22.03.2023 (state counts, not amounts)."
Tamil Nadu,2019-20,received,21626600000.00,2162.66,crore,,"Rajya Sabha Unstarred Question No. 3253, 'Funds Received by NGOs from Abroad', answered 29.03.2023 (MoS Home, Shri Nityanand Rai)",https://www.mha.gov.in/MHA1/Par2017/pdfs/par2023-pdfs/RS29032023/3253.pdf,Annexure-I: Statewise Receipt of foreign contribution during 2019-20 (Rs in Crore),2026-09-23,"Based on Annual Returns submitted as on 22.03.2023. Annexure-I: state-wise FC RECEIVED (Rs Cr). Annexure-II: state-wise FC UTILIZED (Rs Cr). Based on Annual Returns submitted as on 22.03.2023. Annexure-III: cancellations 2020 to 22.03.2023 (state counts, not amounts)."
Telangana,2019-20,received,6237500000.00,623.75,crore,,"Rajya Sabha Unstarred Question No. 3253, 'Funds Received by NGOs from Abroad', answered 29.03.2023 (MoS Home, Shri Nityanand Rai)",https://www.mha.gov.in/MHA1/Par2017/pdfs/par2023-pdfs/RS29032023/3253.pdf,Annexure-I: Statewise Receipt of foreign contribution during 2019-20 (Rs in Crore),2026-09-23,"Based on Annual Returns submitted as on 22.03.2023. Annexure-I: state-wise FC RECEIVED (Rs Cr). Annexure-II: state-wise FC UTILIZED (Rs Cr). Based on Annual Returns submitted as on 22.03.2023. Annexure-III: cancellations 2020 to 22.03.2023 (state counts, not amounts)."
Tripura,2019-20,received,107400000.00,10.74,crore,,"Rajya Sabha Unstarred Question No. 3253, 'Funds Received by NGOs from Abroad', answered 29.03.2023 (MoS Home, Shri Nityanand Rai)",https://www.mha.gov.in/MHA1/Par2017/pdfs/par2023-pdfs/RS29032023/3253.pdf,Annexure-I: Statewise Receipt of foreign contribution during 2019-20 (Rs in Crore),2026-09-23,"Based on Annual Returns submitted as on 22.03.2023. Annexure-I: state-wise FC RECEIVED (Rs Cr). Annexure-II: state-wise FC UTILIZED (Rs Cr). Based on Annual Returns submitted as on 22.03.2023. Annexure-III: cancellations 2020 to 22.03.2023 (state counts, not amounts)."
Uttar Pradesh,2019-20,received,3730100000.00,373.01,crore,,"Rajya Sabha Unstarred Question No. 3253, 'Funds Received by NGOs from Abroad', answered 29.03.2023 (MoS Home, Shri Nityanand Rai)",https://www.mha.gov.in/MHA1/Par2017/pdfs/par2023-pdfs/RS29032023/3253.pdf,Annexure-I: Statewise Receipt of foreign contribution during 2019-20 (Rs in Crore),2026-09-23,"Based on Annual Returns submitted as on 22.03.2023. Annexure-I: state-wise FC RECEIVED (Rs Cr). Annexure-II: state-wise FC UTILIZED (Rs Cr). Based on Annual Returns submitted as on 22.03.2023. Annexure-III: cancellations 2020 to 22.03.2023 (state counts, not amounts)."
Uttarakhand,2019-20,received,1240800000.00,124.08,crore,,"Rajya Sabha Unstarred Question No. 3253, 'Funds Received by NGOs from Abroad', answered 29.03.2023 (MoS Home, Shri Nityanand Rai)",https://www.mha.gov.in/MHA1/Par2017/pdfs/par2023-pdfs/RS29032023/3253.pdf,Annexure-I: Statewise Receipt of foreign contribution during 2019-20 (Rs in Crore),2026-09-23,"Based on Annual Returns submitted as on 22.03.2023. Annexure-I: state-wise FC RECEIVED (Rs Cr). Annexure-II: state-wise FC UTILIZED (Rs Cr). Based on Annual Returns submitted as on 22.03.2023. Annexure-III: cancellations 2020 to 22.03.2023 (state counts, not amounts)."
West Bengal,2019-20,received,7272000000.00,727.20,crore,,"Rajya Sabha Unstarred Question No. 3253, 'Funds Received by NGOs from Abroad', answered 29.03.2023 (MoS Home, Shri Nityanand Rai)",https://www.mha.gov.in/MHA1/Par2017/pdfs/par2023-pdfs/RS29032023/3253.pdf,Annexure-I: Statewise Receipt of foreign contribution during 2019-20 (Rs in Crore),2026-09-23,"Based on Annual Returns submitted as on 22.03.2023. Annexure-I: state-wise FC RECEIVED (Rs Cr). Annexure-II: state-wise FC UTILIZED (Rs Cr). Based on Annual Returns submitted as on 22.03.2023. Annexure-III: cancellations 2020 to 22.03.2023 (state counts, not amounts)."
Andaman & Nicobar Islands,2019-20,utilized,37100000.00,3.71,crore,,"Rajya Sabha Unstarred Question No. 3253, 'Funds Received by NGOs from Abroad', answered 29.03.2023 (MoS Home, Shri Nityanand Rai)",https://www.mha.gov.in/MHA1/Par2017/pdfs/par2023-pdfs/RS29032023/3253.pdf,Annexure-II: Statewise Utilisation of foreign contribution during 2019-20 (Rs in Crore),2026-09-23,"Utilized can exceed received: it includes opening balances / prior-year funds per FC-4 annual returns. Annexure-I: state-wise FC RECEIVED (Rs Cr). Annexure-II: state-wise FC UTILIZED (Rs Cr). Based on Annual Returns submitted as on 22.03.2023. Annexure-III: cancellations 2020 to 22.03.2023 (state counts, not amounts)."
Andhra Pradesh,2019-20,utilized,12492400000.00,1249.24,crore,,"Rajya Sabha Unstarred Question No. 3253, 'Funds Received by NGOs from Abroad', answered 29.03.2023 (MoS Home, Shri Nityanand Rai)",https://www.mha.gov.in/MHA1/Par2017/pdfs/par2023-pdfs/RS29032023/3253.pdf,Annexure-II: Statewise Utilisation of foreign contribution during 2019-20 (Rs in Crore),2026-09-23,"Utilized can exceed received: it includes opening balances / prior-year funds per FC-4 annual returns. Annexure-I: state-wise FC RECEIVED (Rs Cr). Annexure-II: state-wise FC UTILIZED (Rs Cr). Based on Annual Returns submitted as on 22.03.2023. Annexure-III: cancellations 2020 to 22.03.2023 (state counts, not amounts)."
Arunachal Pradesh,2019-20,utilized,144400000.00,14.44,crore,,"Rajya Sabha Unstarred Question No. 3253, 'Funds Received by NGOs from Abroad', answered 29.03.2023 (MoS Home, Shri Nityanand Rai)",https://www.mha.gov.in/MHA1/Par2017/pdfs/par2023-pdfs/RS29032023/3253.pdf,Annexure-II: Statewise Utilisation of foreign contribution during 2019-20 (Rs in Crore),2026-09-23,"Utilized can exceed received: it includes opening balances / prior-year funds per FC-4 annual returns. Annexure-I: state-wise FC RECEIVED (Rs Cr). Annexure-II: state-wise FC UTILIZED (Rs Cr). Based on Annual Returns submitted as on 22.03.2023. Annexure-III: cancellations 2020 to 22.03.2023 (state counts, not amounts)."
Assam,2019-20,utilized,1822400000.00,182.24,crore,,"Rajya Sabha Unstarred Question No. 3253, 'Funds Received by NGOs from Abroad', answered 29.03.2023 (MoS Home, Shri Nityanand Rai)",https://www.mha.gov.in/MHA1/Par2017/pdfs/par2023-pdfs/RS29032023/3253.pdf,Annexure-II: Statewise Utilisation of foreign contribution during 2019-20 (Rs in Crore),2026-09-23,"Utilized can exceed received: it includes opening balances / prior-year funds per FC-4 annual returns. Annexure-I: state-wise FC RECEIVED (Rs Cr). Annexure-II: state-wise FC UTILIZED (Rs Cr). Based on Annual Returns submitted as on 22.03.2023. Annexure-III: cancellations 2020 to 22.03.2023 (state counts, not amounts)."
Bihar,2019-20,utilized,5600000000.00,560.00,crore,,"Rajya Sabha Unstarred Question No. 3253, 'Funds Received by NGOs from Abroad', answered 29.03.2023 (MoS Home, Shri Nityanand Rai)",https://www.mha.gov.in/MHA1/Par2017/pdfs/par2023-pdfs/RS29032023/3253.pdf,Annexure-II: Statewise Utilisation of foreign contribution during 2019-20 (Rs in Crore),2026-09-23,"Utilized can exceed received: it includes opening balances / prior-year funds per FC-4 annual returns. Annexure-I: state-wise FC RECEIVED (Rs Cr). Annexure-II: state-wise FC UTILIZED (Rs Cr). Based on Annual Returns submitted as on 22.03.2023. Annexure-III: cancellations 2020 to 22.03.2023 (state counts, not amounts)."
Chandigarh,2019-20,utilized,501700000.00,50.17,crore,,"Rajya Sabha Unstarred Question No. 3253, 'Funds Received by NGOs from Abroad', answered 29.03.2023 (MoS Home, Shri Nityanand Rai)",https://www.mha.gov.in/MHA1/Par2017/pdfs/par2023-pdfs/RS29032023/3253.pdf,Annexure-II: Statewise Utilisation of foreign contribution during 2019-20 (Rs in Crore),2026-09-23,"Utilized can exceed received: it includes opening balances / prior-year funds per FC-4 annual returns. Annexure-I: state-wise FC RECEIVED (Rs Cr). Annexure-II: state-wise FC UTILIZED (Rs Cr). Based on Annual Returns submitted as on 22.03.2023. Annexure-III: cancellations 2020 to 22.03.2023 (state counts, not amounts)."
Chhattisgarh,2019-20,utilized,798100000.00,79.81,crore,,"Rajya Sabha Unstarred Question No. 3253, 'Funds Received by NGOs from Abroad', answered 29.03.2023 (MoS Home, Shri Nityanand Rai)",https://www.mha.gov.in/MHA1/Par2017/pdfs/par2023-pdfs/RS29032023/3253.pdf,Annexure-II: Statewise Utilisation of foreign contribution during 2019-20 (Rs in Crore),2026-09-23,"Utilized can exceed received: it includes opening balances / prior-year funds per FC-4 annual returns. Annexure-I: state-wise FC RECEIVED (Rs Cr). Annexure-II: state-wise FC UTILIZED (Rs Cr). Based on Annual Returns submitted as on 22.03.2023. Annexure-III: cancellations 2020 to 22.03.2023 (state counts, not amounts)."
Dadra & Nagar Haveli,2019-20,utilized,37400000.00,3.74,crore,,"Rajya Sabha Unstarred Question No. 3253, 'Funds Received by NGOs from Abroad', answered 29.03.2023 (MoS Home, Shri Nityanand Rai)",https://www.mha.gov.in/MHA1/Par2017/pdfs/par2023-pdfs/RS29032023/3253.pdf,Annexure-II: Statewise Utilisation of foreign contribution during 2019-20 (Rs in Crore),2026-09-23,"Utilized can exceed received: it includes opening balances / prior-year funds per FC-4 annual returns. Annexure-I: state-wise FC RECEIVED (Rs Cr). Annexure-II: state-wise FC UTILIZED (Rs Cr). Based on Annual Returns submitted as on 22.03.2023. Annexure-III: cancellations 2020 to 22.03.2023 (state counts, not amounts)."
Delhi,2019-20,utilized,74405500000.00,7440.55,crore,,"Rajya Sabha Unstarred Question No. 3253, 'Funds Received by NGOs from Abroad', answered 29.03.2023 (MoS Home, Shri Nityanand Rai)",https://www.mha.gov.in/MHA1/Par2017/pdfs/par2023-pdfs/RS29032023/3253.pdf,Annexure-II: Statewise Utilisation of foreign contribution during 2019-20 (Rs in Crore),2026-09-23,"Utilized can exceed received: it includes opening balances / prior-year funds per FC-4 annual returns. Annexure-I: state-wise FC RECEIVED (Rs Cr). Annexure-II: state-wise FC UTILIZED (Rs Cr). Based on Annual Returns submitted as on 22.03.2023. Annexure-III: cancellations 2020 to 22.03.2023 (state counts, not amounts)."
Goa,2019-20,utilized,408500000.00,40.85,crore,,"Rajya Sabha Unstarred Question No. 3253, 'Funds Received by NGOs from Abroad', answered 29.03.2023 (MoS Home, Shri Nityanand Rai)",https://www.mha.gov.in/MHA1/Par2017/pdfs/par2023-pdfs/RS29032023/3253.pdf,Annexure-II: Statewise Utilisation of foreign contribution during 2019-20 (Rs in Crore),2026-09-23,"Utilized can exceed received: it includes opening balances / prior-year funds per FC-4 annual returns. Annexure-I: state-wise FC RECEIVED (Rs Cr). Annexure-II: state-wise FC UTILIZED (Rs Cr). Based on Annual Returns submitted as on 22.03.2023. Annexure-III: cancellations 2020 to 22.03.2023 (state counts, not amounts)."
Gujarat,2019-20,utilized,28600500000.00,2860.05,crore,,"Rajya Sabha Unstarred Question No. 3253, 'Funds Received by NGOs from Abroad', answered 29.03.2023 (MoS Home, Shri Nityanand Rai)",https://www.mha.gov.in/MHA1/Par2017/pdfs/par2023-pdfs/RS29032023/3253.pdf,Annexure-II: Statewise Utilisation of foreign contribution during 2019-20 (Rs in Crore),2026-09-23,"Utilized can exceed received: it includes opening balances / prior-year funds per FC-4 annual returns. Annexure-I: state-wise FC RECEIVED (Rs Cr). Annexure-II: state-wise FC UTILIZED (Rs Cr). Based on Annual Returns submitted as on 22.03.2023. Annexure-III: cancellations 2020 to 22.03.2023 (state counts, not amounts)."
Haryana,2019-20,utilized,841400000.00,84.14,crore,,"Rajya Sabha Unstarred Question No. 3253, 'Funds Received by NGOs from Abroad', answered 29.03.2023 (MoS Home, Shri Nityanand Rai)",https://www.mha.gov.in/MHA1/Par2017/pdfs/par2023-pdfs/RS29032023/3253.pdf,Annexure-II: Statewise Utilisation of foreign contribution during 2019-20 (Rs in Crore),2026-09-23,"Utilized can exceed received: it includes opening balances / prior-year funds per FC-4 annual returns. Annexure-I: state-wise FC RECEIVED (Rs Cr). Annexure-II: state-wise FC UTILIZED (Rs Cr). Based on Annual Returns submitted as on 22.03.2023. Annexure-III: cancellations 2020 to 22.03.2023 (state counts, not amounts)."
Himachal Pradesh,2019-20,utilized,2975800000.00,297.58,crore,,"Rajya Sabha Unstarred Question No. 3253, 'Funds Received by NGOs from Abroad', answered 29.03.2023 (MoS Home, Shri Nityanand Rai)",https://www.mha.gov.in/MHA1/Par2017/pdfs/par2023-pdfs/RS29032023/3253.pdf,Annexure-II: Statewise Utilisation of foreign contribution during 2019-20 (Rs in Crore),2026-09-23,"Utilized can exceed received: it includes opening balances / prior-year funds per FC-4 annual returns. Annexure-I: state-wise FC RECEIVED (Rs Cr). Annexure-II: state-wise FC UTILIZED (Rs Cr). Based on Annual Returns submitted as on 22.03.2023. Annexure-III: cancellations 2020 to 22.03.2023 (state counts, not amounts)."
Jammu & Kashmir,2019-20,utilized,539700000.00,53.97,crore,,"Rajya Sabha Unstarred Question No. 3253, 'Funds Received by NGOs from Abroad', answered 29.03.2023 (MoS Home, Shri Nityanand Rai)",https://www.mha.gov.in/MHA1/Par2017/pdfs/par2023-pdfs/RS29032023/3253.pdf,Annexure-II: Statewise Utilisation of foreign contribution during 2019-20 (Rs in Crore),2026-09-23,"Utilized can exceed received: it includes opening balances / prior-year funds per FC-4 annual returns. Annexure-I: state-wise FC RECEIVED (Rs Cr). Annexure-II: state-wise FC UTILIZED (Rs Cr). Based on Annual Returns submitted as on 22.03.2023. Annexure-III: cancellations 2020 to 22.03.2023 (state counts, not amounts)."
Jharkhand,2019-20,utilized,1874800000.00,187.48,crore,,"Rajya Sabha Unstarred Question No. 3253, 'Funds Received by NGOs from Abroad', answered 29.03.2023 (MoS Home, Shri Nityanand Rai)",https://www.mha.gov.in/MHA1/Par2017/pdfs/par2023-pdfs/RS29032023/3253.pdf,Annexure-II: Statewise Utilisation of foreign contribution during 2019-20 (Rs in Crore),2026-09-23,"Utilized can exceed received: it includes opening balances / prior-year funds per FC-4 annual returns. Annexure-I: state-wise FC RECEIVED (Rs Cr). Annexure-II: state-wise FC UTILIZED (Rs Cr). Based on Annual Returns submitted as on 22.03.2023. Annexure-III: cancellations 2020 to 22.03.2023 (state counts, not amounts)."
Karnataka,2019-20,utilized,23865600000.00,2386.56,crore,,"Rajya Sabha Unstarred Question No. 3253, 'Funds Received by NGOs from Abroad', answered 29.03.2023 (MoS Home, Shri Nityanand Rai)",https://www.mha.gov.in/MHA1/Par2017/pdfs/par2023-pdfs/RS29032023/3253.pdf,Annexure-II: Statewise Utilisation of foreign contribution during 2019-20 (Rs in Crore),2026-09-23,"Utilized can exceed received: it includes opening balances / prior-year funds per FC-4 annual returns. Annexure-I: state-wise FC RECEIVED (Rs Cr). Annexure-II: state-wise FC UTILIZED (Rs Cr). Based on Annual Returns submitted as on 22.03.2023. Annexure-III: cancellations 2020 to 22.03.2023 (state counts, not amounts)."
Kerala,2019-20,utilized,2629900000.00,262.99,crore,,"Rajya Sabha Unstarred Question No. 3253, 'Funds Received by NGOs from Abroad', answered 29.03.2023 (MoS Home, Shri Nityanand Rai)",https://www.mha.gov.in/MHA1/Par2017/pdfs/par2023-pdfs/RS29032023/3253.pdf,Annexure-II: Statewise Utilisation of foreign contribution during 2019-20 (Rs in Crore),2026-09-23,"Utilized can exceed received: it includes opening balances / prior-year funds per FC-4 annual returns. Annexure-I: state-wise FC RECEIVED (Rs Cr). Annexure-II: state-wise FC UTILIZED (Rs Cr). Based on Annual Returns submitted as on 22.03.2023. Annexure-III: cancellations 2020 to 22.03.2023 (state counts, not amounts)."
Madhya Pradesh,2019-20,utilized,3570100000.00,357.01,crore,,"Rajya Sabha Unstarred Question No. 3253, 'Funds Received by NGOs from Abroad', answered 29.03.2023 (MoS Home, Shri Nityanand Rai)",https://www.mha.gov.in/MHA1/Par2017/pdfs/par2023-pdfs/RS29032023/3253.pdf,Annexure-II: Statewise Utilisation of foreign contribution during 2019-20 (Rs in Crore),2026-09-23,"Utilized can exceed received: it includes opening balances / prior-year funds per FC-4 annual returns. Annexure-I: state-wise FC RECEIVED (Rs Cr). Annexure-II: state-wise FC UTILIZED (Rs Cr). Based on Annual Returns submitted as on 22.03.2023. Annexure-III: cancellations 2020 to 22.03.2023 (state counts, not amounts)."
Maharashtra,2019-20,utilized,32970800000.00,3297.08,crore,,"Rajya Sabha Unstarred Question No. 3253, 'Funds Received by NGOs from Abroad', answered 29.03.2023 (MoS Home, Shri Nityanand Rai)",https://www.mha.gov.in/MHA1/Par2017/pdfs/par2023-pdfs/RS29032023/3253.pdf,Annexure-II: Statewise Utilisation of foreign contribution during 2019-20 (Rs in Crore),2026-09-23,"Utilized can exceed received: it includes opening balances / prior-year funds per FC-4 annual returns. Annexure-I: state-wise FC RECEIVED (Rs Cr). Annexure-II: state-wise FC UTILIZED (Rs Cr). Based on Annual Returns submitted as on 22.03.2023. Annexure-III: cancellations 2020 to 22.03.2023 (state counts, not amounts)."
Manipur,2019-20,utilized,455900000.00,45.59,crore,,"Rajya Sabha Unstarred Question No. 3253, 'Funds Received by NGOs from Abroad', answered 29.03.2023 (MoS Home, Shri Nityanand Rai)",https://www.mha.gov.in/MHA1/Par2017/pdfs/par2023-pdfs/RS29032023/3253.pdf,Annexure-II: Statewise Utilisation of foreign contribution during 2019-20 (Rs in Crore),2026-09-23,"Utilized can exceed received: it includes opening balances / prior-year funds per FC-4 annual returns. Annexure-I: state-wise FC RECEIVED (Rs Cr). Annexure-II: state-wise FC UTILIZED (Rs Cr). Based on Annual Returns submitted as on 22.03.2023. Annexure-III: cancellations 2020 to 22.03.2023 (state counts, not amounts)."
Meghalaya,2019-20,utilized,586100000.00,58.61,crore,,"Rajya Sabha Unstarred Question No. 3253, 'Funds Received by NGOs from Abroad', answered 29.03.2023 (MoS Home, Shri Nityanand Rai)",https://www.mha.gov.in/MHA1/Par2017/pdfs/par2023-pdfs/RS29032023/3253.pdf,Annexure-II: Statewise Utilisation of foreign contribution during 2019-20 (Rs in Crore),2026-09-23,"Utilized can exceed received: it includes opening balances / prior-year funds per FC-4 annual returns. Annexure-I: state-wise FC RECEIVED (Rs Cr). Annexure-II: state-wise FC UTILIZED (Rs Cr). Based on Annual Returns submitted as on 22.03.2023. Annexure-III: cancellations 2020 to 22.03.2023 (state counts, not amounts)."
Mizoram,2019-20,utilized,66900000.00,6.69,crore,,"Rajya Sabha Unstarred Question No. 3253, 'Funds Received by NGOs from Abroad', answered 29.03.2023 (MoS Home, Shri Nityanand Rai)",https://www.mha.gov.in/MHA1/Par2017/pdfs/par2023-pdfs/RS29032023/3253.pdf,Annexure-II: Statewise Utilisation of foreign contribution during 2019-20 (Rs in Crore),2026-09-23,"Utilized can exceed received: it includes opening balances / prior-year funds per FC-4 annual returns. Annexure-I: state-wise FC RECEIVED (Rs Cr). Annexure-II: state-wise FC UTILIZED (Rs Cr). Based on Annual Returns submitted as on 22.03.2023. Annexure-III: cancellations 2020 to 22.03.2023 (state counts, not amounts)."
Nagaland,2019-20,utilized,547500000.00,54.75,crore,,"Rajya Sabha Unstarred Question No. 3253, 'Funds Received by NGOs from Abroad', answered 29.03.2023 (MoS Home, Shri Nityanand Rai)",https://www.mha.gov.in/MHA1/Par2017/pdfs/par2023-pdfs/RS29032023/3253.pdf,Annexure-II: Statewise Utilisation of foreign contribution during 2019-20 (Rs in Crore),2026-09-23,"Utilized can exceed received: it includes opening balances / prior-year funds per FC-4 annual returns. Annexure-I: state-wise FC RECEIVED (Rs Cr). Annexure-II: state-wise FC UTILIZED (Rs Cr). Based on Annual Returns submitted as on 22.03.2023. Annexure-III: cancellations 2020 to 22.03.2023 (state counts, not amounts)."
Orissa,2019-20,utilized,16287700000.00,1628.77,crore,,"Rajya Sabha Unstarred Question No. 3253, 'Funds Received by NGOs from Abroad', answered 29.03.2023 (MoS Home, Shri Nityanand Rai)",https://www.mha.gov.in/MHA1/Par2017/pdfs/par2023-pdfs/RS29032023/3253.pdf,Annexure-II: Statewise Utilisation of foreign contribution during 2019-20 (Rs in Crore),2026-09-23,"Utilized can exceed received: it includes opening balances / prior-year funds per FC-4 annual returns. Annexure-I: state-wise FC RECEIVED (Rs Cr). Annexure-II: state-wise FC UTILIZED (Rs Cr). Based on Annual Returns submitted as on 22.03.2023. Annexure-III: cancellations 2020 to 22.03.2023 (state counts, not amounts)."
Pondicherry,2019-20,utilized,336000000.00,33.60,crore,,"Rajya Sabha Unstarred Question No. 3253, 'Funds Received by NGOs from Abroad', answered 29.03.2023 (MoS Home, Shri Nityanand Rai)",https://www.mha.gov.in/MHA1/Par2017/pdfs/par2023-pdfs/RS29032023/3253.pdf,Annexure-II: Statewise Utilisation of foreign contribution during 2019-20 (Rs in Crore),2026-09-23,"Utilized can exceed received: it includes opening balances / prior-year funds per FC-4 annual returns. Annexure-I: state-wise FC RECEIVED (Rs Cr). Annexure-II: state-wise FC UTILIZED (Rs Cr). Based on Annual Returns submitted as on 22.03.2023. Annexure-III: cancellations 2020 to 22.03.2023 (state counts, not amounts)."
Punjab,2019-20,utilized,2122100000.00,212.21,crore,,"Rajya Sabha Unstarred Question No. 3253, 'Funds Received by NGOs from Abroad', answered 29.03.2023 (MoS Home, Shri Nityanand Rai)",https://www.mha.gov.in/MHA1/Par2017/pdfs/par2023-pdfs/RS29032023/3253.pdf,Annexure-II: Statewise Utilisation of foreign contribution during 2019-20 (Rs in Crore),2026-09-23,"Utilized can exceed received: it includes opening balances / prior-year funds per FC-4 annual returns. Annexure-I: state-wise FC RECEIVED (Rs Cr). Annexure-II: state-wise FC UTILIZED (Rs Cr). Based on Annual Returns submitted as on 22.03.2023. Annexure-III: cancellations 2020 to 22.03.2023 (state counts, not amounts)."
Rajasthan,2019-20,utilized,10459100000.00,1045.91,crore,,"Rajya Sabha Unstarred Question No. 3253, 'Funds Received by NGOs from Abroad', answered 29.03.2023 (MoS Home, Shri Nityanand Rai)",https://www.mha.gov.in/MHA1/Par2017/pdfs/par2023-pdfs/RS29032023/3253.pdf,Annexure-II: Statewise Utilisation of foreign contribution during 2019-20 (Rs in Crore),2026-09-23,"Utilized can exceed received: it includes opening balances / prior-year funds per FC-4 annual returns. Annexure-I: state-wise FC RECEIVED (Rs Cr). Annexure-II: state-wise FC UTILIZED (Rs Cr). Based on Annual Returns submitted as on 22.03.2023. Annexure-III: cancellations 2020 to 22.03.2023 (state counts, not amounts)."
Sikkim,2019-20,utilized,77200000.00,7.72,crore,,"Rajya Sabha Unstarred Question No. 3253, 'Funds Received by NGOs from Abroad', answered 29.03.2023 (MoS Home, Shri Nityanand Rai)",https://www.mha.gov.in/MHA1/Par2017/pdfs/par2023-pdfs/RS29032023/3253.pdf,Annexure-II: Statewise Utilisation of foreign contribution during 2019-20 (Rs in Crore),2026-09-23,"Utilized can exceed received: it includes opening balances / prior-year funds per FC-4 annual returns. Annexure-I: state-wise FC RECEIVED (Rs Cr). Annexure-II: state-wise FC UTILIZED (Rs Cr). Based on Annual Returns submitted as on 22.03.2023. Annexure-III: cancellations 2020 to 22.03.2023 (state counts, not amounts)."
Tamil Nadu,2019-20,utilized,26026600000.00,2602.66,crore,,"Rajya Sabha Unstarred Question No. 3253, 'Funds Received by NGOs from Abroad', answered 29.03.2023 (MoS Home, Shri Nityanand Rai)",https://www.mha.gov.in/MHA1/Par2017/pdfs/par2023-pdfs/RS29032023/3253.pdf,Annexure-II: Statewise Utilisation of foreign contribution during 2019-20 (Rs in Crore),2026-09-23,"Utilized can exceed received: it includes opening balances / prior-year funds per FC-4 annual returns. Annexure-I: state-wise FC RECEIVED (Rs Cr). Annexure-II: state-wise FC UTILIZED (Rs Cr). Based on Annual Returns submitted as on 22.03.2023. Annexure-III: cancellations 2020 to 22.03.2023 (state counts, not amounts)."
Telangana,2019-20,utilized,8654700000.00,865.47,crore,,"Rajya Sabha Unstarred Question No. 3253, 'Funds Received by NGOs from Abroad', answered 29.03.2023 (MoS Home, Shri Nityanand Rai)",https://www.mha.gov.in/MHA1/Par2017/pdfs/par2023-pdfs/RS29032023/3253.pdf,Annexure-II: Statewise Utilisation of foreign contribution during 2019-20 (Rs in Crore),2026-09-23,"Utilized can exceed received: it includes opening balances / prior-year funds per FC-4 annual returns. Annexure-I: state-wise FC RECEIVED (Rs Cr). Annexure-II: state-wise FC UTILIZED (Rs Cr). Based on Annual Returns submitted as on 22.03.2023. Annexure-III: cancellations 2020 to 22.03.2023 (state counts, not amounts)."
Tripura,2019-20,utilized,109500000.00,10.95,crore,,"Rajya Sabha Unstarred Question No. 3253, 'Funds Received by NGOs from Abroad', answered 29.03.2023 (MoS Home, Shri Nityanand Rai)",https://www.mha.gov.in/MHA1/Par2017/pdfs/par2023-pdfs/RS29032023/3253.pdf,Annexure-II: Statewise Utilisation of foreign contribution during 2019-20 (Rs in Crore),2026-09-23,"Utilized can exceed received: it includes opening balances / prior-year funds per FC-4 annual returns. Annexure-I: state-wise FC RECEIVED (Rs Cr). Annexure-II: state-wise FC UTILIZED (Rs Cr). Based on Annual Returns submitted as on 22.03.2023. Annexure-III: cancellations 2020 to 22.03.2023 (state counts, not amounts)."
Uttar Pradesh,2019-20,utilized,5517800000.00,551.78,crore,,"Rajya Sabha Unstarred Question No. 3253, 'Funds Received by NGOs from Abroad', answered 29.03.2023 (MoS Home, Shri Nityanand Rai)",https://www.mha.gov.in/MHA1/Par2017/pdfs/par2023-pdfs/RS29032023/3253.pdf,Annexure-II: Statewise Utilisation of foreign contribution during 2019-20 (Rs in Crore),2026-09-23,"Utilized can exceed received: it includes opening balances / prior-year funds per FC-4 annual returns. Annexure-I: state-wise FC RECEIVED (Rs Cr). Annexure-II: state-wise FC UTILIZED (Rs Cr). Based on Annual Returns submitted as on 22.03.2023. Annexure-III: cancellations 2020 to 22.03.2023 (state counts, not amounts)."
Uttarakhand,2019-20,utilized,2190600000.00,219.06,crore,,"Rajya Sabha Unstarred Question No. 3253, 'Funds Received by NGOs from Abroad', answered 29.03.2023 (MoS Home, Shri Nityanand Rai)",https://www.mha.gov.in/MHA1/Par2017/pdfs/par2023-pdfs/RS29032023/3253.pdf,Annexure-II: Statewise Utilisation of foreign contribution during 2019-20 (Rs in Crore),2026-09-23,"Utilized can exceed received: it includes opening balances / prior-year funds per FC-4 annual returns. Annexure-I: state-wise FC RECEIVED (Rs Cr). Annexure-II: state-wise FC UTILIZED (Rs Cr). Based on Annual Returns submitted as on 22.03.2023. Annexure-III: cancellations 2020 to 22.03.2023 (state counts, not amounts)."
West Bengal,2019-20,utilized,12294800000.00,1229.48,crore,,"Rajya Sabha Unstarred Question No. 3253, 'Funds Received by NGOs from Abroad', answered 29.03.2023 (MoS Home, Shri Nityanand Rai)",https://www.mha.gov.in/MHA1/Par2017/pdfs/par2023-pdfs/RS29032023/3253.pdf,Annexure-II: Statewise Utilisation of foreign contribution during 2019-20 (Rs in Crore),2026-09-23,"Utilized can exceed received: it includes opening balances / prior-year funds per FC-4 annual returns. Annexure-I: state-wise FC RECEIVED (Rs Cr). Annexure-II: state-wise FC UTILIZED (Rs Cr). Based on Annual Returns submitted as on 22.03.2023. Annexure-III: cancellations 2020 to 22.03.2023 (state counts, not amounts)."
Andaman & Nicobar Islands,2020-21,received,36800000.00,3.68,crore,,"Rajya Sabha Unstarred Question No. 3253, 'Funds Received by NGOs from Abroad', answered 29.03.2023 (MoS Home, Shri Nityanand Rai)",https://www.mha.gov.in/MHA1/Par2017/pdfs/par2023-pdfs/RS29032023/3253.pdf,Annexure-I: Statewise Receipt of foreign contribution during 2020-21 (Rs in Crore),2026-09-23,"Based on Annual Returns submitted as on 22.03.2023. Annexure-I: state-wise FC RECEIVED (Rs Cr). Annexure-II: state-wise FC UTILIZED (Rs Cr). Based on Annual Returns submitted as on 22.03.2023. Annexure-III: cancellations 2020 to 22.03.2023 (state counts, not amounts)."
Andhra Pradesh,2020-21,received,9545700000.00,954.57,crore,,"Rajya Sabha Unstarred Question No. 3253, 'Funds Received by NGOs from Abroad', answered 29.03.2023 (MoS Home, Shri Nityanand Rai)",https://www.mha.gov.in/MHA1/Par2017/pdfs/par2023-pdfs/RS29032023/3253.pdf,Annexure-I: Statewise Receipt of foreign contribution during 2020-21 (Rs in Crore),2026-09-23,"Based on Annual Returns submitted as on 22.03.2023. Annexure-I: state-wise FC RECEIVED (Rs Cr). Annexure-II: state-wise FC UTILIZED (Rs Cr). Based on Annual Returns submitted as on 22.03.2023. Annexure-III: cancellations 2020 to 22.03.2023 (state counts, not amounts)."
Arunachal Pradesh,2020-21,received,217100000.00,21.71,crore,,"Rajya Sabha Unstarred Question No. 3253, 'Funds Received by NGOs from Abroad', answered 29.03.2023 (MoS Home, Shri Nityanand Rai)",https://www.mha.gov.in/MHA1/Par2017/pdfs/par2023-pdfs/RS29032023/3253.pdf,Annexure-I: Statewise Receipt of foreign contribution during 2020-21 (Rs in Crore),2026-09-23,"Based on Annual Returns submitted as on 22.03.2023. Annexure-I: state-wise FC RECEIVED (Rs Cr). Annexure-II: state-wise FC UTILIZED (Rs Cr). Based on Annual Returns submitted as on 22.03.2023. Annexure-III: cancellations 2020 to 22.03.2023 (state counts, not amounts)."
Assam,2020-21,received,1651800000.00,165.18,crore,,"Rajya Sabha Unstarred Question No. 3253, 'Funds Received by NGOs from Abroad', answered 29.03.2023 (MoS Home, Shri Nityanand Rai)",https://www.mha.gov.in/MHA1/Par2017/pdfs/par2023-pdfs/RS29032023/3253.pdf,Annexure-I: Statewise Receipt of foreign contribution during 2020-21 (Rs in Crore),2026-09-23,"Based on Annual Returns submitted as on 22.03.2023. Annexure-I: state-wise FC RECEIVED (Rs Cr). Annexure-II: state-wise FC UTILIZED (Rs Cr). Based on Annual Returns submitted as on 22.03.2023. Annexure-III: cancellations 2020 to 22.03.2023 (state counts, not amounts)."
Bihar,2020-21,received,2173700000.00,217.37,crore,,"Rajya Sabha Unstarred Question No. 3253, 'Funds Received by NGOs from Abroad', answered 29.03.2023 (MoS Home, Shri Nityanand Rai)",https://www.mha.gov.in/MHA1/Par2017/pdfs/par2023-pdfs/RS29032023/3253.pdf,Annexure-I: Statewise Receipt of foreign contribution during 2020-21 (Rs in Crore),2026-09-23,"Based on Annual Returns submitted as on 22.03.2023. Annexure-I: state-wise FC RECEIVED (Rs Cr). Annexure-II: state-wise FC UTILIZED (Rs Cr). Based on Annual Returns submitted as on 22.03.2023. Annexure-III: cancellations 2020 to 22.03.2023 (state counts, not amounts)."
Chandigarh,2020-21,received,191500000.00,19.15,crore,,"Rajya Sabha Unstarred Question No. 3253, 'Funds Received by NGOs from Abroad', answered 29.03.2023 (MoS Home, Shri Nityanand Rai)",https://www.mha.gov.in/MHA1/Par2017/pdfs/par2023-pdfs/RS29032023/3253.pdf,Annexure-I: Statewise Receipt of foreign contribution during 2020-21 (Rs in Crore),2026-09-23,"Based on Annual Returns submitted as on 22.03.2023. Annexure-I: state-wise FC RECEIVED (Rs Cr). Annexure-II: state-wise FC UTILIZED (Rs Cr). Based on Annual Returns submitted as on 22.03.2023. Annexure-III: cancellations 2020 to 22.03.2023 (state counts, not amounts)."
Chhattisgarh,2020-21,received,521300000.00,52.13,crore,,"Rajya Sabha Unstarred Question No. 3253, 'Funds Received by NGOs from Abroad', answered 29.03.2023 (MoS Home, Shri Nityanand Rai)",https://www.mha.gov.in/MHA1/Par2017/pdfs/par2023-pdfs/RS29032023/3253.pdf,Annexure-I: Statewise Receipt of foreign contribution during 2020-21 (Rs in Crore),2026-09-23,"Based on Annual Returns submitted as on 22.03.2023. Annexure-I: state-wise FC RECEIVED (Rs Cr). Annexure-II: state-wise FC UTILIZED (Rs Cr). Based on Annual Returns submitted as on 22.03.2023. Annexure-III: cancellations 2020 to 22.03.2023 (state counts, not amounts)."
Dadra & Nagar Haveli,2020-21,received,24300000.00,2.43,crore,,"Rajya Sabha Unstarred Question No. 3253, 'Funds Received by NGOs from Abroad', answered 29.03.2023 (MoS Home, Shri Nityanand Rai)",https://www.mha.gov.in/MHA1/Par2017/pdfs/par2023-pdfs/RS29032023/3253.pdf,Annexure-I: Statewise Receipt of foreign contribution during 2020-21 (Rs in Crore),2026-09-23,"Based on Annual Returns submitted as on 22.03.2023. Annexure-I: state-wise FC RECEIVED (Rs Cr). Annexure-II: state-wise FC UTILIZED (Rs Cr). Based on Annual Returns submitted as on 22.03.2023. Annexure-III: cancellations 2020 to 22.03.2023 (state counts, not amounts)."
Delhi,2020-21,received,39795200000.00,3979.52,crore,,"Rajya Sabha Unstarred Question No. 3253, 'Funds Received by NGOs from Abroad', answered 29.03.2023 (MoS Home, Shri Nityanand Rai)",https://www.mha.gov.in/MHA1/Par2017/pdfs/par2023-pdfs/RS29032023/3253.pdf,Annexure-I: Statewise Receipt of foreign contribution during 2020-21 (Rs in Crore),2026-09-23,"Based on Annual Returns submitted as on 22.03.2023. Annexure-I: state-wise FC RECEIVED (Rs Cr). Annexure-II: state-wise FC UTILIZED (Rs Cr). Based on Annual Returns submitted as on 22.03.2023. Annexure-III: cancellations 2020 to 22.03.2023 (state counts, not amounts)."
Goa,2020-21,received,463600000.00,46.36,crore,,"Rajya Sabha Unstarred Question No. 3253, 'Funds Received by NGOs from Abroad', answered 29.03.2023 (MoS Home, Shri Nityanand Rai)",https://www.mha.gov.in/MHA1/Par2017/pdfs/par2023-pdfs/RS29032023/3253.pdf,Annexure-I: Statewise Receipt of foreign contribution during 2020-21 (Rs in Crore),2026-09-23,"Based on Annual Returns submitted as on 22.03.2023. Annexure-I: state-wise FC RECEIVED (Rs Cr). Annexure-II: state-wise FC UTILIZED (Rs Cr). Based on Annual Returns submitted as on 22.03.2023. Annexure-III: cancellations 2020 to 22.03.2023 (state counts, not amounts)."
Gujarat,2020-21,received,9080000000.00,908.00,crore,,"Rajya Sabha Unstarred Question No. 3253, 'Funds Received by NGOs from Abroad', answered 29.03.2023 (MoS Home, Shri Nityanand Rai)",https://www.mha.gov.in/MHA1/Par2017/pdfs/par2023-pdfs/RS29032023/3253.pdf,Annexure-I: Statewise Receipt of foreign contribution during 2020-21 (Rs in Crore),2026-09-23,"Based on Annual Returns submitted as on 22.03.2023. Annexure-I: state-wise FC RECEIVED (Rs Cr). Annexure-II: state-wise FC UTILIZED (Rs Cr). Based on Annual Returns submitted as on 22.03.2023. Annexure-III: cancellations 2020 to 22.03.2023 (state counts, not amounts)."
Haryana,2020-21,received,696100000.00,69.61,crore,,"Rajya Sabha Unstarred Question No. 3253, 'Funds Received by NGOs from Abroad', answered 29.03.2023 (MoS Home, Shri Nityanand Rai)",https://www.mha.gov.in/MHA1/Par2017/pdfs/par2023-pdfs/RS29032023/3253.pdf,Annexure-I: Statewise Receipt of foreign contribution during 2020-21 (Rs in Crore),2026-09-23,"Based on Annual Returns submitted as on 22.03.2023. Annexure-I: state-wise FC RECEIVED (Rs Cr). Annexure-II: state-wise FC UTILIZED (Rs Cr). Based on Annual Returns submitted as on 22.03.2023. Annexure-III: cancellations 2020 to 22.03.2023 (state counts, not amounts)."
Himachal Pradesh,2020-21,received,2161800000.00,216.18,crore,,"Rajya Sabha Unstarred Question No. 3253, 'Funds Received by NGOs from Abroad', answered 29.03.2023 (MoS Home, Shri Nityanand Rai)",https://www.mha.gov.in/MHA1/Par2017/pdfs/par2023-pdfs/RS29032023/3253.pdf,Annexure-I: Statewise Receipt of foreign contribution during 2020-21 (Rs in Crore),2026-09-23,"Based on Annual Returns submitted as on 22.03.2023. Annexure-I: state-wise FC RECEIVED (Rs Cr). Annexure-II: state-wise FC UTILIZED (Rs Cr). Based on Annual Returns submitted as on 22.03.2023. Annexure-III: cancellations 2020 to 22.03.2023 (state counts, not amounts)."
Jammu & Kashmir,2020-21,received,560500000.00,56.05,crore,,"Rajya Sabha Unstarred Question No. 3253, 'Funds Received by NGOs from Abroad', answered 29.03.2023 (MoS Home, Shri Nityanand Rai)",https://www.mha.gov.in/MHA1/Par2017/pdfs/par2023-pdfs/RS29032023/3253.pdf,Annexure-I: Statewise Receipt of foreign contribution during 2020-21 (Rs in Crore),2026-09-23,"Based on Annual Returns submitted as on 22.03.2023. Annexure-I: state-wise FC RECEIVED (Rs Cr). Annexure-II: state-wise FC UTILIZED (Rs Cr). Based on Annual Returns submitted as on 22.03.2023. Annexure-III: cancellations 2020 to 22.03.2023 (state counts, not amounts)."
Jharkhand,2020-21,received,1303100000.00,130.31,crore,,"Rajya Sabha Unstarred Question No. 3253, 'Funds Received by NGOs from Abroad', answered 29.03.2023 (MoS Home, Shri Nityanand Rai)",https://www.mha.gov.in/MHA1/Par2017/pdfs/par2023-pdfs/RS29032023/3253.pdf,Annexure-I: Statewise Receipt of foreign contribution during 2020-21 (Rs in Crore),2026-09-23,"Based on Annual Returns submitted as on 22.03.2023. Annexure-I: state-wise FC RECEIVED (Rs Cr). Annexure-II: state-wise FC UTILIZED (Rs Cr). Based on Annual Returns submitted as on 22.03.2023. Annexure-III: cancellations 2020 to 22.03.2023 (state counts, not amounts)."
Karnataka,2020-21,received,23048000000.00,2304.80,crore,,"Rajya Sabha Unstarred Question No. 3253, 'Funds Received by NGOs from Abroad', answered 29.03.2023 (MoS Home, Shri Nityanand Rai)",https://www.mha.gov.in/MHA1/Par2017/pdfs/par2023-pdfs/RS29032023/3253.pdf,Annexure-I: Statewise Receipt of foreign contribution during 2020-21 (Rs in Crore),2026-09-23,"Based on Annual Returns submitted as on 22.03.2023. Annexure-I: state-wise FC RECEIVED (Rs Cr). Annexure-II: state-wise FC UTILIZED (Rs Cr). Based on Annual Returns submitted as on 22.03.2023. Annexure-III: cancellations 2020 to 22.03.2023 (state counts, not amounts)."
Kerala,2020-21,received,9132100000.00,913.21,crore,,"Rajya Sabha Unstarred Question No. 3253, 'Funds Received by NGOs from Abroad', answered 29.03.2023 (MoS Home, Shri Nityanand Rai)",https://www.mha.gov.in/MHA1/Par2017/pdfs/par2023-pdfs/RS29032023/3253.pdf,Annexure-I: Statewise Receipt of foreign contribution during 2020-21 (Rs in Crore),2026-09-23,"Based on Annual Returns submitted as on 22.03.2023. Annexure-I: state-wise FC RECEIVED (Rs Cr). Annexure-II: state-wise FC UTILIZED (Rs Cr). Based on Annual Returns submitted as on 22.03.2023. Annexure-III: cancellations 2020 to 22.03.2023 (state counts, not amounts)."
Madhya Pradesh,2020-21,received,2426300000.00,242.63,crore,,"Rajya Sabha Unstarred Question No. 3253, 'Funds Received by NGOs from Abroad', answered 29.03.2023 (MoS Home, Shri Nityanand Rai)",https://www.mha.gov.in/MHA1/Par2017/pdfs/par2023-pdfs/RS29032023/3253.pdf,Annexure-I: Statewise Receipt of foreign contribution during 2020-21 (Rs in Crore),2026-09-23,"Based on Annual Returns submitted as on 22.03.2023. Annexure-I: state-wise FC RECEIVED (Rs Cr). Annexure-II: state-wise FC UTILIZED (Rs Cr). Based on Annual Returns submitted as on 22.03.2023. Annexure-III: cancellations 2020 to 22.03.2023 (state counts, not amounts)."
Maharashtra,2020-21,received,18387700000.00,1838.77,crore,,"Rajya Sabha Unstarred Question No. 3253, 'Funds Received by NGOs from Abroad', answered 29.03.2023 (MoS Home, Shri Nityanand Rai)",https://www.mha.gov.in/MHA1/Par2017/pdfs/par2023-pdfs/RS29032023/3253.pdf,Annexure-I: Statewise Receipt of foreign contribution during 2020-21 (Rs in Crore),2026-09-23,"Based on Annual Returns submitted as on 22.03.2023. Annexure-I: state-wise FC RECEIVED (Rs Cr). Annexure-II: state-wise FC UTILIZED (Rs Cr). Based on Annual Returns submitted as on 22.03.2023. Annexure-III: cancellations 2020 to 22.03.2023 (state counts, not amounts)."
Manipur,2020-21,received,509700000.00,50.97,crore,,"Rajya Sabha Unstarred Question No. 3253, 'Funds Received by NGOs from Abroad', answered 29.03.2023 (MoS Home, Shri Nityanand Rai)",https://www.mha.gov.in/MHA1/Par2017/pdfs/par2023-pdfs/RS29032023/3253.pdf,Annexure-I: Statewise Receipt of foreign contribution during 2020-21 (Rs in Crore),2026-09-23,"Based on Annual Returns submitted as on 22.03.2023. Annexure-I: state-wise FC RECEIVED (Rs Cr). Annexure-II: state-wise FC UTILIZED (Rs Cr). Based on Annual Returns submitted as on 22.03.2023. Annexure-III: cancellations 2020 to 22.03.2023 (state counts, not amounts)."
Meghalaya,2020-21,received,675600000.00,67.56,crore,,"Rajya Sabha Unstarred Question No. 3253, 'Funds Received by NGOs from Abroad', answered 29.03.2023 (MoS Home, Shri Nityanand Rai)",https://www.mha.gov.in/MHA1/Par2017/pdfs/par2023-pdfs/RS29032023/3253.pdf,Annexure-I: Statewise Receipt of foreign contribution during 2020-21 (Rs in Crore),2026-09-23,"Based on Annual Returns submitted as on 22.03.2023. Annexure-I: state-wise FC RECEIVED (Rs Cr). Annexure-II: state-wise FC UTILIZED (Rs Cr). Based on Annual Returns submitted as on 22.03.2023. Annexure-III: cancellations 2020 to 22.03.2023 (state counts, not amounts)."
Mizoram,2020-21,received,26700000.00,2.67,crore,,"Rajya Sabha Unstarred Question No. 3253, 'Funds Received by NGOs from Abroad', answered 29.03.2023 (MoS Home, Shri Nityanand Rai)",https://www.mha.gov.in/MHA1/Par2017/pdfs/par2023-pdfs/RS29032023/3253.pdf,Annexure-I: Statewise Receipt of foreign contribution during 2020-21 (Rs in Crore),2026-09-23,"Based on Annual Returns submitted as on 22.03.2023. Annexure-I: state-wise FC RECEIVED (Rs Cr). Annexure-II: state-wise FC UTILIZED (Rs Cr). Based on Annual Returns submitted as on 22.03.2023. Annexure-III: cancellations 2020 to 22.03.2023 (state counts, not amounts)."
Nagaland,2020-21,received,466700000.00,46.67,crore,,"Rajya Sabha Unstarred Question No. 3253, 'Funds Received by NGOs from Abroad', answered 29.03.2023 (MoS Home, Shri Nityanand Rai)",https://www.mha.gov.in/MHA1/Par2017/pdfs/par2023-pdfs/RS29032023/3253.pdf,Annexure-I: Statewise Receipt of foreign contribution during 2020-21 (Rs in Crore),2026-09-23,"Based on Annual Returns submitted as on 22.03.2023. Annexure-I: state-wise FC RECEIVED (Rs Cr). Annexure-II: state-wise FC UTILIZED (Rs Cr). Based on Annual Returns submitted as on 22.03.2023. Annexure-III: cancellations 2020 to 22.03.2023 (state counts, not amounts)."
Orissa,2020-21,received,2499800000.00,249.98,crore,,"Rajya Sabha Unstarred Question No. 3253, 'Funds Received by NGOs from Abroad', answered 29.03.2023 (MoS Home, Shri Nityanand Rai)",https://www.mha.gov.in/MHA1/Par2017/pdfs/par2023-pdfs/RS29032023/3253.pdf,Annexure-I: Statewise Receipt of foreign contribution during 2020-21 (Rs in Crore),2026-09-23,"Based on Annual Returns submitted as on 22.03.2023. Annexure-I: state-wise FC RECEIVED (Rs Cr). Annexure-II: state-wise FC UTILIZED (Rs Cr). Based on Annual Returns submitted as on 22.03.2023. Annexure-III: cancellations 2020 to 22.03.2023 (state counts, not amounts)."
Pondicherry,2020-21,received,293400000.00,29.34,crore,,"Rajya Sabha Unstarred Question No. 3253, 'Funds Received by NGOs from Abroad', answered 29.03.2023 (MoS Home, Shri Nityanand Rai)",https://www.mha.gov.in/MHA1/Par2017/pdfs/par2023-pdfs/RS29032023/3253.pdf,Annexure-I: Statewise Receipt of foreign contribution during 2020-21 (Rs in Crore),2026-09-23,"Based on Annual Returns submitted as on 22.03.2023. Annexure-I: state-wise FC RECEIVED (Rs Cr). Annexure-II: state-wise FC UTILIZED (Rs Cr). Based on Annual Returns submitted as on 22.03.2023. Annexure-III: cancellations 2020 to 22.03.2023 (state counts, not amounts)."
Punjab,2020-21,received,1408300000.00,140.83,crore,,"Rajya Sabha Unstarred Question No. 3253, 'Funds Received by NGOs from Abroad', answered 29.03.2023 (MoS Home, Shri Nityanand Rai)",https://www.mha.gov.in/MHA1/Par2017/pdfs/par2023-pdfs/RS29032023/3253.pdf,Annexure-I: Statewise Receipt of foreign contribution during 2020-21 (Rs in Crore),2026-09-23,"Based on Annual Returns submitted as on 22.03.2023. Annexure-I: state-wise FC RECEIVED (Rs Cr). Annexure-II: state-wise FC UTILIZED (Rs Cr). Based on Annual Returns submitted as on 22.03.2023. Annexure-III: cancellations 2020 to 22.03.2023 (state counts, not amounts)."
Rajasthan,2020-21,received,1792400000.00,179.24,crore,,"Rajya Sabha Unstarred Question No. 3253, 'Funds Received by NGOs from Abroad', answered 29.03.2023 (MoS Home, Shri Nityanand Rai)",https://www.mha.gov.in/MHA1/Par2017/pdfs/par2023-pdfs/RS29032023/3253.pdf,Annexure-I: Statewise Receipt of foreign contribution during 2020-21 (Rs in Crore),2026-09-23,"Based on Annual Returns submitted as on 22.03.2023. Annexure-I: state-wise FC RECEIVED (Rs Cr). Annexure-II: state-wise FC UTILIZED (Rs Cr). Based on Annual Returns submitted as on 22.03.2023. Annexure-III: cancellations 2020 to 22.03.2023 (state counts, not amounts)."
Sikkim,2020-21,received,65100000.00,6.51,crore,,"Rajya Sabha Unstarred Question No. 3253, 'Funds Received by NGOs from Abroad', answered 29.03.2023 (MoS Home, Shri Nityanand Rai)",https://www.mha.gov.in/MHA1/Par2017/pdfs/par2023-pdfs/RS29032023/3253.pdf,Annexure-I: Statewise Receipt of foreign contribution during 2020-21 (Rs in Crore),2026-09-23,"Based on Annual Returns submitted as on 22.03.2023. Annexure-I: state-wise FC RECEIVED (Rs Cr). Annexure-II: state-wise FC UTILIZED (Rs Cr). Based on Annual Returns submitted as on 22.03.2023. Annexure-III: cancellations 2020 to 22.03.2023 (state counts, not amounts)."
Tamil Nadu,2020-21,received,21340600000.00,2134.06,crore,,"Rajya Sabha Unstarred Question No. 3253, 'Funds Received by NGOs from Abroad', answered 29.03.2023 (MoS Home, Shri Nityanand Rai)",https://www.mha.gov.in/MHA1/Par2017/pdfs/par2023-pdfs/RS29032023/3253.pdf,Annexure-I: Statewise Receipt of foreign contribution during 2020-21 (Rs in Crore),2026-09-23,"Based on Annual Returns submitted as on 22.03.2023. Annexure-I: state-wise FC RECEIVED (Rs Cr). Annexure-II: state-wise FC UTILIZED (Rs Cr). Based on Annual Returns submitted as on 22.03.2023. Annexure-III: cancellations 2020 to 22.03.2023 (state counts, not amounts)."
Telangana,2020-21,received,8154500000.00,815.45,crore,,"Rajya Sabha Unstarred Question No. 3253, 'Funds Received by NGOs from Abroad', answered 29.03.2023 (MoS Home, Shri Nityanand Rai)",https://www.mha.gov.in/MHA1/Par2017/pdfs/par2023-pdfs/RS29032023/3253.pdf,Annexure-I: Statewise Receipt of foreign contribution during 2020-21 (Rs in Crore),2026-09-23,"Based on Annual Returns submitted as on 22.03.2023. Annexure-I: state-wise FC RECEIVED (Rs Cr). Annexure-II: state-wise FC UTILIZED (Rs Cr). Based on Annual Returns submitted as on 22.03.2023. Annexure-III: cancellations 2020 to 22.03.2023 (state counts, not amounts)."
Tripura,2020-21,received,116300000.00,11.63,crore,,"Rajya Sabha Unstarred Question No. 3253, 'Funds Received by NGOs from Abroad', answered 29.03.2023 (MoS Home, Shri Nityanand Rai)",https://www.mha.gov.in/MHA1/Par2017/pdfs/par2023-pdfs/RS29032023/3253.pdf,Annexure-I: Statewise Receipt of foreign contribution during 2020-21 (Rs in Crore),2026-09-23,"Based on Annual Returns submitted as on 22.03.2023. Annexure-I: state-wise FC RECEIVED (Rs Cr). Annexure-II: state-wise FC UTILIZED (Rs Cr). Based on Annual Returns submitted as on 22.03.2023. Annexure-III: cancellations 2020 to 22.03.2023 (state counts, not amounts)."
Uttar Pradesh,2020-21,received,3620700000.00,362.07,crore,,"Rajya Sabha Unstarred Question No. 3253, 'Funds Received by NGOs from Abroad', answered 29.03.2023 (MoS Home, Shri Nityanand Rai)",https://www.mha.gov.in/MHA1/Par2017/pdfs/par2023-pdfs/RS29032023/3253.pdf,Annexure-I: Statewise Receipt of foreign contribution during 2020-21 (Rs in Crore),2026-09-23,"Based on Annual Returns submitted as on 22.03.2023. Annexure-I: state-wise FC RECEIVED (Rs Cr). Annexure-II: state-wise FC UTILIZED (Rs Cr). Based on Annual Returns submitted as on 22.03.2023. Annexure-III: cancellations 2020 to 22.03.2023 (state counts, not amounts)."
Uttarakhand,2020-21,received,1295200000.00,129.52,crore,,"Rajya Sabha Unstarred Question No. 3253, 'Funds Received by NGOs from Abroad', answered 29.03.2023 (MoS Home, Shri Nityanand Rai)",https://www.mha.gov.in/MHA1/Par2017/pdfs/par2023-pdfs/RS29032023/3253.pdf,Annexure-I: Statewise Receipt of foreign contribution during 2020-21 (Rs in Crore),2026-09-23,"Based on Annual Returns submitted as on 22.03.2023. Annexure-I: state-wise FC RECEIVED (Rs Cr). Annexure-II: state-wise FC UTILIZED (Rs Cr). Based on Annual Returns submitted as on 22.03.2023. Annexure-III: cancellations 2020 to 22.03.2023 (state counts, not amounts)."
West Bengal,2020-21,received,7981800000.00,798.18,crore,,"Rajya Sabha Unstarred Question No. 3253, 'Funds Received by NGOs from Abroad', answered 29.03.2023 (MoS Home, Shri Nityanand Rai)",https://www.mha.gov.in/MHA1/Par2017/pdfs/par2023-pdfs/RS29032023/3253.pdf,Annexure-I: Statewise Receipt of foreign contribution during 2020-21 (Rs in Crore),2026-09-23,"Based on Annual Returns submitted as on 22.03.2023. Annexure-I: state-wise FC RECEIVED (Rs Cr). Annexure-II: state-wise FC UTILIZED (Rs Cr). Based on Annual Returns submitted as on 22.03.2023. Annexure-III: cancellations 2020 to 22.03.2023 (state counts, not amounts)."
Andaman & Nicobar Islands,2020-21,utilized,43300000.00,4.33,crore,,"Rajya Sabha Unstarred Question No. 3253, 'Funds Received by NGOs from Abroad', answered 29.03.2023 (MoS Home, Shri Nityanand Rai)",https://www.mha.gov.in/MHA1/Par2017/pdfs/par2023-pdfs/RS29032023/3253.pdf,Annexure-II: Statewise Utilisation of foreign contribution during 2020-21 (Rs in Crore),2026-09-23,"Utilized can exceed received: it includes opening balances / prior-year funds per FC-4 annual returns. Annexure-I: state-wise FC RECEIVED (Rs Cr). Annexure-II: state-wise FC UTILIZED (Rs Cr). Based on Annual Returns submitted as on 22.03.2023. Annexure-III: cancellations 2020 to 22.03.2023 (state counts, not amounts)."
Andhra Pradesh,2020-21,utilized,13622700000.00,1362.27,crore,,"Rajya Sabha Unstarred Question No. 3253, 'Funds Received by NGOs from Abroad', answered 29.03.2023 (MoS Home, Shri Nityanand Rai)",https://www.mha.gov.in/MHA1/Par2017/pdfs/par2023-pdfs/RS29032023/3253.pdf,Annexure-II: Statewise Utilisation of foreign contribution during 2020-21 (Rs in Crore),2026-09-23,"Utilized can exceed received: it includes opening balances / prior-year funds per FC-4 annual returns. Annexure-I: state-wise FC RECEIVED (Rs Cr). Annexure-II: state-wise FC UTILIZED (Rs Cr). Based on Annual Returns submitted as on 22.03.2023. Annexure-III: cancellations 2020 to 22.03.2023 (state counts, not amounts)."
Arunachal Pradesh,2020-21,utilized,231200000.00,23.12,crore,,"Rajya Sabha Unstarred Question No. 3253, 'Funds Received by NGOs from Abroad', answered 29.03.2023 (MoS Home, Shri Nityanand Rai)",https://www.mha.gov.in/MHA1/Par2017/pdfs/par2023-pdfs/RS29032023/3253.pdf,Annexure-II: Statewise Utilisation of foreign contribution during 2020-21 (Rs in Crore),2026-09-23,"Utilized can exceed received: it includes opening balances / prior-year funds per FC-4 annual returns. Annexure-I: state-wise FC RECEIVED (Rs Cr). Annexure-II: state-wise FC UTILIZED (Rs Cr). Based on Annual Returns submitted as on 22.03.2023. Annexure-III: cancellations 2020 to 22.03.2023 (state counts, not amounts)."
Assam,2020-21,utilized,2031700000.00,203.17,crore,,"Rajya Sabha Unstarred Question No. 3253, 'Funds Received by NGOs from Abroad', answered 29.03.2023 (MoS Home, Shri Nityanand Rai)",https://www.mha.gov.in/MHA1/Par2017/pdfs/par2023-pdfs/RS29032023/3253.pdf,Annexure-II: Statewise Utilisation of foreign contribution during 2020-21 (Rs in Crore),2026-09-23,"Utilized can exceed received: it includes opening balances / prior-year funds per FC-4 annual returns. Annexure-I: state-wise FC RECEIVED (Rs Cr). Annexure-II: state-wise FC UTILIZED (Rs Cr). Based on Annual Returns submitted as on 22.03.2023. Annexure-III: cancellations 2020 to 22.03.2023 (state counts, not amounts)."
Bihar,2020-21,utilized,2824900000.00,282.49,crore,,"Rajya Sabha Unstarred Question No. 3253, 'Funds Received by NGOs from Abroad', answered 29.03.2023 (MoS Home, Shri Nityanand Rai)",https://www.mha.gov.in/MHA1/Par2017/pdfs/par2023-pdfs/RS29032023/3253.pdf,Annexure-II: Statewise Utilisation of foreign contribution during 2020-21 (Rs in Crore),2026-09-23,"Utilized can exceed received: it includes opening balances / prior-year funds per FC-4 annual returns. Annexure-I: state-wise FC RECEIVED (Rs Cr). Annexure-II: state-wise FC UTILIZED (Rs Cr). Based on Annual Returns submitted as on 22.03.2023. Annexure-III: cancellations 2020 to 22.03.2023 (state counts, not amounts)."
Chandigarh,2020-21,utilized,160300000.00,16.03,crore,,"Rajya Sabha Unstarred Question No. 3253, 'Funds Received by NGOs from Abroad', answered 29.03.2023 (MoS Home, Shri Nityanand Rai)",https://www.mha.gov.in/MHA1/Par2017/pdfs/par2023-pdfs/RS29032023/3253.pdf,Annexure-II: Statewise Utilisation of foreign contribution during 2020-21 (Rs in Crore),2026-09-23,"Utilized can exceed received: it includes opening balances / prior-year funds per FC-4 annual returns. Annexure-I: state-wise FC RECEIVED (Rs Cr). Annexure-II: state-wise FC UTILIZED (Rs Cr). Based on Annual Returns submitted as on 22.03.2023. Annexure-III: cancellations 2020 to 22.03.2023 (state counts, not amounts)."
Chhattisgarh,2020-21,utilized,1050000000.00,105.00,crore,,"Rajya Sabha Unstarred Question No. 3253, 'Funds Received by NGOs from Abroad', answered 29.03.2023 (MoS Home, Shri Nityanand Rai)",https://www.mha.gov.in/MHA1/Par2017/pdfs/par2023-pdfs/RS29032023/3253.pdf,Annexure-II: Statewise Utilisation of foreign contribution during 2020-21 (Rs in Crore),2026-09-23,"Utilized can exceed received: it includes opening balances / prior-year funds per FC-4 annual returns. Annexure-I: state-wise FC RECEIVED (Rs Cr). Annexure-II: state-wise FC UTILIZED (Rs Cr). Based on Annual Returns submitted as on 22.03.2023. Annexure-III: cancellations 2020 to 22.03.2023 (state counts, not amounts)."
Dadra & Nagar Haveli,2020-21,utilized,51900000.00,5.19,crore,,"Rajya Sabha Unstarred Question No. 3253, 'Funds Received by NGOs from Abroad', answered 29.03.2023 (MoS Home, Shri Nityanand Rai)",https://www.mha.gov.in/MHA1/Par2017/pdfs/par2023-pdfs/RS29032023/3253.pdf,Annexure-II: Statewise Utilisation of foreign contribution during 2020-21 (Rs in Crore),2026-09-23,"Utilized can exceed received: it includes opening balances / prior-year funds per FC-4 annual returns. Annexure-I: state-wise FC RECEIVED (Rs Cr). Annexure-II: state-wise FC UTILIZED (Rs Cr). Based on Annual Returns submitted as on 22.03.2023. Annexure-III: cancellations 2020 to 22.03.2023 (state counts, not amounts)."
Delhi,2020-21,utilized,44005200000.00,4400.52,crore,,"Rajya Sabha Unstarred Question No. 3253, 'Funds Received by NGOs from Abroad', answered 29.03.2023 (MoS Home, Shri Nityanand Rai)",https://www.mha.gov.in/MHA1/Par2017/pdfs/par2023-pdfs/RS29032023/3253.pdf,Annexure-II: Statewise Utilisation of foreign contribution during 2020-21 (Rs in Crore),2026-09-23,"Utilized can exceed received: it includes opening balances / prior-year funds per FC-4 annual returns. Annexure-I: state-wise FC RECEIVED (Rs Cr). Annexure-II: state-wise FC UTILIZED (Rs Cr). Based on Annual Returns submitted as on 22.03.2023. Annexure-III: cancellations 2020 to 22.03.2023 (state counts, not amounts)."
Goa,2020-21,utilized,491000000.00,49.10,crore,,"Rajya Sabha Unstarred Question No. 3253, 'Funds Received by NGOs from Abroad', answered 29.03.2023 (MoS Home, Shri Nityanand Rai)",https://www.mha.gov.in/MHA1/Par2017/pdfs/par2023-pdfs/RS29032023/3253.pdf,Annexure-II: Statewise Utilisation of foreign contribution during 2020-21 (Rs in Crore),2026-09-23,"Utilized can exceed received: it includes opening balances / prior-year funds per FC-4 annual returns. Annexure-I: state-wise FC RECEIVED (Rs Cr). Annexure-II: state-wise FC UTILIZED (Rs Cr). Based on Annual Returns submitted as on 22.03.2023. Annexure-III: cancellations 2020 to 22.03.2023 (state counts, not amounts)."
Gujarat,2020-21,utilized,8736000000.00,873.60,crore,,"Rajya Sabha Unstarred Question No. 3253, 'Funds Received by NGOs from Abroad', answered 29.03.2023 (MoS Home, Shri Nityanand Rai)",https://www.mha.gov.in/MHA1/Par2017/pdfs/par2023-pdfs/RS29032023/3253.pdf,Annexure-II: Statewise Utilisation of foreign contribution during 2020-21 (Rs in Crore),2026-09-23,"Utilized can exceed received: it includes opening balances / prior-year funds per FC-4 annual returns. Annexure-I: state-wise FC RECEIVED (Rs Cr). Annexure-II: state-wise FC UTILIZED (Rs Cr). Based on Annual Returns submitted as on 22.03.2023. Annexure-III: cancellations 2020 to 22.03.2023 (state counts, not amounts)."
Haryana,2020-21,utilized,874500000.00,87.45,crore,,"Rajya Sabha Unstarred Question No. 3253, 'Funds Received by NGOs from Abroad', answered 29.03.2023 (MoS Home, Shri Nityanand Rai)",https://www.mha.gov.in/MHA1/Par2017/pdfs/par2023-pdfs/RS29032023/3253.pdf,Annexure-II: Statewise Utilisation of foreign contribution during 2020-21 (Rs in Crore),2026-09-23,"Utilized can exceed received: it includes opening balances / prior-year funds per FC-4 annual returns. Annexure-I: state-wise FC RECEIVED (Rs Cr). Annexure-II: state-wise FC UTILIZED (Rs Cr). Based on Annual Returns submitted as on 22.03.2023. Annexure-III: cancellations 2020 to 22.03.2023 (state counts, not amounts)."
Himachal Pradesh,2020-21,utilized,2311000000.00,231.10,crore,,"Rajya Sabha Unstarred Question No. 3253, 'Funds Received by NGOs from Abroad', answered 29.03.2023 (MoS Home, Shri Nityanand Rai)",https://www.mha.gov.in/MHA1/Par2017/pdfs/par2023-pdfs/RS29032023/3253.pdf,Annexure-II: Statewise Utilisation of foreign contribution during 2020-21 (Rs in Crore),2026-09-23,"Utilized can exceed received: it includes opening balances / prior-year funds per FC-4 annual returns. Annexure-I: state-wise FC RECEIVED (Rs Cr). Annexure-II: state-wise FC UTILIZED (Rs Cr). Based on Annual Returns submitted as on 22.03.2023. Annexure-III: cancellations 2020 to 22.03.2023 (state counts, not amounts)."
Jammu & Kashmir,2020-21,utilized,510300000.00,51.03,crore,,"Rajya Sabha Unstarred Question No. 3253, 'Funds Received by NGOs from Abroad', answered 29.03.2023 (MoS Home, Shri Nityanand Rai)",https://www.mha.gov.in/MHA1/Par2017/pdfs/par2023-pdfs/RS29032023/3253.pdf,Annexure-II: Statewise Utilisation of foreign contribution during 2020-21 (Rs in Crore),2026-09-23,"Utilized can exceed received: it includes opening balances / prior-year funds per FC-4 annual returns. Annexure-I: state-wise FC RECEIVED (Rs Cr). Annexure-II: state-wise FC UTILIZED (Rs Cr). Based on Annual Returns submitted as on 22.03.2023. Annexure-III: cancellations 2020 to 22.03.2023 (state counts, not amounts)."
Jharkhand,2020-21,utilized,2014300000.00,201.43,crore,,"Rajya Sabha Unstarred Question No. 3253, 'Funds Received by NGOs from Abroad', answered 29.03.2023 (MoS Home, Shri Nityanand Rai)",https://www.mha.gov.in/MHA1/Par2017/pdfs/par2023-pdfs/RS29032023/3253.pdf,Annexure-II: Statewise Utilisation of foreign contribution during 2020-21 (Rs in Crore),2026-09-23,"Utilized can exceed received: it includes opening balances / prior-year funds per FC-4 annual returns. Annexure-I: state-wise FC RECEIVED (Rs Cr). Annexure-II: state-wise FC UTILIZED (Rs Cr). Based on Annual Returns submitted as on 22.03.2023. Annexure-III: cancellations 2020 to 22.03.2023 (state counts, not amounts)."
Karnataka,2020-21,utilized,23449100000.00,2344.91,crore,,"Rajya Sabha Unstarred Question No. 3253, 'Funds Received by NGOs from Abroad', answered 29.03.2023 (MoS Home, Shri Nityanand Rai)",https://www.mha.gov.in/MHA1/Par2017/pdfs/par2023-pdfs/RS29032023/3253.pdf,Annexure-II: Statewise Utilisation of foreign contribution during 2020-21 (Rs in Crore),2026-09-23,"Utilized can exceed received: it includes opening balances / prior-year funds per FC-4 annual returns. Annexure-I: state-wise FC RECEIVED (Rs Cr). Annexure-II: state-wise FC UTILIZED (Rs Cr). Based on Annual Returns submitted as on 22.03.2023. Annexure-III: cancellations 2020 to 22.03.2023 (state counts, not amounts)."
Kerala,2020-21,utilized,2217700000.00,221.77,crore,,"Rajya Sabha Unstarred Question No. 3253, 'Funds Received by NGOs from Abroad', answered 29.03.2023 (MoS Home, Shri Nityanand Rai)",https://www.mha.gov.in/MHA1/Par2017/pdfs/par2023-pdfs/RS29032023/3253.pdf,Annexure-II: Statewise Utilisation of foreign contribution during 2020-21 (Rs in Crore),2026-09-23,"Utilized can exceed received: it includes opening balances / prior-year funds per FC-4 annual returns. Annexure-I: state-wise FC RECEIVED (Rs Cr). Annexure-II: state-wise FC UTILIZED (Rs Cr). Based on Annual Returns submitted as on 22.03.2023. Annexure-III: cancellations 2020 to 22.03.2023 (state counts, not amounts)."
Madhya Pradesh,2020-21,utilized,3739700000.00,373.97,crore,,"Rajya Sabha Unstarred Question No. 3253, 'Funds Received by NGOs from Abroad', answered 29.03.2023 (MoS Home, Shri Nityanand Rai)",https://www.mha.gov.in/MHA1/Par2017/pdfs/par2023-pdfs/RS29032023/3253.pdf,Annexure-II: Statewise Utilisation of foreign contribution during 2020-21 (Rs in Crore),2026-09-23,"Utilized can exceed received: it includes opening balances / prior-year funds per FC-4 annual returns. Annexure-I: state-wise FC RECEIVED (Rs Cr). Annexure-II: state-wise FC UTILIZED (Rs Cr). Based on Annual Returns submitted as on 22.03.2023. Annexure-III: cancellations 2020 to 22.03.2023 (state counts, not amounts)."
Maharashtra,2020-21,utilized,22179400000.00,2217.94,crore,,"Rajya Sabha Unstarred Question No. 3253, 'Funds Received by NGOs from Abroad', answered 29.03.2023 (MoS Home, Shri Nityanand Rai)",https://www.mha.gov.in/MHA1/Par2017/pdfs/par2023-pdfs/RS29032023/3253.pdf,Annexure-II: Statewise Utilisation of foreign contribution during 2020-21 (Rs in Crore),2026-09-23,"Utilized can exceed received: it includes opening balances / prior-year funds per FC-4 annual returns. Annexure-I: state-wise FC RECEIVED (Rs Cr). Annexure-II: state-wise FC UTILIZED (Rs Cr). Based on Annual Returns submitted as on 22.03.2023. Annexure-III: cancellations 2020 to 22.03.2023 (state counts, not amounts)."
Manipur,2020-21,utilized,543100000.00,54.31,crore,,"Rajya Sabha Unstarred Question No. 3253, 'Funds Received by NGOs from Abroad', answered 29.03.2023 (MoS Home, Shri Nityanand Rai)",https://www.mha.gov.in/MHA1/Par2017/pdfs/par2023-pdfs/RS29032023/3253.pdf,Annexure-II: Statewise Utilisation of foreign contribution during 2020-21 (Rs in Crore),2026-09-23,"Utilized can exceed received: it includes opening balances / prior-year funds per FC-4 annual returns. Annexure-I: state-wise FC RECEIVED (Rs Cr). Annexure-II: state-wise FC UTILIZED (Rs Cr). Based on Annual Returns submitted as on 22.03.2023. Annexure-III: cancellations 2020 to 22.03.2023 (state counts, not amounts)."
Meghalaya,2020-21,utilized,1131200000.00,113.12,crore,,"Rajya Sabha Unstarred Question No. 3253, 'Funds Received by NGOs from Abroad', answered 29.03.2023 (MoS Home, Shri Nityanand Rai)",https://www.mha.gov.in/MHA1/Par2017/pdfs/par2023-pdfs/RS29032023/3253.pdf,Annexure-II: Statewise Utilisation of foreign contribution during 2020-21 (Rs in Crore),2026-09-23,"Utilized can exceed received: it includes opening balances / prior-year funds per FC-4 annual returns. Annexure-I: state-wise FC RECEIVED (Rs Cr). Annexure-II: state-wise FC UTILIZED (Rs Cr). Based on Annual Returns submitted as on 22.03.2023. Annexure-III: cancellations 2020 to 22.03.2023 (state counts, not amounts)."
Mizoram,2020-21,utilized,41800000.00,4.18,crore,,"Rajya Sabha Unstarred Question No. 3253, 'Funds Received by NGOs from Abroad', answered 29.03.2023 (MoS Home, Shri Nityanand Rai)",https://www.mha.gov.in/MHA1/Par2017/pdfs/par2023-pdfs/RS29032023/3253.pdf,Annexure-II: Statewise Utilisation of foreign contribution during 2020-21 (Rs in Crore),2026-09-23,"Utilized can exceed received: it includes opening balances / prior-year funds per FC-4 annual returns. Annexure-I: state-wise FC RECEIVED (Rs Cr). Annexure-II: state-wise FC UTILIZED (Rs Cr). Based on Annual Returns submitted as on 22.03.2023. Annexure-III: cancellations 2020 to 22.03.2023 (state counts, not amounts)."
Nagaland,2020-21,utilized,474100000.00,47.41,crore,,"Rajya Sabha Unstarred Question No. 3253, 'Funds Received by NGOs from Abroad', answered 29.03.2023 (MoS Home, Shri Nityanand Rai)",https://www.mha.gov.in/MHA1/Par2017/pdfs/par2023-pdfs/RS29032023/3253.pdf,Annexure-II: Statewise Utilisation of foreign contribution during 2020-21 (Rs in Crore),2026-09-23,"Utilized can exceed received: it includes opening balances / prior-year funds per FC-4 annual returns. Annexure-I: state-wise FC RECEIVED (Rs Cr). Annexure-II: state-wise FC UTILIZED (Rs Cr). Based on Annual Returns submitted as on 22.03.2023. Annexure-III: cancellations 2020 to 22.03.2023 (state counts, not amounts)."
Orissa,2020-21,utilized,2850400000.00,285.04,crore,,"Rajya Sabha Unstarred Question No. 3253, 'Funds Received by NGOs from Abroad', answered 29.03.2023 (MoS Home, Shri Nityanand Rai)",https://www.mha.gov.in/MHA1/Par2017/pdfs/par2023-pdfs/RS29032023/3253.pdf,Annexure-II: Statewise Utilisation of foreign contribution during 2020-21 (Rs in Crore),2026-09-23,"Utilized can exceed received: it includes opening balances / prior-year funds per FC-4 annual returns. Annexure-I: state-wise FC RECEIVED (Rs Cr). Annexure-II: state-wise FC UTILIZED (Rs Cr). Based on Annual Returns submitted as on 22.03.2023. Annexure-III: cancellations 2020 to 22.03.2023 (state counts, not amounts)."
Pondicherry,2020-21,utilized,379200000.00,37.92,crore,,"Rajya Sabha Unstarred Question No. 3253, 'Funds Received by NGOs from Abroad', answered 29.03.2023 (MoS Home, Shri Nityanand Rai)",https://www.mha.gov.in/MHA1/Par2017/pdfs/par2023-pdfs/RS29032023/3253.pdf,Annexure-II: Statewise Utilisation of foreign contribution during 2020-21 (Rs in Crore),2026-09-23,"Utilized can exceed received: it includes opening balances / prior-year funds per FC-4 annual returns. Annexure-I: state-wise FC RECEIVED (Rs Cr). Annexure-II: state-wise FC UTILIZED (Rs Cr). Based on Annual Returns submitted as on 22.03.2023. Annexure-III: cancellations 2020 to 22.03.2023 (state counts, not amounts)."
Punjab,2020-21,utilized,1799900000.00,179.99,crore,,"Rajya Sabha Unstarred Question No. 3253, 'Funds Received by NGOs from Abroad', answered 29.03.2023 (MoS Home, Shri Nityanand Rai)",https://www.mha.gov.in/MHA1/Par2017/pdfs/par2023-pdfs/RS29032023/3253.pdf,Annexure-II: Statewise Utilisation of foreign contribution during 2020-21 (Rs in Crore),2026-09-23,"Utilized can exceed received: it includes opening balances / prior-year funds per FC-4 annual returns. Annexure-I: state-wise FC RECEIVED (Rs Cr). Annexure-II: state-wise FC UTILIZED (Rs Cr). Based on Annual Returns submitted as on 22.03.2023. Annexure-III: cancellations 2020 to 22.03.2023 (state counts, not amounts)."
Rajasthan,2020-21,utilized,12531600000.00,1253.16,crore,,"Rajya Sabha Unstarred Question No. 3253, 'Funds Received by NGOs from Abroad', answered 29.03.2023 (MoS Home, Shri Nityanand Rai)",https://www.mha.gov.in/MHA1/Par2017/pdfs/par2023-pdfs/RS29032023/3253.pdf,Annexure-II: Statewise Utilisation of foreign contribution during 2020-21 (Rs in Crore),2026-09-23,"Utilized can exceed received: it includes opening balances / prior-year funds per FC-4 annual returns. Annexure-I: state-wise FC RECEIVED (Rs Cr). Annexure-II: state-wise FC UTILIZED (Rs Cr). Based on Annual Returns submitted as on 22.03.2023. Annexure-III: cancellations 2020 to 22.03.2023 (state counts, not amounts)."
Sikkim,2020-21,utilized,72500000.00,7.25,crore,,"Rajya Sabha Unstarred Question No. 3253, 'Funds Received by NGOs from Abroad', answered 29.03.2023 (MoS Home, Shri Nityanand Rai)",https://www.mha.gov.in/MHA1/Par2017/pdfs/par2023-pdfs/RS29032023/3253.pdf,Annexure-II: Statewise Utilisation of foreign contribution during 2020-21 (Rs in Crore),2026-09-23,"Utilized can exceed received: it includes opening balances / prior-year funds per FC-4 annual returns. Annexure-I: state-wise FC RECEIVED (Rs Cr). Annexure-II: state-wise FC UTILIZED (Rs Cr). Based on Annual Returns submitted as on 22.03.2023. Annexure-III: cancellations 2020 to 22.03.2023 (state counts, not amounts)."
Tamil Nadu,2020-21,utilized,72664600000.00,7266.46,crore,,"Rajya Sabha Unstarred Question No. 3253, 'Funds Received by NGOs from Abroad', answered 29.03.2023 (MoS Home, Shri Nityanand Rai)",https://www.mha.gov.in/MHA1/Par2017/pdfs/par2023-pdfs/RS29032023/3253.pdf,Annexure-II: Statewise Utilisation of foreign contribution during 2020-21 (Rs in Crore),2026-09-23,"Utilized can exceed received: it includes opening balances / prior-year funds per FC-4 annual returns. Annexure-I: state-wise FC RECEIVED (Rs Cr). Annexure-II: state-wise FC UTILIZED (Rs Cr). Based on Annual Returns submitted as on 22.03.2023. Annexure-III: cancellations 2020 to 22.03.2023 (state counts, not amounts)."
Telangana,2020-21,utilized,11607800000.00,1160.78,crore,,"Rajya Sabha Unstarred Question No. 3253, 'Funds Received by NGOs from Abroad', answered 29.03.2023 (MoS Home, Shri Nityanand Rai)",https://www.mha.gov.in/MHA1/Par2017/pdfs/par2023-pdfs/RS29032023/3253.pdf,Annexure-II: Statewise Utilisation of foreign contribution during 2020-21 (Rs in Crore),2026-09-23,"Utilized can exceed received: it includes opening balances / prior-year funds per FC-4 annual returns. Annexure-I: state-wise FC RECEIVED (Rs Cr). Annexure-II: state-wise FC UTILIZED (Rs Cr). Based on Annual Returns submitted as on 22.03.2023. Annexure-III: cancellations 2020 to 22.03.2023 (state counts, not amounts)."
Tripura,2020-21,utilized,142700000.00,14.27,crore,,"Rajya Sabha Unstarred Question No. 3253, 'Funds Received by NGOs from Abroad', answered 29.03.2023 (MoS Home, Shri Nityanand Rai)",https://www.mha.gov.in/MHA1/Par2017/pdfs/par2023-pdfs/RS29032023/3253.pdf,Annexure-II: Statewise Utilisation of foreign contribution during 2020-21 (Rs in Crore),2026-09-23,"Utilized can exceed received: it includes opening balances / prior-year funds per FC-4 annual returns. Annexure-I: state-wise FC RECEIVED (Rs Cr). Annexure-II: state-wise FC UTILIZED (Rs Cr). Based on Annual Returns submitted as on 22.03.2023. Annexure-III: cancellations 2020 to 22.03.2023 (state counts, not amounts)."
Uttar Pradesh,2020-21,utilized,6233000000.00,623.30,crore,,"Rajya Sabha Unstarred Question No. 3253, 'Funds Received by NGOs from Abroad', answered 29.03.2023 (MoS Home, Shri Nityanand Rai)",https://www.mha.gov.in/MHA1/Par2017/pdfs/par2023-pdfs/RS29032023/3253.pdf,Annexure-II: Statewise Utilisation of foreign contribution during 2020-21 (Rs in Crore),2026-09-23,"Utilized can exceed received: it includes opening balances / prior-year funds per FC-4 annual returns. Annexure-I: state-wise FC RECEIVED (Rs Cr). Annexure-II: state-wise FC UTILIZED (Rs Cr). Based on Annual Returns submitted as on 22.03.2023. Annexure-III: cancellations 2020 to 22.03.2023 (state counts, not amounts)."
Uttarakhand,2020-21,utilized,1470600000.00,147.06,crore,,"Rajya Sabha Unstarred Question No. 3253, 'Funds Received by NGOs from Abroad', answered 29.03.2023 (MoS Home, Shri Nityanand Rai)",https://www.mha.gov.in/MHA1/Par2017/pdfs/par2023-pdfs/RS29032023/3253.pdf,Annexure-II: Statewise Utilisation of foreign contribution during 2020-21 (Rs in Crore),2026-09-23,"Utilized can exceed received: it includes opening balances / prior-year funds per FC-4 annual returns. Annexure-I: state-wise FC RECEIVED (Rs Cr). Annexure-II: state-wise FC UTILIZED (Rs Cr). Based on Annual Returns submitted as on 22.03.2023. Annexure-III: cancellations 2020 to 22.03.2023 (state counts, not amounts)."
West Bengal,2020-21,utilized,14376800000.00,1437.68,crore,,"Rajya Sabha Unstarred Question No. 3253, 'Funds Received by NGOs from Abroad', answered 29.03.2023 (MoS Home, Shri Nityanand Rai)",https://www.mha.gov.in/MHA1/Par2017/pdfs/par2023-pdfs/RS29032023/3253.pdf,Annexure-II: Statewise Utilisation of foreign contribution during 2020-21 (Rs in Crore),2026-09-23,"Utilized can exceed received: it includes opening balances / prior-year funds per FC-4 annual returns. Annexure-I: state-wise FC RECEIVED (Rs Cr). Annexure-II: state-wise FC UTILIZED (Rs Cr). Based on Annual Returns submitted as on 22.03.2023. Annexure-III: cancellations 2020 to 22.03.2023 (state counts, not amounts)."
Andaman & Nicobar Islands,2021-22,received,24900000.00,2.49,crore,,"Rajya Sabha Unstarred Question No. 3253, 'Funds Received by NGOs from Abroad', answered 29.03.2023 (MoS Home, Shri Nityanand Rai)",https://www.mha.gov.in/MHA1/Par2017/pdfs/par2023-pdfs/RS29032023/3253.pdf,Annexure-I: Statewise Receipt of foreign contribution during 2021-22 (Rs in Crore),2026-09-23,"Based on Annual Returns submitted as on 22.03.2023. Annexure-I: state-wise FC RECEIVED (Rs Cr). Annexure-II: state-wise FC UTILIZED (Rs Cr). Based on Annual Returns submitted as on 22.03.2023. Annexure-III: cancellations 2020 to 22.03.2023 (state counts, not amounts)."
Andhra Pradesh,2021-22,received,9501000000.00,950.10,crore,,"Rajya Sabha Unstarred Question No. 3253, 'Funds Received by NGOs from Abroad', answered 29.03.2023 (MoS Home, Shri Nityanand Rai)",https://www.mha.gov.in/MHA1/Par2017/pdfs/par2023-pdfs/RS29032023/3253.pdf,Annexure-I: Statewise Receipt of foreign contribution during 2021-22 (Rs in Crore),2026-09-23,"Based on Annual Returns submitted as on 22.03.2023. Annexure-I: state-wise FC RECEIVED (Rs Cr). Annexure-II: state-wise FC UTILIZED (Rs Cr). Based on Annual Returns submitted as on 22.03.2023. Annexure-III: cancellations 2020 to 22.03.2023 (state counts, not amounts)."
Arunachal Pradesh,2021-22,received,275000000.00,27.50,crore,,"Rajya Sabha Unstarred Question No. 3253, 'Funds Received by NGOs from Abroad', answered 29.03.2023 (MoS Home, Shri Nityanand Rai)",https://www.mha.gov.in/MHA1/Par2017/pdfs/par2023-pdfs/RS29032023/3253.pdf,Annexure-I: Statewise Receipt of foreign contribution during 2021-22 (Rs in Crore),2026-09-23,"Based on Annual Returns submitted as on 22.03.2023. Annexure-I: state-wise FC RECEIVED (Rs Cr). Annexure-II: state-wise FC UTILIZED (Rs Cr). Based on Annual Returns submitted as on 22.03.2023. Annexure-III: cancellations 2020 to 22.03.2023 (state counts, not amounts)."
Assam,2021-22,received,1996400000.00,199.64,crore,,"Rajya Sabha Unstarred Question No. 3253, 'Funds Received by NGOs from Abroad', answered 29.03.2023 (MoS Home, Shri Nityanand Rai)",https://www.mha.gov.in/MHA1/Par2017/pdfs/par2023-pdfs/RS29032023/3253.pdf,Annexure-I: Statewise Receipt of foreign contribution during 2021-22 (Rs in Crore),2026-09-23,"Based on Annual Returns submitted as on 22.03.2023. Annexure-I: state-wise FC RECEIVED (Rs Cr). Annexure-II: state-wise FC UTILIZED (Rs Cr). Based on Annual Returns submitted as on 22.03.2023. Annexure-III: cancellations 2020 to 22.03.2023 (state counts, not amounts)."
Bihar,2021-22,received,2315200000.00,231.52,crore,,"Rajya Sabha Unstarred Question No. 3253, 'Funds Received by NGOs from Abroad', answered 29.03.2023 (MoS Home, Shri Nityanand Rai)",https://www.mha.gov.in/MHA1/Par2017/pdfs/par2023-pdfs/RS29032023/3253.pdf,Annexure-I: Statewise Receipt of foreign contribution during 2021-22 (Rs in Crore),2026-09-23,"Based on Annual Returns submitted as on 22.03.2023. Annexure-I: state-wise FC RECEIVED (Rs Cr). Annexure-II: state-wise FC UTILIZED (Rs Cr). Based on Annual Returns submitted as on 22.03.2023. Annexure-III: cancellations 2020 to 22.03.2023 (state counts, not amounts)."
Chandigarh,2021-22,received,200800000.00,20.08,crore,,"Rajya Sabha Unstarred Question No. 3253, 'Funds Received by NGOs from Abroad', answered 29.03.2023 (MoS Home, Shri Nityanand Rai)",https://www.mha.gov.in/MHA1/Par2017/pdfs/par2023-pdfs/RS29032023/3253.pdf,Annexure-I: Statewise Receipt of foreign contribution during 2021-22 (Rs in Crore),2026-09-23,"Based on Annual Returns submitted as on 22.03.2023. Annexure-I: state-wise FC RECEIVED (Rs Cr). Annexure-II: state-wise FC UTILIZED (Rs Cr). Based on Annual Returns submitted as on 22.03.2023. Annexure-III: cancellations 2020 to 22.03.2023 (state counts, not amounts)."
Chhattisgarh,2021-22,received,717600000.00,71.76,crore,,"Rajya Sabha Unstarred Question No. 3253, 'Funds Received by NGOs from Abroad', answered 29.03.2023 (MoS Home, Shri Nityanand Rai)",https://www.mha.gov.in/MHA1/Par2017/pdfs/par2023-pdfs/RS29032023/3253.pdf,Annexure-I: Statewise Receipt of foreign contribution during 2021-22 (Rs in Crore),2026-09-23,"Based on Annual Returns submitted as on 22.03.2023. Annexure-I: state-wise FC RECEIVED (Rs Cr). Annexure-II: state-wise FC UTILIZED (Rs Cr). Based on Annual Returns submitted as on 22.03.2023. Annexure-III: cancellations 2020 to 22.03.2023 (state counts, not amounts)."
Dadra & Nagar Haveli,2021-22,received,24200000.00,2.42,crore,,"Rajya Sabha Unstarred Question No. 3253, 'Funds Received by NGOs from Abroad', answered 29.03.2023 (MoS Home, Shri Nityanand Rai)",https://www.mha.gov.in/MHA1/Par2017/pdfs/par2023-pdfs/RS29032023/3253.pdf,Annexure-I: Statewise Receipt of foreign contribution during 2021-22 (Rs in Crore),2026-09-23,"Based on Annual Returns submitted as on 22.03.2023. Annexure-I: state-wise FC RECEIVED (Rs Cr). Annexure-II: state-wise FC UTILIZED (Rs Cr). Based on Annual Returns submitted as on 22.03.2023. Annexure-III: cancellations 2020 to 22.03.2023 (state counts, not amounts)."
Delhi,2021-22,received,58096000000.00,5809.60,crore,,"Rajya Sabha Unstarred Question No. 3253, 'Funds Received by NGOs from Abroad', answered 29.03.2023 (MoS Home, Shri Nityanand Rai)",https://www.mha.gov.in/MHA1/Par2017/pdfs/par2023-pdfs/RS29032023/3253.pdf,Annexure-I: Statewise Receipt of foreign contribution during 2021-22 (Rs in Crore),2026-09-23,"Based on Annual Returns submitted as on 22.03.2023. Annexure-I: state-wise FC RECEIVED (Rs Cr). Annexure-II: state-wise FC UTILIZED (Rs Cr). Based on Annual Returns submitted as on 22.03.2023. Annexure-III: cancellations 2020 to 22.03.2023 (state counts, not amounts)."
Goa,2021-22,received,564800000.00,56.48,crore,,"Rajya Sabha Unstarred Question No. 3253, 'Funds Received by NGOs from Abroad', answered 29.03.2023 (MoS Home, Shri Nityanand Rai)",https://www.mha.gov.in/MHA1/Par2017/pdfs/par2023-pdfs/RS29032023/3253.pdf,Annexure-I: Statewise Receipt of foreign contribution during 2021-22 (Rs in Crore),2026-09-23,"Based on Annual Returns submitted as on 22.03.2023. Annexure-I: state-wise FC RECEIVED (Rs Cr). Annexure-II: state-wise FC UTILIZED (Rs Cr). Based on Annual Returns submitted as on 22.03.2023. Annexure-III: cancellations 2020 to 22.03.2023 (state counts, not amounts)."
Gujarat,2021-22,received,14961700000.00,1496.17,crore,,"Rajya Sabha Unstarred Question No. 3253, 'Funds Received by NGOs from Abroad', answered 29.03.2023 (MoS Home, Shri Nityanand Rai)",https://www.mha.gov.in/MHA1/Par2017/pdfs/par2023-pdfs/RS29032023/3253.pdf,Annexure-I: Statewise Receipt of foreign contribution during 2021-22 (Rs in Crore),2026-09-23,"Based on Annual Returns submitted as on 22.03.2023. Annexure-I: state-wise FC RECEIVED (Rs Cr). Annexure-II: state-wise FC UTILIZED (Rs Cr). Based on Annual Returns submitted as on 22.03.2023. Annexure-III: cancellations 2020 to 22.03.2023 (state counts, not amounts)."
Haryana,2021-22,received,1069500000.00,106.95,crore,,"Rajya Sabha Unstarred Question No. 3253, 'Funds Received by NGOs from Abroad', answered 29.03.2023 (MoS Home, Shri Nityanand Rai)",https://www.mha.gov.in/MHA1/Par2017/pdfs/par2023-pdfs/RS29032023/3253.pdf,Annexure-I: Statewise Receipt of foreign contribution during 2021-22 (Rs in Crore),2026-09-23,"Based on Annual Returns submitted as on 22.03.2023. Annexure-I: state-wise FC RECEIVED (Rs Cr). Annexure-II: state-wise FC UTILIZED (Rs Cr). Based on Annual Returns submitted as on 22.03.2023. Annexure-III: cancellations 2020 to 22.03.2023 (state counts, not amounts)."
Himachal Pradesh,2021-22,received,2333900000.00,233.39,crore,,"Rajya Sabha Unstarred Question No. 3253, 'Funds Received by NGOs from Abroad', answered 29.03.2023 (MoS Home, Shri Nityanand Rai)",https://www.mha.gov.in/MHA1/Par2017/pdfs/par2023-pdfs/RS29032023/3253.pdf,Annexure-I: Statewise Receipt of foreign contribution during 2021-22 (Rs in Crore),2026-09-23,"Based on Annual Returns submitted as on 22.03.2023. Annexure-I: state-wise FC RECEIVED (Rs Cr). Annexure-II: state-wise FC UTILIZED (Rs Cr). Based on Annual Returns submitted as on 22.03.2023. Annexure-III: cancellations 2020 to 22.03.2023 (state counts, not amounts)."
Jammu & Kashmir,2021-22,received,557700000.00,55.77,crore,,"Rajya Sabha Unstarred Question No. 3253, 'Funds Received by NGOs from Abroad', answered 29.03.2023 (MoS Home, Shri Nityanand Rai)",https://www.mha.gov.in/MHA1/Par2017/pdfs/par2023-pdfs/RS29032023/3253.pdf,Annexure-I: Statewise Receipt of foreign contribution during 2021-22 (Rs in Crore),2026-09-23,"Based on Annual Returns submitted as on 22.03.2023. Annexure-I: state-wise FC RECEIVED (Rs Cr). Annexure-II: state-wise FC UTILIZED (Rs Cr). Based on Annual Returns submitted as on 22.03.2023. Annexure-III: cancellations 2020 to 22.03.2023 (state counts, not amounts)."
Jharkhand,2021-22,received,1626000000.00,162.60,crore,,"Rajya Sabha Unstarred Question No. 3253, 'Funds Received by NGOs from Abroad', answered 29.03.2023 (MoS Home, Shri Nityanand Rai)",https://www.mha.gov.in/MHA1/Par2017/pdfs/par2023-pdfs/RS29032023/3253.pdf,Annexure-I: Statewise Receipt of foreign contribution during 2021-22 (Rs in Crore),2026-09-23,"Based on Annual Returns submitted as on 22.03.2023. Annexure-I: state-wise FC RECEIVED (Rs Cr). Annexure-II: state-wise FC UTILIZED (Rs Cr). Based on Annual Returns submitted as on 22.03.2023. Annexure-III: cancellations 2020 to 22.03.2023 (state counts, not amounts)."
Karnataka,2021-22,received,31409800000.00,3140.98,crore,,"Rajya Sabha Unstarred Question No. 3253, 'Funds Received by NGOs from Abroad', answered 29.03.2023 (MoS Home, Shri Nityanand Rai)",https://www.mha.gov.in/MHA1/Par2017/pdfs/par2023-pdfs/RS29032023/3253.pdf,Annexure-I: Statewise Receipt of foreign contribution during 2021-22 (Rs in Crore),2026-09-23,"Based on Annual Returns submitted as on 22.03.2023. Annexure-I: state-wise FC RECEIVED (Rs Cr). Annexure-II: state-wise FC UTILIZED (Rs Cr). Based on Annual Returns submitted as on 22.03.2023. Annexure-III: cancellations 2020 to 22.03.2023 (state counts, not amounts)."
Kerala,2021-22,received,9754400000.00,975.44,crore,,"Rajya Sabha Unstarred Question No. 3253, 'Funds Received by NGOs from Abroad', answered 29.03.2023 (MoS Home, Shri Nityanand Rai)",https://www.mha.gov.in/MHA1/Par2017/pdfs/par2023-pdfs/RS29032023/3253.pdf,Annexure-I: Statewise Receipt of foreign contribution during 2021-22 (Rs in Crore),2026-09-23,"Based on Annual Returns submitted as on 22.03.2023. Annexure-I: state-wise FC RECEIVED (Rs Cr). Annexure-II: state-wise FC UTILIZED (Rs Cr). Based on Annual Returns submitted as on 22.03.2023. Annexure-III: cancellations 2020 to 22.03.2023 (state counts, not amounts)."
Madhya Pradesh,2021-22,received,2683100000.00,268.31,crore,,"Rajya Sabha Unstarred Question No. 3253, 'Funds Received by NGOs from Abroad', answered 29.03.2023 (MoS Home, Shri Nityanand Rai)",https://www.mha.gov.in/MHA1/Par2017/pdfs/par2023-pdfs/RS29032023/3253.pdf,Annexure-I: Statewise Receipt of foreign contribution during 2021-22 (Rs in Crore),2026-09-23,"Based on Annual Returns submitted as on 22.03.2023. Annexure-I: state-wise FC RECEIVED (Rs Cr). Annexure-II: state-wise FC UTILIZED (Rs Cr). Based on Annual Returns submitted as on 22.03.2023. Annexure-III: cancellations 2020 to 22.03.2023 (state counts, not amounts)."
Maharashtra,2021-22,received,21999600000.00,2199.96,crore,,"Rajya Sabha Unstarred Question No. 3253, 'Funds Received by NGOs from Abroad', answered 29.03.2023 (MoS Home, Shri Nityanand Rai)",https://www.mha.gov.in/MHA1/Par2017/pdfs/par2023-pdfs/RS29032023/3253.pdf,Annexure-I: Statewise Receipt of foreign contribution during 2021-22 (Rs in Crore),2026-09-23,"Based on Annual Returns submitted as on 22.03.2023. Annexure-I: state-wise FC RECEIVED (Rs Cr). Annexure-II: state-wise FC UTILIZED (Rs Cr). Based on Annual Returns submitted as on 22.03.2023. Annexure-III: cancellations 2020 to 22.03.2023 (state counts, not amounts)."
Manipur,2021-22,received,600800000.00,60.08,crore,,"Rajya Sabha Unstarred Question No. 3253, 'Funds Received by NGOs from Abroad', answered 29.03.2023 (MoS Home, Shri Nityanand Rai)",https://www.mha.gov.in/MHA1/Par2017/pdfs/par2023-pdfs/RS29032023/3253.pdf,Annexure-I: Statewise Receipt of foreign contribution during 2021-22 (Rs in Crore),2026-09-23,"Based on Annual Returns submitted as on 22.03.2023. Annexure-I: state-wise FC RECEIVED (Rs Cr). Annexure-II: state-wise FC UTILIZED (Rs Cr). Based on Annual Returns submitted as on 22.03.2023. Annexure-III: cancellations 2020 to 22.03.2023 (state counts, not amounts)."
Meghalaya,2021-22,received,783500000.00,78.35,crore,,"Rajya Sabha Unstarred Question No. 3253, 'Funds Received by NGOs from Abroad', answered 29.03.2023 (MoS Home, Shri Nityanand Rai)",https://www.mha.gov.in/MHA1/Par2017/pdfs/par2023-pdfs/RS29032023/3253.pdf,Annexure-I: Statewise Receipt of foreign contribution during 2021-22 (Rs in Crore),2026-09-23,"Based on Annual Returns submitted as on 22.03.2023. Annexure-I: state-wise FC RECEIVED (Rs Cr). Annexure-II: state-wise FC UTILIZED (Rs Cr). Based on Annual Returns submitted as on 22.03.2023. Annexure-III: cancellations 2020 to 22.03.2023 (state counts, not amounts)."
Mizoram,2021-22,received,150500000.00,15.05,crore,,"Rajya Sabha Unstarred Question No. 3253, 'Funds Received by NGOs from Abroad', answered 29.03.2023 (MoS Home, Shri Nityanand Rai)",https://www.mha.gov.in/MHA1/Par2017/pdfs/par2023-pdfs/RS29032023/3253.pdf,Annexure-I: Statewise Receipt of foreign contribution during 2021-22 (Rs in Crore),2026-09-23,"Based on Annual Returns submitted as on 22.03.2023. Annexure-I: state-wise FC RECEIVED (Rs Cr). Annexure-II: state-wise FC UTILIZED (Rs Cr). Based on Annual Returns submitted as on 22.03.2023. Annexure-III: cancellations 2020 to 22.03.2023 (state counts, not amounts)."
Nagaland,2021-22,received,571800000.00,57.18,crore,,"Rajya Sabha Unstarred Question No. 3253, 'Funds Received by NGOs from Abroad', answered 29.03.2023 (MoS Home, Shri Nityanand Rai)",https://www.mha.gov.in/MHA1/Par2017/pdfs/par2023-pdfs/RS29032023/3253.pdf,Annexure-I: Statewise Receipt of foreign contribution during 2021-22 (Rs in Crore),2026-09-23,"Based on Annual Returns submitted as on 22.03.2023. Annexure-I: state-wise FC RECEIVED (Rs Cr). Annexure-II: state-wise FC UTILIZED (Rs Cr). Based on Annual Returns submitted as on 22.03.2023. Annexure-III: cancellations 2020 to 22.03.2023 (state counts, not amounts)."
Orissa,2021-22,received,2880200000.00,288.02,crore,,"Rajya Sabha Unstarred Question No. 3253, 'Funds Received by NGOs from Abroad', answered 29.03.2023 (MoS Home, Shri Nityanand Rai)",https://www.mha.gov.in/MHA1/Par2017/pdfs/par2023-pdfs/RS29032023/3253.pdf,Annexure-I: Statewise Receipt of foreign contribution during 2021-22 (Rs in Crore),2026-09-23,"Based on Annual Returns submitted as on 22.03.2023. Annexure-I: state-wise FC RECEIVED (Rs Cr). Annexure-II: state-wise FC UTILIZED (Rs Cr). Based on Annual Returns submitted as on 22.03.2023. Annexure-III: cancellations 2020 to 22.03.2023 (state counts, not amounts)."
Pondicherry,2021-22,received,256300000.00,25.63,crore,,"Rajya Sabha Unstarred Question No. 3253, 'Funds Received by NGOs from Abroad', answered 29.03.2023 (MoS Home, Shri Nityanand Rai)",https://www.mha.gov.in/MHA1/Par2017/pdfs/par2023-pdfs/RS29032023/3253.pdf,Annexure-I: Statewise Receipt of foreign contribution during 2021-22 (Rs in Crore),2026-09-23,"Based on Annual Returns submitted as on 22.03.2023. Annexure-I: state-wise FC RECEIVED (Rs Cr). Annexure-II: state-wise FC UTILIZED (Rs Cr). Based on Annual Returns submitted as on 22.03.2023. Annexure-III: cancellations 2020 to 22.03.2023 (state counts, not amounts)."
Punjab,2021-22,received,2072900000.00,207.29,crore,,"Rajya Sabha Unstarred Question No. 3253, 'Funds Received by NGOs from Abroad', answered 29.03.2023 (MoS Home, Shri Nityanand Rai)",https://www.mha.gov.in/MHA1/Par2017/pdfs/par2023-pdfs/RS29032023/3253.pdf,Annexure-I: Statewise Receipt of foreign contribution during 2021-22 (Rs in Crore),2026-09-23,"Based on Annual Returns submitted as on 22.03.2023. Annexure-I: state-wise FC RECEIVED (Rs Cr). Annexure-II: state-wise FC UTILIZED (Rs Cr). Based on Annual Returns submitted as on 22.03.2023. Annexure-III: cancellations 2020 to 22.03.2023 (state counts, not amounts)."
Rajasthan,2021-22,received,2850900000.00,285.09,crore,,"Rajya Sabha Unstarred Question No. 3253, 'Funds Received by NGOs from Abroad', answered 29.03.2023 (MoS Home, Shri Nityanand Rai)",https://www.mha.gov.in/MHA1/Par2017/pdfs/par2023-pdfs/RS29032023/3253.pdf,Annexure-I: Statewise Receipt of foreign contribution during 2021-22 (Rs in Crore),2026-09-23,"Based on Annual Returns submitted as on 22.03.2023. Annexure-I: state-wise FC RECEIVED (Rs Cr). Annexure-II: state-wise FC UTILIZED (Rs Cr). Based on Annual Returns submitted as on 22.03.2023. Annexure-III: cancellations 2020 to 22.03.2023 (state counts, not amounts)."
Sikkim,2021-22,received,74600000.00,7.46,crore,,"Rajya Sabha Unstarred Question No. 3253, 'Funds Received by NGOs from Abroad', answered 29.03.2023 (MoS Home, Shri Nityanand Rai)",https://www.mha.gov.in/MHA1/Par2017/pdfs/par2023-pdfs/RS29032023/3253.pdf,Annexure-I: Statewise Receipt of foreign contribution during 2021-22 (Rs in Crore),2026-09-23,"Based on Annual Returns submitted as on 22.03.2023. Annexure-I: state-wise FC RECEIVED (Rs Cr). Annexure-II: state-wise FC UTILIZED (Rs Cr). Based on Annual Returns submitted as on 22.03.2023. Annexure-III: cancellations 2020 to 22.03.2023 (state counts, not amounts)."
Tamil Nadu,2021-22,received,25073500000.00,2507.35,crore,,"Rajya Sabha Unstarred Question No. 3253, 'Funds Received by NGOs from Abroad', answered 29.03.2023 (MoS Home, Shri Nityanand Rai)",https://www.mha.gov.in/MHA1/Par2017/pdfs/par2023-pdfs/RS29032023/3253.pdf,Annexure-I: Statewise Receipt of foreign contribution during 2021-22 (Rs in Crore),2026-09-23,"Based on Annual Returns submitted as on 22.03.2023. Annexure-I: state-wise FC RECEIVED (Rs Cr). Annexure-II: state-wise FC UTILIZED (Rs Cr). Based on Annual Returns submitted as on 22.03.2023. Annexure-III: cancellations 2020 to 22.03.2023 (state counts, not amounts)."
Telangana,2021-22,received,11145500000.00,1114.55,crore,,"Rajya Sabha Unstarred Question No. 3253, 'Funds Received by NGOs from Abroad', answered 29.03.2023 (MoS Home, Shri Nityanand Rai)",https://www.mha.gov.in/MHA1/Par2017/pdfs/par2023-pdfs/RS29032023/3253.pdf,Annexure-I: Statewise Receipt of foreign contribution during 2021-22 (Rs in Crore),2026-09-23,"Based on Annual Returns submitted as on 22.03.2023. Annexure-I: state-wise FC RECEIVED (Rs Cr). Annexure-II: state-wise FC UTILIZED (Rs Cr). Based on Annual Returns submitted as on 22.03.2023. Annexure-III: cancellations 2020 to 22.03.2023 (state counts, not amounts)."
Tripura,2021-22,received,123700000.00,12.37,crore,,"Rajya Sabha Unstarred Question No. 3253, 'Funds Received by NGOs from Abroad', answered 29.03.2023 (MoS Home, Shri Nityanand Rai)",https://www.mha.gov.in/MHA1/Par2017/pdfs/par2023-pdfs/RS29032023/3253.pdf,Annexure-I: Statewise Receipt of foreign contribution during 2021-22 (Rs in Crore),2026-09-23,"Based on Annual Returns submitted as on 22.03.2023. Annexure-I: state-wise FC RECEIVED (Rs Cr). Annexure-II: state-wise FC UTILIZED (Rs Cr). Based on Annual Returns submitted as on 22.03.2023. Annexure-III: cancellations 2020 to 22.03.2023 (state counts, not amounts)."
Uttar Pradesh,2021-22,received,3758100000.00,375.81,crore,,"Rajya Sabha Unstarred Question No. 3253, 'Funds Received by NGOs from Abroad', answered 29.03.2023 (MoS Home, Shri Nityanand Rai)",https://www.mha.gov.in/MHA1/Par2017/pdfs/par2023-pdfs/RS29032023/3253.pdf,Annexure-I: Statewise Receipt of foreign contribution during 2021-22 (Rs in Crore),2026-09-23,"Based on Annual Returns submitted as on 22.03.2023. Annexure-I: state-wise FC RECEIVED (Rs Cr). Annexure-II: state-wise FC UTILIZED (Rs Cr). Based on Annual Returns submitted as on 22.03.2023. Annexure-III: cancellations 2020 to 22.03.2023 (state counts, not amounts)."
Uttarakhand,2021-22,received,1702400000.00,170.24,crore,,"Rajya Sabha Unstarred Question No. 3253, 'Funds Received by NGOs from Abroad', answered 29.03.2023 (MoS Home, Shri Nityanand Rai)",https://www.mha.gov.in/MHA1/Par2017/pdfs/par2023-pdfs/RS29032023/3253.pdf,Annexure-I: Statewise Receipt of foreign contribution during 2021-22 (Rs in Crore),2026-09-23,"Based on Annual Returns submitted as on 22.03.2023. Annexure-I: state-wise FC RECEIVED (Rs Cr). Annexure-II: state-wise FC UTILIZED (Rs Cr). Based on Annual Returns submitted as on 22.03.2023. Annexure-III: cancellations 2020 to 22.03.2023 (state counts, not amounts)."
West Bengal,2021-22,received,9061200000.00,906.12,crore,,"Rajya Sabha Unstarred Question No. 3253, 'Funds Received by NGOs from Abroad', answered 29.03.2023 (MoS Home, Shri Nityanand Rai)",https://www.mha.gov.in/MHA1/Par2017/pdfs/par2023-pdfs/RS29032023/3253.pdf,Annexure-I: Statewise Receipt of foreign contribution during 2021-22 (Rs in Crore),2026-09-23,"Based on Annual Returns submitted as on 22.03.2023. Annexure-I: state-wise FC RECEIVED (Rs Cr). Annexure-II: state-wise FC UTILIZED (Rs Cr). Based on Annual Returns submitted as on 22.03.2023. Annexure-III: cancellations 2020 to 22.03.2023 (state counts, not amounts)."
Andaman & Nicobar Islands,2021-22,utilized,41100000.00,4.11,crore,,"Rajya Sabha Unstarred Question No. 3253, 'Funds Received by NGOs from Abroad', answered 29.03.2023 (MoS Home, Shri Nityanand Rai)",https://www.mha.gov.in/MHA1/Par2017/pdfs/par2023-pdfs/RS29032023/3253.pdf,Annexure-II: Statewise Utilisation of foreign contribution during 2021-22 (Rs in Crore),2026-09-23,"Utilized can exceed received: it includes opening balances / prior-year funds per FC-4 annual returns. Annexure-I: state-wise FC RECEIVED (Rs Cr). Annexure-II: state-wise FC UTILIZED (Rs Cr). Based on Annual Returns submitted as on 22.03.2023. Annexure-III: cancellations 2020 to 22.03.2023 (state counts, not amounts)."
Andhra Pradesh,2021-22,utilized,10490000000.00,1049.00,crore,,"Rajya Sabha Unstarred Question No. 3253, 'Funds Received by NGOs from Abroad', answered 29.03.2023 (MoS Home, Shri Nityanand Rai)",https://www.mha.gov.in/MHA1/Par2017/pdfs/par2023-pdfs/RS29032023/3253.pdf,Annexure-II: Statewise Utilisation of foreign contribution during 2021-22 (Rs in Crore),2026-09-23,"Utilized can exceed received: it includes opening balances / prior-year funds per FC-4 annual returns. Annexure-I: state-wise FC RECEIVED (Rs Cr). Annexure-II: state-wise FC UTILIZED (Rs Cr). Based on Annual Returns submitted as on 22.03.2023. Annexure-III: cancellations 2020 to 22.03.2023 (state counts, not amounts)."
Arunachal Pradesh,2021-22,utilized,235100000.00,23.51,crore,,"Rajya Sabha Unstarred Question No. 3253, 'Funds Received by NGOs from Abroad', answered 29.03.2023 (MoS Home, Shri Nityanand Rai)",https://www.mha.gov.in/MHA1/Par2017/pdfs/par2023-pdfs/RS29032023/3253.pdf,Annexure-II: Statewise Utilisation of foreign contribution during 2021-22 (Rs in Crore),2026-09-23,"Utilized can exceed received: it includes opening balances / prior-year funds per FC-4 annual returns. Annexure-I: state-wise FC RECEIVED (Rs Cr). Annexure-II: state-wise FC UTILIZED (Rs Cr). Based on Annual Returns submitted as on 22.03.2023. Annexure-III: cancellations 2020 to 22.03.2023 (state counts, not amounts)."
Assam,2021-22,utilized,2152200000.00,215.22,crore,,"Rajya Sabha Unstarred Question No. 3253, 'Funds Received by NGOs from Abroad', answered 29.03.2023 (MoS Home, Shri Nityanand Rai)",https://www.mha.gov.in/MHA1/Par2017/pdfs/par2023-pdfs/RS29032023/3253.pdf,Annexure-II: Statewise Utilisation of foreign contribution during 2021-22 (Rs in Crore),2026-09-23,"Utilized can exceed received: it includes opening balances / prior-year funds per FC-4 annual returns. Annexure-I: state-wise FC RECEIVED (Rs Cr). Annexure-II: state-wise FC UTILIZED (Rs Cr). Based on Annual Returns submitted as on 22.03.2023. Annexure-III: cancellations 2020 to 22.03.2023 (state counts, not amounts)."
Bihar,2021-22,utilized,2789800000.00,278.98,crore,,"Rajya Sabha Unstarred Question No. 3253, 'Funds Received by NGOs from Abroad', answered 29.03.2023 (MoS Home, Shri Nityanand Rai)",https://www.mha.gov.in/MHA1/Par2017/pdfs/par2023-pdfs/RS29032023/3253.pdf,Annexure-II: Statewise Utilisation of foreign contribution during 2021-22 (Rs in Crore),2026-09-23,"Utilized can exceed received: it includes opening balances / prior-year funds per FC-4 annual returns. Annexure-I: state-wise FC RECEIVED (Rs Cr). Annexure-II: state-wise FC UTILIZED (Rs Cr). Based on Annual Returns submitted as on 22.03.2023. Annexure-III: cancellations 2020 to 22.03.2023 (state counts, not amounts)."
Chandigarh,2021-22,utilized,212600000.00,21.26,crore,,"Rajya Sabha Unstarred Question No. 3253, 'Funds Received by NGOs from Abroad', answered 29.03.2023 (MoS Home, Shri Nityanand Rai)",https://www.mha.gov.in/MHA1/Par2017/pdfs/par2023-pdfs/RS29032023/3253.pdf,Annexure-II: Statewise Utilisation of foreign contribution during 2021-22 (Rs in Crore),2026-09-23,"Utilized can exceed received: it includes opening balances / prior-year funds per FC-4 annual returns. Annexure-I: state-wise FC RECEIVED (Rs Cr). Annexure-II: state-wise FC UTILIZED (Rs Cr). Based on Annual Returns submitted as on 22.03.2023. Annexure-III: cancellations 2020 to 22.03.2023 (state counts, not amounts)."
Chhattisgarh,2021-22,utilized,861300000.00,86.13,crore,,"Rajya Sabha Unstarred Question No. 3253, 'Funds Received by NGOs from Abroad', answered 29.03.2023 (MoS Home, Shri Nityanand Rai)",https://www.mha.gov.in/MHA1/Par2017/pdfs/par2023-pdfs/RS29032023/3253.pdf,Annexure-II: Statewise Utilisation of foreign contribution during 2021-22 (Rs in Crore),2026-09-23,"Utilized can exceed received: it includes opening balances / prior-year funds per FC-4 annual returns. Annexure-I: state-wise FC RECEIVED (Rs Cr). Annexure-II: state-wise FC UTILIZED (Rs Cr). Based on Annual Returns submitted as on 22.03.2023. Annexure-III: cancellations 2020 to 22.03.2023 (state counts, not amounts)."
Dadra & Nagar Haveli,2021-22,utilized,15200000.00,1.52,crore,,"Rajya Sabha Unstarred Question No. 3253, 'Funds Received by NGOs from Abroad', answered 29.03.2023 (MoS Home, Shri Nityanand Rai)",https://www.mha.gov.in/MHA1/Par2017/pdfs/par2023-pdfs/RS29032023/3253.pdf,Annexure-II: Statewise Utilisation of foreign contribution during 2021-22 (Rs in Crore),2026-09-23,"Utilized can exceed received: it includes opening balances / prior-year funds per FC-4 annual returns. Annexure-I: state-wise FC RECEIVED (Rs Cr). Annexure-II: state-wise FC UTILIZED (Rs Cr). Based on Annual Returns submitted as on 22.03.2023. Annexure-III: cancellations 2020 to 22.03.2023 (state counts, not amounts)."
Delhi,2021-22,utilized,60087300000.00,6008.73,crore,,"Rajya Sabha Unstarred Question No. 3253, 'Funds Received by NGOs from Abroad', answered 29.03.2023 (MoS Home, Shri Nityanand Rai)",https://www.mha.gov.in/MHA1/Par2017/pdfs/par2023-pdfs/RS29032023/3253.pdf,Annexure-II: Statewise Utilisation of foreign contribution during 2021-22 (Rs in Crore),2026-09-23,"Utilized can exceed received: it includes opening balances / prior-year funds per FC-4 annual returns. Annexure-I: state-wise FC RECEIVED (Rs Cr). Annexure-II: state-wise FC UTILIZED (Rs Cr). Based on Annual Returns submitted as on 22.03.2023. Annexure-III: cancellations 2020 to 22.03.2023 (state counts, not amounts)."
Goa,2021-22,utilized,555300000.00,55.53,crore,,"Rajya Sabha Unstarred Question No. 3253, 'Funds Received by NGOs from Abroad', answered 29.03.2023 (MoS Home, Shri Nityanand Rai)",https://www.mha.gov.in/MHA1/Par2017/pdfs/par2023-pdfs/RS29032023/3253.pdf,Annexure-II: Statewise Utilisation of foreign contribution during 2021-22 (Rs in Crore),2026-09-23,"Utilized can exceed received: it includes opening balances / prior-year funds per FC-4 annual returns. Annexure-I: state-wise FC RECEIVED (Rs Cr). Annexure-II: state-wise FC UTILIZED (Rs Cr). Based on Annual Returns submitted as on 22.03.2023. Annexure-III: cancellations 2020 to 22.03.2023 (state counts, not amounts)."
Gujarat,2021-22,utilized,16715900000.00,1671.59,crore,,"Rajya Sabha Unstarred Question No. 3253, 'Funds Received by NGOs from Abroad', answered 29.03.2023 (MoS Home, Shri Nityanand Rai)",https://www.mha.gov.in/MHA1/Par2017/pdfs/par2023-pdfs/RS29032023/3253.pdf,Annexure-II: Statewise Utilisation of foreign contribution during 2021-22 (Rs in Crore),2026-09-23,"Utilized can exceed received: it includes opening balances / prior-year funds per FC-4 annual returns. Annexure-I: state-wise FC RECEIVED (Rs Cr). Annexure-II: state-wise FC UTILIZED (Rs Cr). Based on Annual Returns submitted as on 22.03.2023. Annexure-III: cancellations 2020 to 22.03.2023 (state counts, not amounts)."
Haryana,2021-22,utilized,1073500000.00,107.35,crore,,"Rajya Sabha Unstarred Question No. 3253, 'Funds Received by NGOs from Abroad', answered 29.03.2023 (MoS Home, Shri Nityanand Rai)",https://www.mha.gov.in/MHA1/Par2017/pdfs/par2023-pdfs/RS29032023/3253.pdf,Annexure-II: Statewise Utilisation of foreign contribution during 2021-22 (Rs in Crore),2026-09-23,"Utilized can exceed received: it includes opening balances / prior-year funds per FC-4 annual returns. Annexure-I: state-wise FC RECEIVED (Rs Cr). Annexure-II: state-wise FC UTILIZED (Rs Cr). Based on Annual Returns submitted as on 22.03.2023. Annexure-III: cancellations 2020 to 22.03.2023 (state counts, not amounts)."
Himachal Pradesh,2021-22,utilized,2472100000.00,247.21,crore,,"Rajya Sabha Unstarred Question No. 3253, 'Funds Received by NGOs from Abroad', answered 29.03.2023 (MoS Home, Shri Nityanand Rai)",https://www.mha.gov.in/MHA1/Par2017/pdfs/par2023-pdfs/RS29032023/3253.pdf,Annexure-II: Statewise Utilisation of foreign contribution during 2021-22 (Rs in Crore),2026-09-23,"Utilized can exceed received: it includes opening balances / prior-year funds per FC-4 annual returns. Annexure-I: state-wise FC RECEIVED (Rs Cr). Annexure-II: state-wise FC UTILIZED (Rs Cr). Based on Annual Returns submitted as on 22.03.2023. Annexure-III: cancellations 2020 to 22.03.2023 (state counts, not amounts)."
Jammu & Kashmir,2021-22,utilized,556800000.00,55.68,crore,,"Rajya Sabha Unstarred Question No. 3253, 'Funds Received by NGOs from Abroad', answered 29.03.2023 (MoS Home, Shri Nityanand Rai)",https://www.mha.gov.in/MHA1/Par2017/pdfs/par2023-pdfs/RS29032023/3253.pdf,Annexure-II: Statewise Utilisation of foreign contribution during 2021-22 (Rs in Crore),2026-09-23,"Utilized can exceed received: it includes opening balances / prior-year funds per FC-4 annual returns. Annexure-I: state-wise FC RECEIVED (Rs Cr). Annexure-II: state-wise FC UTILIZED (Rs Cr). Based on Annual Returns submitted as on 22.03.2023. Annexure-III: cancellations 2020 to 22.03.2023 (state counts, not amounts)."
Jharkhand,2021-22,utilized,4718300000.00,471.83,crore,,"Rajya Sabha Unstarred Question No. 3253, 'Funds Received by NGOs from Abroad', answered 29.03.2023 (MoS Home, Shri Nityanand Rai)",https://www.mha.gov.in/MHA1/Par2017/pdfs/par2023-pdfs/RS29032023/3253.pdf,Annexure-II: Statewise Utilisation of foreign contribution during 2021-22 (Rs in Crore),2026-09-23,"Utilized can exceed received: it includes opening balances / prior-year funds per FC-4 annual returns. Annexure-I: state-wise FC RECEIVED (Rs Cr). Annexure-II: state-wise FC UTILIZED (Rs Cr). Based on Annual Returns submitted as on 22.03.2023. Annexure-III: cancellations 2020 to 22.03.2023 (state counts, not amounts)."
Karnataka,2021-22,utilized,42279900000.00,4227.99,crore,,"Rajya Sabha Unstarred Question No. 3253, 'Funds Received by NGOs from Abroad', answered 29.03.2023 (MoS Home, Shri Nityanand Rai)",https://www.mha.gov.in/MHA1/Par2017/pdfs/par2023-pdfs/RS29032023/3253.pdf,Annexure-II: Statewise Utilisation of foreign contribution during 2021-22 (Rs in Crore),2026-09-23,"Utilized can exceed received: it includes opening balances / prior-year funds per FC-4 annual returns. Annexure-I: state-wise FC RECEIVED (Rs Cr). Annexure-II: state-wise FC UTILIZED (Rs Cr). Based on Annual Returns submitted as on 22.03.2023. Annexure-III: cancellations 2020 to 22.03.2023 (state counts, not amounts)."
Kerala,2021-22,utilized,3960300000.00,396.03,crore,,"Rajya Sabha Unstarred Question No. 3253, 'Funds Received by NGOs from Abroad', answered 29.03.2023 (MoS Home, Shri Nityanand Rai)",https://www.mha.gov.in/MHA1/Par2017/pdfs/par2023-pdfs/RS29032023/3253.pdf,Annexure-II: Statewise Utilisation of foreign contribution during 2021-22 (Rs in Crore),2026-09-23,"Utilized can exceed received: it includes opening balances / prior-year funds per FC-4 annual returns. Annexure-I: state-wise FC RECEIVED (Rs Cr). Annexure-II: state-wise FC UTILIZED (Rs Cr). Based on Annual Returns submitted as on 22.03.2023. Annexure-III: cancellations 2020 to 22.03.2023 (state counts, not amounts)."
Madhya Pradesh,2021-22,utilized,3600600000.00,360.06,crore,,"Rajya Sabha Unstarred Question No. 3253, 'Funds Received by NGOs from Abroad', answered 29.03.2023 (MoS Home, Shri Nityanand Rai)",https://www.mha.gov.in/MHA1/Par2017/pdfs/par2023-pdfs/RS29032023/3253.pdf,Annexure-II: Statewise Utilisation of foreign contribution during 2021-22 (Rs in Crore),2026-09-23,"Utilized can exceed received: it includes opening balances / prior-year funds per FC-4 annual returns. Annexure-I: state-wise FC RECEIVED (Rs Cr). Annexure-II: state-wise FC UTILIZED (Rs Cr). Based on Annual Returns submitted as on 22.03.2023. Annexure-III: cancellations 2020 to 22.03.2023 (state counts, not amounts)."
Maharashtra,2021-22,utilized,25362100000.00,2536.21,crore,,"Rajya Sabha Unstarred Question No. 3253, 'Funds Received by NGOs from Abroad', answered 29.03.2023 (MoS Home, Shri Nityanand Rai)",https://www.mha.gov.in/MHA1/Par2017/pdfs/par2023-pdfs/RS29032023/3253.pdf,Annexure-II: Statewise Utilisation of foreign contribution during 2021-22 (Rs in Crore),2026-09-23,"Utilized can exceed received: it includes opening balances / prior-year funds per FC-4 annual returns. Annexure-I: state-wise FC RECEIVED (Rs Cr). Annexure-II: state-wise FC UTILIZED (Rs Cr). Based on Annual Returns submitted as on 22.03.2023. Annexure-III: cancellations 2020 to 22.03.2023 (state counts, not amounts)."
Manipur,2021-22,utilized,580900000.00,58.09,crore,,"Rajya Sabha Unstarred Question No. 3253, 'Funds Received by NGOs from Abroad', answered 29.03.2023 (MoS Home, Shri Nityanand Rai)",https://www.mha.gov.in/MHA1/Par2017/pdfs/par2023-pdfs/RS29032023/3253.pdf,Annexure-II: Statewise Utilisation of foreign contribution during 2021-22 (Rs in Crore),2026-09-23,"Utilized can exceed received: it includes opening balances / prior-year funds per FC-4 annual returns. Annexure-I: state-wise FC RECEIVED (Rs Cr). Annexure-II: state-wise FC UTILIZED (Rs Cr). Based on Annual Returns submitted as on 22.03.2023. Annexure-III: cancellations 2020 to 22.03.2023 (state counts, not amounts)."
Meghalaya,2021-22,utilized,831400000.00,83.14,crore,,"Rajya Sabha Unstarred Question No. 3253, 'Funds Received by NGOs from Abroad', answered 29.03.2023 (MoS Home, Shri Nityanand Rai)",https://www.mha.gov.in/MHA1/Par2017/pdfs/par2023-pdfs/RS29032023/3253.pdf,Annexure-II: Statewise Utilisation of foreign contribution during 2021-22 (Rs in Crore),2026-09-23,"Utilized can exceed received: it includes opening balances / prior-year funds per FC-4 annual returns. Annexure-I: state-wise FC RECEIVED (Rs Cr). Annexure-II: state-wise FC UTILIZED (Rs Cr). Based on Annual Returns submitted as on 22.03.2023. Annexure-III: cancellations 2020 to 22.03.2023 (state counts, not amounts)."
Mizoram,2021-22,utilized,145700000.00,14.57,crore,,"Rajya Sabha Unstarred Question No. 3253, 'Funds Received by NGOs from Abroad', answered 29.03.2023 (MoS Home, Shri Nityanand Rai)",https://www.mha.gov.in/MHA1/Par2017/pdfs/par2023-pdfs/RS29032023/3253.pdf,Annexure-II: Statewise Utilisation of foreign contribution during 2021-22 (Rs in Crore),2026-09-23,"Utilized can exceed received: it includes opening balances / prior-year funds per FC-4 annual returns. Annexure-I: state-wise FC RECEIVED (Rs Cr). Annexure-II: state-wise FC UTILIZED (Rs Cr). Based on Annual Returns submitted as on 22.03.2023. Annexure-III: cancellations 2020 to 22.03.2023 (state counts, not amounts)."
Nagaland,2021-22,utilized,629100000.00,62.91,crore,,"Rajya Sabha Unstarred Question No. 3253, 'Funds Received by NGOs from Abroad', answered 29.03.2023 (MoS Home, Shri Nityanand Rai)",https://www.mha.gov.in/MHA1/Par2017/pdfs/par2023-pdfs/RS29032023/3253.pdf,Annexure-II: Statewise Utilisation of foreign contribution during 2021-22 (Rs in Crore),2026-09-23,"Utilized can exceed received: it includes opening balances / prior-year funds per FC-4 annual returns. Annexure-I: state-wise FC RECEIVED (Rs Cr). Annexure-II: state-wise FC UTILIZED (Rs Cr). Based on Annual Returns submitted as on 22.03.2023. Annexure-III: cancellations 2020 to 22.03.2023 (state counts, not amounts)."
Orissa,2021-22,utilized,3408000000.00,340.80,crore,,"Rajya Sabha Unstarred Question No. 3253, 'Funds Received by NGOs from Abroad', answered 29.03.2023 (MoS Home, Shri Nityanand Rai)",https://www.mha.gov.in/MHA1/Par2017/pdfs/par2023-pdfs/RS29032023/3253.pdf,Annexure-II: Statewise Utilisation of foreign contribution during 2021-22 (Rs in Crore),2026-09-23,"Utilized can exceed received: it includes opening balances / prior-year funds per FC-4 annual returns. Annexure-I: state-wise FC RECEIVED (Rs Cr). Annexure-II: state-wise FC UTILIZED (Rs Cr). Based on Annual Returns submitted as on 22.03.2023. Annexure-III: cancellations 2020 to 22.03.2023 (state counts, not amounts)."
Pondicherry,2021-22,utilized,304500000.00,30.45,crore,,"Rajya Sabha Unstarred Question No. 3253, 'Funds Received by NGOs from Abroad', answered 29.03.2023 (MoS Home, Shri Nityanand Rai)",https://www.mha.gov.in/MHA1/Par2017/pdfs/par2023-pdfs/RS29032023/3253.pdf,Annexure-II: Statewise Utilisation of foreign contribution during 2021-22 (Rs in Crore),2026-09-23,"Utilized can exceed received: it includes opening balances / prior-year funds per FC-4 annual returns. Annexure-I: state-wise FC RECEIVED (Rs Cr). Annexure-II: state-wise FC UTILIZED (Rs Cr). Based on Annual Returns submitted as on 22.03.2023. Annexure-III: cancellations 2020 to 22.03.2023 (state counts, not amounts)."
Punjab,2021-22,utilized,2056400000.00,205.64,crore,,"Rajya Sabha Unstarred Question No. 3253, 'Funds Received by NGOs from Abroad', answered 29.03.2023 (MoS Home, Shri Nityanand Rai)",https://www.mha.gov.in/MHA1/Par2017/pdfs/par2023-pdfs/RS29032023/3253.pdf,Annexure-II: Statewise Utilisation of foreign contribution during 2021-22 (Rs in Crore),2026-09-23,"Utilized can exceed received: it includes opening balances / prior-year funds per FC-4 annual returns. Annexure-I: state-wise FC RECEIVED (Rs Cr). Annexure-II: state-wise FC UTILIZED (Rs Cr). Based on Annual Returns submitted as on 22.03.2023. Annexure-III: cancellations 2020 to 22.03.2023 (state counts, not amounts)."
Rajasthan,2021-22,utilized,10356100000.00,1035.61,crore,,"Rajya Sabha Unstarred Question No. 3253, 'Funds Received by NGOs from Abroad', answered 29.03.2023 (MoS Home, Shri Nityanand Rai)",https://www.mha.gov.in/MHA1/Par2017/pdfs/par2023-pdfs/RS29032023/3253.pdf,Annexure-II: Statewise Utilisation of foreign contribution during 2021-22 (Rs in Crore),2026-09-23,"Utilized can exceed received: it includes opening balances / prior-year funds per FC-4 annual returns. Annexure-I: state-wise FC RECEIVED (Rs Cr). Annexure-II: state-wise FC UTILIZED (Rs Cr). Based on Annual Returns submitted as on 22.03.2023. Annexure-III: cancellations 2020 to 22.03.2023 (state counts, not amounts)."
Sikkim,2021-22,utilized,82700000.00,8.27,crore,,"Rajya Sabha Unstarred Question No. 3253, 'Funds Received by NGOs from Abroad', answered 29.03.2023 (MoS Home, Shri Nityanand Rai)",https://www.mha.gov.in/MHA1/Par2017/pdfs/par2023-pdfs/RS29032023/3253.pdf,Annexure-II: Statewise Utilisation of foreign contribution during 2021-22 (Rs in Crore),2026-09-23,"Utilized can exceed received: it includes opening balances / prior-year funds per FC-4 annual returns. Annexure-I: state-wise FC RECEIVED (Rs Cr). Annexure-II: state-wise FC UTILIZED (Rs Cr). Based on Annual Returns submitted as on 22.03.2023. Annexure-III: cancellations 2020 to 22.03.2023 (state counts, not amounts)."
Tamil Nadu,2021-22,utilized,26473900000.00,2647.39,crore,,"Rajya Sabha Unstarred Question No. 3253, 'Funds Received by NGOs from Abroad', answered 29.03.2023 (MoS Home, Shri Nityanand Rai)",https://www.mha.gov.in/MHA1/Par2017/pdfs/par2023-pdfs/RS29032023/3253.pdf,Annexure-II: Statewise Utilisation of foreign contribution during 2021-22 (Rs in Crore),2026-09-23,"Utilized can exceed received: it includes opening balances / prior-year funds per FC-4 annual returns. Annexure-I: state-wise FC RECEIVED (Rs Cr). Annexure-II: state-wise FC UTILIZED (Rs Cr). Based on Annual Returns submitted as on 22.03.2023. Annexure-III: cancellations 2020 to 22.03.2023 (state counts, not amounts)."
Telangana,2021-22,utilized,12147700000.00,1214.77,crore,,"Rajya Sabha Unstarred Question No. 3253, 'Funds Received by NGOs from Abroad', answered 29.03.2023 (MoS Home, Shri Nityanand Rai)",https://www.mha.gov.in/MHA1/Par2017/pdfs/par2023-pdfs/RS29032023/3253.pdf,Annexure-II: Statewise Utilisation of foreign contribution during 2021-22 (Rs in Crore),2026-09-23,"Utilized can exceed received: it includes opening balances / prior-year funds per FC-4 annual returns. Annexure-I: state-wise FC RECEIVED (Rs Cr). Annexure-II: state-wise FC UTILIZED (Rs Cr). Based on Annual Returns submitted as on 22.03.2023. Annexure-III: cancellations 2020 to 22.03.2023 (state counts, not amounts)."
Tripura,2021-22,utilized,187700000.00,18.77,crore,,"Rajya Sabha Unstarred Question No. 3253, 'Funds Received by NGOs from Abroad', answered 29.03.2023 (MoS Home, Shri Nityanand Rai)",https://www.mha.gov.in/MHA1/Par2017/pdfs/par2023-pdfs/RS29032023/3253.pdf,Annexure-II: Statewise Utilisation of foreign contribution during 2021-22 (Rs in Crore),2026-09-23,"Utilized can exceed received: it includes opening balances / prior-year funds per FC-4 annual returns. Annexure-I: state-wise FC RECEIVED (Rs Cr). Annexure-II: state-wise FC UTILIZED (Rs Cr). Based on Annual Returns submitted as on 22.03.2023. Annexure-III: cancellations 2020 to 22.03.2023 (state counts, not amounts)."
Uttar Pradesh,2021-22,utilized,5044200000.00,504.42,crore,,"Rajya Sabha Unstarred Question No. 3253, 'Funds Received by NGOs from Abroad', answered 29.03.2023 (MoS Home, Shri Nityanand Rai)",https://www.mha.gov.in/MHA1/Par2017/pdfs/par2023-pdfs/RS29032023/3253.pdf,Annexure-II: Statewise Utilisation of foreign contribution during 2021-22 (Rs in Crore),2026-09-23,"Utilized can exceed received: it includes opening balances / prior-year funds per FC-4 annual returns. Annexure-I: state-wise FC RECEIVED (Rs Cr). Annexure-II: state-wise FC UTILIZED (Rs Cr). Based on Annual Returns submitted as on 22.03.2023. Annexure-III: cancellations 2020 to 22.03.2023 (state counts, not amounts)."
Uttarakhand,2021-22,utilized,1704600000.00,170.46,crore,,"Rajya Sabha Unstarred Question No. 3253, 'Funds Received by NGOs from Abroad', answered 29.03.2023 (MoS Home, Shri Nityanand Rai)",https://www.mha.gov.in/MHA1/Par2017/pdfs/par2023-pdfs/RS29032023/3253.pdf,Annexure-II: Statewise Utilisation of foreign contribution during 2021-22 (Rs in Crore),2026-09-23,"Utilized can exceed received: it includes opening balances / prior-year funds per FC-4 annual returns. Annexure-I: state-wise FC RECEIVED (Rs Cr). Annexure-II: state-wise FC UTILIZED (Rs Cr). Based on Annual Returns submitted as on 22.03.2023. Annexure-III: cancellations 2020 to 22.03.2023 (state counts, not amounts)."
West Bengal,2021-22,utilized,12936400000.00,1293.64,crore,,"Rajya Sabha Unstarred Question No. 3253, 'Funds Received by NGOs from Abroad', answered 29.03.2023 (MoS Home, Shri Nityanand Rai)",https://www.mha.gov.in/MHA1/Par2017/pdfs/par2023-pdfs/RS29032023/3253.pdf,Annexure-II: Statewise Utilisation of foreign contribution during 2021-22 (Rs in Crore),2026-09-23,"Utilized can exceed received: it includes opening balances / prior-year funds per FC-4 annual returns. Annexure-I: state-wise FC RECEIVED (Rs Cr). Annexure-II: state-wise FC UTILIZED (Rs Cr). Based on Annual Returns submitted as on 22.03.2023. Annexure-III: cancellations 2020 to 22.03.2023 (state counts, not amounts)."
Delhi,2024-25,received,58340000000.00,5834,crore,,"The Hindu BusinessLine, 'FCRA registered NGOs down by half in last 10 years; contribution rises from Rs 17,832 cr to Rs 22,974 cr', published 19.09.2026 (MHA briefing to the Joint Parliamentary Committee on the FCRA Amendment Bill)",https://www.thehindubusinessline.com/news/fcra-registered-ngos-down-by-half-in-last-10-years-contribution-rises-from-17832-cr-to-22974-cr/article71483639.ece/amp/,"Article text: 'Rs 5,834 crore in Delhi, Rs 3,164 crore in Karnataka, Rs 2,385 crore in Maharashtra and Rs 2,313 crore in Tamil Nadu'",2026-09-23,Secondary reporting of an MHA briefing to the JPC; not an official published table. Press report of an official MHA briefing (Home Secretary Govind Mohan to JPC). Figures are as reported by the outlet.
Karnataka,2024-25,received,31640000000.00,3164,crore,,"The Hindu BusinessLine, 'FCRA registered NGOs down by half in last 10 years; contribution rises from Rs 17,832 cr to Rs 22,974 cr', published 19.09.2026 (MHA briefing to the Joint Parliamentary Committee on the FCRA Amendment Bill)",https://www.thehindubusinessline.com/news/fcra-registered-ngos-down-by-half-in-last-10-years-contribution-rises-from-17832-cr-to-22974-cr/article71483639.ece/amp/,"Article text: 'Rs 5,834 crore in Delhi, Rs 3,164 crore in Karnataka, Rs 2,385 crore in Maharashtra and Rs 2,313 crore in Tamil Nadu'",2026-09-23,Secondary reporting of an MHA briefing to the JPC; not an official published table. Press report of an official MHA briefing (Home Secretary Govind Mohan to JPC). Figures are as reported by the outlet.
Maharashtra,2024-25,received,23850000000.00,2385,crore,,"The Hindu BusinessLine, 'FCRA registered NGOs down by half in last 10 years; contribution rises from Rs 17,832 cr to Rs 22,974 cr', published 19.09.2026 (MHA briefing to the Joint Parliamentary Committee on the FCRA Amendment Bill)",https://www.thehindubusinessline.com/news/fcra-registered-ngos-down-by-half-in-last-10-years-contribution-rises-from-17832-cr-to-22974-cr/article71483639.ece/amp/,"Article text: 'Rs 5,834 crore in Delhi, Rs 3,164 crore in Karnataka, Rs 2,385 crore in Maharashtra and Rs 2,313 crore in Tamil Nadu'",2026-09-23,Secondary reporting of an MHA briefing to the JPC; not an official published table. Press report of an official MHA briefing (Home Secretary Govind Mohan to JPC). Figures are as reported by the outlet.
Tamil Nadu,2024-25,received,23130000000.00,2313,crore,,"The Hindu BusinessLine, 'FCRA registered NGOs down by half in last 10 years; contribution rises from Rs 17,832 cr to Rs 22,974 cr', published 19.09.2026 (MHA briefing to the Joint Parliamentary Committee on the FCRA Amendment Bill)",https://www.thehindubusinessline.com/news/fcra-registered-ngos-down-by-half-in-last-10-years-contribution-rises-from-17832-cr-to-22974-cr/article71483639.ece/amp/,"Article text: 'Rs 5,834 crore in Delhi, Rs 3,164 crore in Karnataka, Rs 2,385 crore in Maharashtra and Rs 2,313 crore in Tamil Nadu'",2026-09-23,Secondary reporting of an MHA briefing to the JPC; not an official published table. Press report of an official MHA briefing (Home Secretary Govind Mohan to JPC). Figures are as reported by the outlet.
Tamil Nadu,2024-25,active_ngos,,,,2102,"The Hindu BusinessLine, 'FCRA registered NGOs down by half in last 10 years; contribution rises from Rs 17,832 cr to Rs 22,974 cr', published 19.09.2026 (MHA briefing to the Joint Parliamentary Committee on the FCRA Amendment Bill)",https://www.thehindubusinessline.com/news/fcra-registered-ngos-down-by-half-in-last-10-years-contribution-rises-from-17832-cr-to-22974-cr/article71483639.ece/amp/,Article text: state-wise active FCRA-registered NGOs,2026-09-23,"Count of active FCRA-registered NGOs, not a receipt figure. Press report of an official MHA briefing (Home Secretary Govind Mohan to JPC). Figures are as reported by the outlet."
Maharashtra,2024-25,active_ngos,,,,1578,"The Hindu BusinessLine, 'FCRA registered NGOs down by half in last 10 years; contribution rises from Rs 17,832 cr to Rs 22,974 cr', published 19.09.2026 (MHA briefing to the Joint Parliamentary Committee on the FCRA Amendment Bill)",https://www.thehindubusinessline.com/news/fcra-registered-ngos-down-by-half-in-last-10-years-contribution-rises-from-17832-cr-to-22974-cr/article71483639.ece/amp/,Article text: state-wise active FCRA-registered NGOs,2026-09-23,"Count of active FCRA-registered NGOs, not a receipt figure. Press report of an official MHA briefing (Home Secretary Govind Mohan to JPC). Figures are as reported by the outlet."
Karnataka,2024-25,active_ngos,,,,1355,"The Hindu BusinessLine, 'FCRA registered NGOs down by half in last 10 years; contribution rises from Rs 17,832 cr to Rs 22,974 cr', published 19.09.2026 (MHA briefing to the Joint Parliamentary Committee on the FCRA Amendment Bill)",https://www.thehindubusinessline.com/news/fcra-registered-ngos-down-by-half-in-last-10-years-contribution-rises-from-17832-cr-to-22974-cr/article71483639.ece/amp/,Article text: state-wise active FCRA-registered NGOs,2026-09-23,"Count of active FCRA-registered NGOs, not a receipt figure. Press report of an official MHA briefing (Home Secretary Govind Mohan to JPC). Figures are as reported by the outlet."
Delhi,2024-25,active_ngos,,,,1218,"The Hindu BusinessLine, 'FCRA registered NGOs down by half in last 10 years; contribution rises from Rs 17,832 cr to Rs 22,974 cr', published 19.09.2026 (MHA briefing to the Joint Parliamentary Committee on the FCRA Amendment Bill)",https://www.thehindubusinessline.com/news/fcra-registered-ngos-down-by-half-in-last-10-years-contribution-rises-from-17832-cr-to-22974-cr/article71483639.ece/amp/,Article text: state-wise active FCRA-registered NGOs,2026-09-23,"Count of active FCRA-registered NGOs, not a receipt figure. Press report of an official MHA briefing (Home Secretary Govind Mohan to JPC). Figures are as reported by the outlet."
Andhra Pradesh,2024-25,active_ngos,,,,1022,"The Hindu BusinessLine, 'FCRA registered NGOs down by half in last 10 years; contribution rises from Rs 17,832 cr to Rs 22,974 cr', published 19.09.2026 (MHA briefing to the Joint Parliamentary Committee on the FCRA Amendment Bill)",https://www.thehindubusinessline.com/news/fcra-registered-ngos-down-by-half-in-last-10-years-contribution-rises-from-17832-cr-to-22974-cr/article71483639.ece/amp/,Article text: state-wise active FCRA-registered NGOs,2026-09-23,"Count of active FCRA-registered NGOs, not a receipt figure. Press report of an official MHA briefing (Home Secretary Govind Mohan to JPC). Figures are as reported by the outlet."
Kerala,2024-25,active_ngos,,,,1013,"The Hindu BusinessLine, 'FCRA registered NGOs down by half in last 10 years; contribution rises from Rs 17,832 cr to Rs 22,974 cr', published 19.09.2026 (MHA briefing to the Joint Parliamentary Committee on the FCRA Amendment Bill)",https://www.thehindubusinessline.com/news/fcra-registered-ngos-down-by-half-in-last-10-years-contribution-rises-from-17832-cr-to-22974-cr/article71483639.ece/amp/,Article text: state-wise active FCRA-registered NGOs,2026-09-23,"Count of active FCRA-registered NGOs, not a receipt figure. Press report of an official MHA briefing (Home Secretary Govind Mohan to JPC). Figures are as reported by the outlet."
ALL-INDIA,2015-16,received,178320000000.00,17832,crore,,"The Hindu BusinessLine, 'FCRA registered NGOs down by half in last 10 years; contribution rises from Rs 17,832 cr to Rs 22,974 cr', published 19.09.2026 (MHA briefing to the Joint Parliamentary Committee on the FCRA Amendment Bill)",https://www.thehindubusinessline.com/news/fcra-registered-ngos-down-by-half-in-last-10-years-contribution-rises-from-17832-cr-to-22974-cr/article71483639.ece/amp/,Article text,2026-09-23,"Secondary reporting of MHA briefing. MHA: 29,022 active FCRA NGOs in 2015. Press report of an official MHA briefing (Home Secretary Govind Mohan to JPC). Figures are as reported by the outlet."
ALL-INDIA,2015-16,active_ngos,,,,29022,"The Hindu BusinessLine, 'FCRA registered NGOs down by half in last 10 years; contribution rises from Rs 17,832 cr to Rs 22,974 cr', published 19.09.2026 (MHA briefing to the Joint Parliamentary Committee on the FCRA Amendment Bill)",https://www.thehindubusinessline.com/news/fcra-registered-ngos-down-by-half-in-last-10-years-contribution-rises-from-17832-cr-to-22974-cr/article71483639.ece/amp/,Article text,2026-09-23,"Secondary reporting of MHA briefing. MHA: 29,022 active FCRA NGOs in 2015. Press report of an official MHA briefing (Home Secretary Govind Mohan to JPC). Figures are as reported by the outlet."
ALL-INDIA,2024-25,received,229740000000.00,22974,crore,,"The Hindu BusinessLine, 'FCRA registered NGOs down by half in last 10 years; contribution rises from Rs 17,832 cr to Rs 22,974 cr', published 19.09.2026 (MHA briefing to the Joint Parliamentary Committee on the FCRA Amendment Bill)",https://www.thehindubusinessline.com/news/fcra-registered-ngos-down-by-half-in-last-10-years-contribution-rises-from-17832-cr-to-22974-cr/article71483639.ece/amp/,Article text,2026-09-23,"Secondary reporting of MHA briefing. MHA JPC briefing: 14,466 'FCRA registered active NGOs across 15 states'; total FC received Rs 22,974 crore. Press report of an official MHA briefing (Home Secretary Govind Mohan to JPC). Figures are as reported by the outlet."
ALL-INDIA,2024-25,active_ngos,,,,14466,"The Hindu BusinessLine, 'FCRA registered NGOs down by half in last 10 years; contribution rises from Rs 17,832 cr to Rs 22,974 cr', published 19.09.2026 (MHA briefing to the Joint Parliamentary Committee on the FCRA Amendment Bill)",https://www.thehindubusinessline.com/news/fcra-registered-ngos-down-by-half-in-last-10-years-contribution-rises-from-17832-cr-to-22974-cr/article71483639.ece/amp/,Article text,2026-09-23,"Secondary reporting of MHA briefing. MHA JPC briefing: 14,466 'FCRA registered active NGOs across 15 states'; total FC received Rs 22,974 crore. Press report of an official MHA briefing (Home Secretary Govind Mohan to JPC). Figures are as reported by the outlet."
ALL-INDIA,2024-25,received,229630000000.00,22963,crore,16200,"PIB Backgrounder 'Transparency, Sovereignty and Democratic Accountability' (FCRA), posted 22.07.2026 by PIB Delhi",https://www.pib.gov.in/PressReleasePage.aspx?PRID=2287897&reg=48&lang=1,"Backgrounder: 'Around 16,200 actively registered associations received around Rs 22,963 crore ... in 2024-25'",2026-09-23,"Official PIB figure. Differs slightly from BusinessLine's Rs 22,974 crore (MHA JPC briefing) -- kept as separate per-source rows, not reconciled. Official PIB backgrounder. National 2024-25 figures differ slightly from the BusinessLine JPC-briefing figures; both kept as separate per-source rows."
